{
  "capital": 6802.642309151955,
  "started": "2026-03-16T18:22:43.099450+00:00",
  "trades": 43,
  "wins": 27
}