{
  "capital": 7241.686812975492,
  "started": "2026-03-16T18:22:43.099450+00:00",
  "trades": 48,
  "wins": 30
}