{
  "capital": 8278.514872398355,
  "started": "2026-03-16T18:22:43.099450+00:00",
  "trades": 72,
  "wins": 48
}