{
  "capital": 6480.00736371994,
  "started": "2026-03-16T18:22:43.099450+00:00",
  "trades": 44,
  "wins": 28
}