{
  "capital": 8145.922130628806,
  "started": "2026-03-16T18:22:43.099450+00:00",
  "trades": 1,
  "wins": 1
}