{
  "timestamp": "2026-03-19T10:08:24.552015+00:00",
  "coins": {
    "AAVE": {
      "funding_rate": 1.25e-05,
      "funding_pct": 0.00125,
      "annualized_pct": 1.4,
      "open_interest": 183956.12,
      "mark_price": 115.19,
      "volume_24h": 5259451.84,
      "classification": "neutral",
      "velocity": 0.0,
      "velocity_direction": "stable",
      "is_reversal": false,
      "prev_rate": 0.00125,
      "rate_history": [
        0.001029,
        0.001039,
        0.001219,
        0.00125,
        0.00125
      ]
    },
    "ADA": {
      "funding_rate": 2.27e-08,
      "funding_pct": 2e-06,
      "annualized_pct": 0.0,
      "open_interest": 58540006.0,
      "mark_price": 0.27147,
      "volume_24h": 6349436.92,
      "classification": "neutral",
      "velocity": 0.000207,
      "velocity_direction": "normalizing",
      "is_reversal": true,
      "prev_rate": -0.000205,
      "rate_history": [
        -0.000841,
        0.00077,
        -0.000462,
        -0.000205,
        2e-06
      ]
    },
    "APT": {
      "funding_rate": -5.78312e-05,
      "funding_pct": -0.005783,
      "annualized_pct": -6.3,
      "open_interest": 6911497.76,
      "mark_price": 0.9707,
      "volume_24h": 2286521.07,
      "classification": "elevated",
      "velocity": -0.000307,
      "velocity_direction": "intensifying",
      "is_reversal": false,
      "prev_rate": -0.005476,
      "rate_history": [
        -0.005029,
        -0.006393,
        -0.005358,
        -0.005476,
        -0.005783
      ]
    },
    "ARB": {
      "funding_rate": -2.74438e-05,
      "funding_pct": -0.002744,
      "annualized_pct": -3.0,
      "open_interest": 35824962.6,
      "mark_price": 0.10114,
      "volume_24h": 1481633.23,
      "classification": "neutral",
      "velocity": 0.000189,
      "velocity_direction": "normalizing",
      "is_reversal": false,
      "prev_rate": -0.002933,
      "rate_history": [
        -0.003198,
        -0.002632,
        -0.003144,
        -0.002933,
        -0.002744
      ]
    },
    "AVAX": {
      "funding_rate": 1.25e-05,
      "funding_pct": 0.00125,
      "annualized_pct": 1.4,
      "open_interest": 4285074.72,
      "mark_price": 9.6084,
      "volume_24h": 9122242.77,
      "classification": "neutral",
      "velocity": 0.0,
      "velocity_direction": "stable",
      "is_reversal": false,
      "prev_rate": 0.00125,
      "rate_history": [
        0.00125,
        0.00125,
        0.00125,
        0.00125,
        0.00125
      ]
    },
    "BCH": {
      "funding_rate": 1.25e-05,
      "funding_pct": 0.00125,
      "annualized_pct": 1.4,
      "open_interest": 42186.6,
      "mark_price": 459.92,
      "volume_24h": 4703918.8,
      "classification": "neutral",
      "velocity": 0.0,
      "velocity_direction": "stable",
      "is_reversal": false,
      "prev_rate": 0.00125,
      "rate_history": [
        0.00125,
        0.00125,
        0.00125,
        0.00125,
        0.00125
      ]
    },
    "BNB": {
      "funding_rate": 8.3563e-06,
      "funding_pct": 0.000836,
      "annualized_pct": 0.9,
      "open_interest": 37649.9,
      "mark_price": 647.72,
      "volume_24h": 10038097.66,
      "classification": "neutral",
      "velocity": -9e-05,
      "velocity_direction": "stable",
      "is_reversal": false,
      "prev_rate": 0.000926,
      "rate_history": [
        0.00021,
        0.001049,
        0.000769,
        0.000926,
        0.000836
      ]
    },
    "BTC": {
      "funding_rate": -1.2541e-05,
      "funding_pct": -0.001254,
      "annualized_pct": -1.4,
      "open_interest": 27675.19,
      "mark_price": 70425.0,
      "volume_24h": 3331704335.49,
      "classification": "neutral",
      "velocity": -4e-06,
      "velocity_direction": "stable",
      "is_reversal": false,
      "prev_rate": -0.00125,
      "rate_history": [
        -0.001555,
        -0.001656,
        -0.001296,
        -0.00125,
        -0.001254
      ]
    },
    "CRV": {
      "funding_rate": 1.25e-05,
      "funding_pct": 0.00125,
      "annualized_pct": 1.4,
      "open_interest": 26362849.6,
      "mark_price": 0.23851,
      "volume_24h": 3080469.32,
      "classification": "neutral",
      "velocity": 0.0,
      "velocity_direction": "stable",
      "is_reversal": false,
      "prev_rate": 0.00125,
      "rate_history": [
        0.00125,
        0.00125,
        0.00125,
        0.00125,
        0.00125
      ]
    },
    "DOGE": {
      "funding_rate": 2.7957e-06,
      "funding_pct": 0.00028,
      "annualized_pct": 0.3,
      "open_interest": 202574778.0,
      "mark_price": 0.094852,
      "volume_24h": 10947181.64,
      "classification": "neutral",
      "velocity": -0.000151,
      "velocity_direction": "normalizing",
      "is_reversal": false,
      "prev_rate": 0.000431,
      "rate_history": [
        -0.000303,
        0.000782,
        0.000212,
        0.000431,
        0.00028
      ]
    },
    "DOT": {
      "funding_rate": 1.25e-05,
      "funding_pct": 0.00125,
      "annualized_pct": 1.4,
      "open_interest": 5402845.0,
      "mark_price": 1.5445,
      "volume_24h": 1753313.85,
      "classification": "neutral",
      "velocity": 0.0,
      "velocity_direction": "stable",
      "is_reversal": false,
      "prev_rate": 0.00125,
      "rate_history": [
        0.00044,
        0.00125,
        0.001079,
        0.00125,
        0.00125
      ]
    },
    "ENA": {
      "funding_rate": -5.3953e-05,
      "funding_pct": -0.005395,
      "annualized_pct": -5.9,
      "open_interest": 147451164.0,
      "mark_price": 0.10444,
      "volume_24h": 7084247.5,
      "classification": "elevated",
      "velocity": -3.4e-05,
      "velocity_direction": "stable",
      "is_reversal": false,
      "prev_rate": -0.005361,
      "rate_history": [
        -0.003125,
        -0.003675,
        -0.005693,
        -0.005361,
        -0.005395
      ]
    },
    "ETH": {
      "funding_rate": 1.7494e-06,
      "funding_pct": 0.000175,
      "annualized_pct": 0.2,
      "open_interest": 584884.31,
      "mark_price": 2186.1,
      "volume_24h": 1928973769.53,
      "classification": "neutral",
      "velocity": -0.000788,
      "velocity_direction": "normalizing",
      "is_reversal": false,
      "prev_rate": 0.000963,
      "rate_history": [
        0.000569,
        0.00125,
        0.001,
        0.000963,
        0.000175
      ]
    },
    "FARTCOIN": {
      "funding_rate": 1.25e-05,
      "funding_pct": 0.00125,
      "annualized_pct": 1.4,
      "open_interest": 230924245.6,
      "mark_price": 0.19402,
      "volume_24h": 72094359.96,
      "classification": "neutral",
      "velocity": 0.0,
      "velocity_direction": "stable",
      "is_reversal": false,
      "prev_rate": 0.00125,
      "rate_history": [
        -0.000823,
        0.00125,
        0.00125,
        0.00125,
        0.00125
      ]
    },
    "HYPE": {
      "funding_rate": 1.25e-05,
      "funding_pct": 0.00125,
      "annualized_pct": 1.4,
      "open_interest": 20368788.2,
      "mark_price": 39.943,
      "volume_24h": 665736430.18,
      "classification": "neutral",
      "velocity": 0.0,
      "velocity_direction": "stable",
      "is_reversal": false,
      "prev_rate": 0.00125,
      "rate_history": [
        0.00125,
        0.00125,
        0.00125,
        0.00125,
        0.00125
      ]
    },
    "INJ": {
      "funding_rate": 1.25e-05,
      "funding_pct": 0.00125,
      "annualized_pct": 1.4,
      "open_interest": 540596.4,
      "mark_price": 3.028,
      "volume_24h": 607555.01,
      "classification": "neutral",
      "velocity": 0.0,
      "velocity_direction": "stable",
      "is_reversal": false,
      "prev_rate": 0.00125,
      "rate_history": [
        -0.001172,
        -0.000232,
        0.00125,
        0.00125,
        0.00125
      ]
    },
    "JUP": {
      "funding_rate": -1.24076e-05,
      "funding_pct": -0.001241,
      "annualized_pct": -1.4,
      "open_interest": 30042686.0,