{
  "timestamp": "2026-03-18T12:49:02.590787+00:00",
  "coins": {
    "AAVE": {
      "funding_rate": 3.9057e-06,
      "funding_pct": 0.000391,
      "annualized_pct": 0.4,
      "open_interest": 179415.44,
      "mark_price": 115.14,
      "volume_24h": 3430361.37,
      "classification": "neutral",
      "velocity": 0.000215,
      "velocity_direction": "intensifying",
      "is_reversal": false,
      "prev_rate": 0.000176,
      "rate_history": [
        -0.000115,
        1e-05,
        0.000176,
        0.000391
      ]
    },
    "ADA": {
      "funding_rate": -7.2992e-06,
      "funding_pct": -0.00073,
      "annualized_pct": -0.8,
      "open_interest": 67793544.0,
      "mark_price": 0.27538,
      "volume_24h": 9341314.88,
      "classification": "neutral",
      "velocity": -3.3e-05,
      "velocity_direction": "stable",
      "is_reversal": false,
      "prev_rate": -0.000697,
      "rate_history": [
        -0.000817,
        -0.000706,
        -0.000697,
        -0.00073
      ]
    },
    "APT": {
      "funding_rate": -1.72425e-05,
      "funding_pct": -0.001724,
      "annualized_pct": -1.9,
      "open_interest": 7151496.02,
      "mark_price": 0.9693,
      "volume_24h": 1344190.87,
      "classification": "neutral",
      "velocity": 7.8e-05,
      "velocity_direction": "stable",
      "is_reversal": false,
      "prev_rate": -0.001802,
      "rate_history": [
        -0.002096,
        -0.001886,
        -0.001802,
        -0.001724
      ]
    },
    "ARB": {
      "funding_rate": -2.18193e-05,
      "funding_pct": -0.002182,
      "annualized_pct": -2.4,
      "open_interest": 36059701.8,
      "mark_price": 0.10298,
      "volume_24h": 955765.98,
      "classification": "neutral",
      "velocity": 7e-06,
      "velocity_direction": "stable",
      "is_reversal": false,
      "prev_rate": -0.002189,
      "rate_history": [
        -0.001874,
        -0.001738,
        -0.001973,
        -0.001998,
        -0.002189,
        -0.002182
      ]
    },
    "AVAX": {
      "funding_rate": 1.25e-05,
      "funding_pct": 0.00125,
      "annualized_pct": 1.4,
      "open_interest": 4061624.66,
      "mark_price": 9.7801,
      "volume_24h": 6032453.14,
      "classification": "neutral",
      "velocity": 0.0,
      "velocity_direction": "stable",
      "is_reversal": false,
      "prev_rate": 0.00125,
      "rate_history": [
        0.00125,
        0.00125,
        0.00125,
        0.00125,
        0.00125,
        0.00125
      ]
    },
    "BCH": {
      "funding_rate": 1.25e-05,
      "funding_pct": 0.00125,
      "annualized_pct": 1.4,
      "open_interest": 42391.51,
      "mark_price": 456.28,
      "volume_24h": 3969824.79,
      "classification": "neutral",
      "velocity": 0.0,
      "velocity_direction": "stable",
      "is_reversal": false,
      "prev_rate": 0.00125,
      "rate_history": [
        0.00125,
        0.00125,
        0.00125,
        0.00125
      ]
    },
    "BNB": {
      "funding_rate": -1.5944e-05,
      "funding_pct": -0.001594,
      "annualized_pct": -1.7,
      "open_interest": 41282.48,
      "mark_price": 656.27,
      "volume_24h": 5964460.82,
      "classification": "neutral",
      "velocity": 0.000108,
      "velocity_direction": "normalizing",
      "is_reversal": false,
      "prev_rate": -0.001702,
      "rate_history": [
        -0.002161,
        -0.001911,
        -0.001702,
        -0.001594
      ]
    },
    "BTC": {
      "funding_rate": -3.1094e-06,
      "funding_pct": -0.000311,
      "annualized_pct": -0.3,
      "open_interest": 25971.7,
      "mark_price": 72274.0,
      "volume_24h": 2326842463.85,
      "classification": "neutral",
      "velocity": 8e-06,
      "velocity_direction": "stable",
      "is_reversal": false,
      "prev_rate": -0.000319,
      "rate_history": [
        -0.000636,
        -0.000469,
        -0.000457,
        -0.000411,
        -0.000319,
        -0.000311
      ]
    },
    "CRV": {
      "funding_rate": 1.25e-05,
      "funding_pct": 0.00125,
      "annualized_pct": 1.4,
      "open_interest": 27200376.2,
      "mark_price": 0.24313,
      "volume_24h": 3419472.37,
      "classification": "neutral",
      "velocity": 0.0,
      "velocity_direction": "stable",
      "is_reversal": false,
      "prev_rate": 0.00125,
      "rate_history": [
        0.00125,
        0.00125,
        0.00125,
        0.00125
      ]
    },
    "DOGE": {
      "funding_rate": -1.26304e-05,
      "funding_pct": -0.001263,
      "annualized_pct": -1.4,
      "open_interest": 212941172.0,
      "mark_price": 0.095755,
      "volume_24h": 9260204.48,
      "classification": "neutral",
      "velocity": -0.000127,
      "velocity_direction": "intensifying",
      "is_reversal": false,
      "prev_rate": -0.001136,
      "rate_history": [
        -0.000659,
        -0.000623,
        -0.000734,
        -0.000968,
        -0.001136,
        -0.001263
      ]
    },
    "DOT": {
      "funding_rate": 1.25e-05,
      "funding_pct": 0.00125,
      "annualized_pct": 1.4,
      "open_interest": 5816346.8,
      "mark_price": 1.5807,
      "volume_24h": 1117600.46,
      "classification": "neutral",
      "velocity": 0.0,
      "velocity_direction": "stable",
      "is_reversal": false,
      "prev_rate": 0.00125,
      "rate_history": [
        0.00125,
        0.00125,
        0.00125,
        0.00125
      ]
    },
    "ENA": {
      "funding_rate": 1.25e-05,
      "funding_pct": 0.00125,
      "annualized_pct": 1.4,
      "open_interest": 162251340.0,
      "mark_price": 0.10987,
      "volume_24h": 6725384.02,
      "classification": "neutral",
      "velocity": 0.0,
      "velocity_direction": "stable",
      "is_reversal": false,
      "prev_rate": 0.00125,
      "rate_history": [
        0.00125,
        0.00125,
        0.00125,
        0.00125
      ]
    },
    "ETH": {
      "funding_rate": 8.861e-06,
      "funding_pct": 0.000886,
      "annualized_pct": 1.0,
      "open_interest": 570936.79,
      "mark_price": 2236.0,
      "volume_24h": 1128346130.19,
      "classification": "neutral",
      "velocity": 3.8e-05,
      "velocity_direction": "stable",
      "is_reversal": false,
      "prev_rate": 0.000848,
      "rate_history": [
        0.000642,
        0.000644,
        0.000746,
        0.00081,
        0.000848,
        0.000886
      ]
    },
    "FARTCOIN": {
      "funding_rate": 1.25e-05,
      "funding_pct": 0.00125,
      "annualized_pct": 1.4,
      "open_interest": 227730430.6,
      "mark_price": 0.19781,
      "volume_24h": 48308438.16,
      "classification": "neutral",
      "velocity": 0.0,
      "velocity_direction": "stable",
      "is_reversal": false,
      "prev_rate": 0.00125,
      "rate_history": [
        0.00125,
        0.00125,
        0.00125,
        0.00125
      ]
    },
    "HYPE": {
      "funding_rate": 1.25e-05,
      "funding_pct": 0.00125,
      "annualized_pct": 1.4,
      "open_interest": 19243387.22,
      "mark_price": 40.324,
      "volume_24h": 322461688.7,
      "classification": "neutral",
      "velocity": 0.0,
      "velocity_direction": "stable",
      "is_reversal": false,
      "prev_rate": 0.00125,
      "rate_history": [
        0.00125,
        0.00125,
        0.00125,
        0.00125
      ]
    },
    "INJ": {
      "funding_rate": -2.11896e-05,
      "funding_pct": -0.002119,
      "annualized_pct": -2.3,
      "open_interest": 543070.6,
      "mark_price": 3.108,
      "volume_24h": 479147.56,
      "classification": "neutral",
      "velocity": 0.000496,
      "velocity_direction": "normalizing",
      "is_reversal": false,
      "prev_rate": -0.002615,
      "rate_history": [
        -0.002602,
        -0.00363,
        -0.003179,
        -0.002834,
        -0.002615,
        -0.002119
      ]
    },
    "JUP": {
      "funding_rate": 1.25e-05,
      "funding_pct": 0.00125,
      "annualized_pct": 1.4,
      "open_interest": 29963048.0,
      "mark_price": 0.16281,
      "volume_24h": 1464678.99,