{
  "timestamp": "2026-03-18T16:35:36.174603+00:00",
  "coins": {
    "AAVE": {
      "funding_rate": 1.25e-05,
      "funding_pct": 0.00125,
      "annualized_pct": 1.4,
      "open_interest": 183110.24,
      "mark_price": 112.96,
      "volume_24h": 4456208.61,
      "classification": "neutral",
      "velocity": 0.0,
      "velocity_direction": "stable",
      "is_reversal": false,
      "prev_rate": 0.00125,
      "rate_history": [
        0.00125,
        0.00125,
        0.00125,
        0.00125,
        0.00125
      ]
    },
    "ADA": {
      "funding_rate": -1.9668e-05,
      "funding_pct": -0.001967,
      "annualized_pct": -2.2,
      "open_interest": 65562860.0,
      "mark_price": 0.26975,
      "volume_24h": 7848355.95,
      "classification": "neutral",
      "velocity": -2.5e-05,
      "velocity_direction": "stable",
      "is_reversal": false,
      "prev_rate": -0.001942,
      "rate_history": [
        -0.001964,
        -0.001944,
        -0.001905,
        -0.001942,
        -0.001967
      ]
    },
    "APT": {
      "funding_rate": -5.5291e-06,
      "funding_pct": -0.000553,
      "annualized_pct": -0.6,
      "open_interest": 7011220.9,
      "mark_price": 0.9433,
      "volume_24h": 1679476.11,
      "classification": "neutral",
      "velocity": 4.4e-05,
      "velocity_direction": "stable",
      "is_reversal": false,
      "prev_rate": -0.000597,
      "rate_history": [
        -0.001113,
        -0.000835,
        -0.000718,
        -0.000597,
        -0.000553
      ]
    },
    "ARB": {
      "funding_rate": 2.4547e-06,
      "funding_pct": 0.000245,
      "annualized_pct": 0.3,
      "open_interest": 35884717.4,
      "mark_price": 0.10059,
      "volume_24h": 1020497.15,
      "classification": "neutral",
      "velocity": -1e-05,
      "velocity_direction": "stable",
      "is_reversal": false,
      "prev_rate": 0.000255,
      "rate_history": [
        8e-05,
        0.000254,
        0.00029,
        0.000255,
        0.000245
      ]
    },
    "AVAX": {
      "funding_rate": 1.25e-05,
      "funding_pct": 0.00125,
      "annualized_pct": 1.4,
      "open_interest": 4033600.36,
      "mark_price": 9.486,
      "volume_24h": 6775807.75,
      "classification": "neutral",
      "velocity": 0.0,
      "velocity_direction": "stable",
      "is_reversal": false,
      "prev_rate": 0.00125,
      "rate_history": [
        0.00125,
        0.00125,
        0.00125,
        0.00125,
        0.00125
      ]
    },
    "BCH": {
      "funding_rate": 1.25e-05,
      "funding_pct": 0.00125,
      "annualized_pct": 1.4,
      "open_interest": 42398.65,
      "mark_price": 446.48,
      "volume_24h": 4297776.26,
      "classification": "neutral",
      "velocity": 0.0,
      "velocity_direction": "stable",
      "is_reversal": false,
      "prev_rate": 0.00125,
      "rate_history": [
        0.00125,
        0.00125,
        0.00125,
        0.00125,
        0.00125
      ]
    },
    "BNB": {
      "funding_rate": -4.2608e-06,
      "funding_pct": -0.000426,
      "annualized_pct": -0.5,
      "open_interest": 40003.54,
      "mark_price": 646.91,
      "volume_24h": 8324555.47,
      "classification": "neutral",
      "velocity": -5.5e-05,
      "velocity_direction": "stable",
      "is_reversal": false,
      "prev_rate": -0.000371,
      "rate_history": [
        -0.000234,
        -0.000246,
        -0.000325,
        -0.000371,
        -0.000426
      ]
    },
    "BTC": {
      "funding_rate": 1.25e-05,
      "funding_pct": 0.00125,
      "annualized_pct": 1.4,
      "open_interest": 26758.18,
      "mark_price": 71019.0,
      "volume_24h": 2541801140.83,
      "classification": "neutral",
      "velocity": 0.0,
      "velocity_direction": "stable",
      "is_reversal": false,
      "prev_rate": 0.00125,
      "rate_history": [
        0.00125,
        0.00125,
        0.00125,
        0.00125,
        0.00125
      ]
    },
    "CRV": {
      "funding_rate": 1.25e-05,
      "funding_pct": 0.00125,
      "annualized_pct": 1.4,
      "open_interest": 26862648.4,
      "mark_price": 0.23809,
      "volume_24h": 3910330.81,
      "classification": "neutral",
      "velocity": 0.0,
      "velocity_direction": "stable",
      "is_reversal": false,
      "prev_rate": 0.00125,
      "rate_history": [
        0.00125,
        0.00125,
        0.00125,
        0.00125,
        0.00125
      ]
    },
    "DOGE": {
      "funding_rate": -2.18197e-05,
      "funding_pct": -0.002182,
      "annualized_pct": -2.4,
      "open_interest": 205821750.0,
      "mark_price": 0.0935,
      "volume_24h": 10255440.93,
      "classification": "neutral",
      "velocity": -6.2e-05,
      "velocity_direction": "stable",
      "is_reversal": false,
      "prev_rate": -0.00212,
      "rate_history": [
        -0.001877,
        -0.00196,
        -0.002041,
        -0.00212,
        -0.002182
      ]
    },
    "DOT": {
      "funding_rate": 4.782e-07,
      "funding_pct": 4.8e-05,
      "annualized_pct": 0.1,
      "open_interest": 5625658.8,
      "mark_price": 1.5497,
      "volume_24h": 1473830.65,
      "classification": "neutral",
      "velocity": -3.8e-05,
      "velocity_direction": "stable",
      "is_reversal": false,
      "prev_rate": 8.6e-05,
      "rate_history": [
        0.000272,
        0.000205,
        0.00026,
        8.6e-05,
        4.8e-05
      ]
    },
    "ENA": {
      "funding_rate": -6.3498e-06,
      "funding_pct": -0.000635,
      "annualized_pct": -0.7,
      "open_interest": 150732072.0,
      "mark_price": 0.10697,
      "volume_24h": 7999082.52,
      "classification": "neutral",
      "velocity": 8.1e-05,
      "velocity_direction": "stable",
      "is_reversal": false,
      "prev_rate": -0.000716,
      "rate_history": [
        -0.001019,
        -0.000863,
        -0.000815,
        -0.000716,
        -0.000635
      ]
    },
    "ETH": {
      "funding_rate": 1.25e-05,
      "funding_pct": 0.00125,
      "annualized_pct": 1.4,
      "open_interest": 584382.06,
      "mark_price": 2168.4,
      "volume_24h": 1396467275.84,
      "classification": "neutral",
      "velocity": 0.0,
      "velocity_direction": "stable",
      "is_reversal": false,
      "prev_rate": 0.00125,
      "rate_history": [
        0.00125,
        0.00125,
        0.00125,
        0.00125,
        0.00125
      ]
    },
    "FARTCOIN": {
      "funding_rate": 1.25e-05,
      "funding_pct": 0.00125,
      "annualized_pct": 1.4,
      "open_interest": 241299332.2,
      "mark_price": 0.20252,
      "volume_24h": 54020666.22,
      "classification": "neutral",
      "velocity": 0.0,
      "velocity_direction": "stable",
      "is_reversal": false,
      "prev_rate": 0.00125,
      "rate_history": [
        0.00125,
        0.00125,
        0.00125,
        0.00125,
        0.00125
      ]
    },
    "HYPE": {
      "funding_rate": 1.25e-05,
      "funding_pct": 0.00125,
      "annualized_pct": 1.4,
      "open_interest": 19756158.24,
      "mark_price": 41.637,
      "volume_24h": 477946999.69,
      "classification": "neutral",
      "velocity": 0.0,
      "velocity_direction": "stable",
      "is_reversal": false,
      "prev_rate": 0.00125,
      "rate_history": [
        0.00125,
        0.00125,
        0.00125,
        0.00125,
        0.00125
      ]
    },
    "INJ": {
      "funding_rate": -5.4933e-06,
      "funding_pct": -0.000549,
      "annualized_pct": -0.6,
      "open_interest": 509710.8,
      "mark_price": 3.0375,
      "volume_24h": 610678.13,
      "classification": "neutral",
      "velocity": -0.000121,
      "velocity_direction": "intensifying",
      "is_reversal": false,
      "prev_rate": -0.000428,
      "rate_history": [
        -0.000411,
        -0.000237,
        -0.000208,
        -0.000428,
        -0.000549
      ]
    },
    "JUP": {
      "funding_rate": 1.25e-05,
      "funding_pct": 0.00125,
      "annualized_pct": 1.4,
      "open_interest": 29447728.0,
      "mark_price": 0.16094,