{
  "timestamp": "2026-03-18T11:06:43.504184+00:00",
  "coins": {
    "ARB": {
      "funding_rate": 1.25e-05,
      "funding_pct": 0.00125,
      "annualized_pct": 1.4,
      "open_interest": 37014996.2,
      "mark_price": 0.10718,
      "volume_24h": 805698.51,
      "classification": "neutral",
      "velocity": 0.0,
      "velocity_direction": "stable",
      "is_reversal": false,
      "prev_rate": 0.00125,
      "rate_history": [
        0.00125,
        0.00097,
        0.000911,
        0.000937,
        0.00125,
        0.00125
      ]
    },
    "AVAX": {
      "funding_rate": 1.25e-05,
      "funding_pct": 0.00125,
      "annualized_pct": 1.4,
      "open_interest": 4085608.26,
      "mark_price": 10.195,
      "volume_24h": 4951491.77,
      "classification": "neutral",
      "velocity": 0.0,
      "velocity_direction": "stable",
      "is_reversal": false,
      "prev_rate": 0.00125,
      "rate_history": [
        0.00125,
        0.00125,
        0.00125,
        0.00125,
        0.00125,
        0.00125
      ]
    },
    "BTC": {
      "funding_rate": 2.9836e-06,
      "funding_pct": 0.000298,
      "annualized_pct": 0.3,
      "open_interest": 26106.42,
      "mark_price": 73721.0,
      "volume_24h": 2097835137.57,
      "classification": "neutral",
      "velocity": -0.000516,
      "velocity_direction": "normalizing",
      "is_reversal": false,
      "prev_rate": 0.000814,
      "rate_history": [
        0.000413,
        0.000352,
        0.000388,
        0.000385,
        0.000814,
        0.000298
      ]
    },
    "DOGE": {
      "funding_rate": -2.90228e-05,
      "funding_pct": -0.002902,
      "annualized_pct": -3.2,
      "open_interest": 219280830.0,
      "mark_price": 0.098685,
      "volume_24h": 7665798.72,
      "classification": "neutral",
      "velocity": 6.3e-05,
      "velocity_direction": "stable",
      "is_reversal": false,
      "prev_rate": -0.002965,
      "rate_history": [
        -0.002795,
        -0.002774,
        -0.002816,
        -0.002838,
        -0.002965,
        -0.002902
      ]
    },
    "ETH": {
      "funding_rate": 3.0467e-06,
      "funding_pct": 0.000305,
      "annualized_pct": 0.3,
      "open_interest": 550540.85,
      "mark_price": 2303.9,
      "volume_24h": 867022547.43,
      "classification": "neutral",
      "velocity": 0.000492,
      "velocity_direction": "intensifying",
      "is_reversal": true,
      "prev_rate": -0.000187,
      "rate_history": [
        0.001078,
        0.000958,
        0.000862,
        0.000757,
        -0.000187,
        0.000305
      ]
    },
    "INJ": {
      "funding_rate": 1.25e-05,
      "funding_pct": 0.00125,
      "annualized_pct": 1.4,
      "open_interest": 553461.8,
      "mark_price": 3.1958,
      "volume_24h": 413573.76,
      "classification": "neutral",
      "velocity": 0.0,
      "velocity_direction": "stable",
      "is_reversal": false,
      "prev_rate": 0.00125,
      "rate_history": [
        0.00125,
        0.00125,
        0.00125,
        0.00125,
        0.00125,
        0.00125
      ]
    },
    "LINK": {
      "funding_rate": 1.25e-05,
      "funding_pct": 0.00125,
      "annualized_pct": 1.4,
      "open_interest": 2868692.0,
      "mark_price": 9.727,
      "volume_24h": 7603945.37,
      "classification": "neutral",
      "velocity": 0.0,
      "velocity_direction": "stable",
      "is_reversal": false,
      "prev_rate": 0.00125,
      "rate_history": [
        0.00125,
        0.00125,
        0.00125,
        0.00125,
        0.00125,
        0.00125
      ]
    },
    "NEAR": {
      "funding_rate": 1.25e-05,
      "funding_pct": 0.00125,
      "annualized_pct": 1.4,
      "open_interest": 11104584.4,
      "mark_price": 1.4478,
      "volume_24h": 4577659.04,
      "classification": "neutral",
      "velocity": 0.0,
      "velocity_direction": "stable",
      "is_reversal": false,
      "prev_rate": 0.00125,
      "rate_history": [
        0.00125,
        0.00125,
        0.00125,
        0.00125,
        0.00125,
        0.00125
      ]
    },
    "SOL": {
      "funding_rate": -3.07025e-05,
      "funding_pct": -0.00307,
      "annualized_pct": -3.4,
      "open_interest": 3402491.94,
      "mark_price": 93.435,
      "volume_24h": 216579821.26,
      "classification": "neutral",
      "velocity": -0.000332,
      "velocity_direction": "intensifying",
      "is_reversal": false,
      "prev_rate": -0.002738,
      "rate_history": [
        -0.001048,
        -0.001082,
        -0.001257,
        -0.001311,
        -0.002738,
        -0.00307
      ]
    },
    "SUI": {
      "funding_rate": 1.25e-05,
      "funding_pct": 0.00125,
      "annualized_pct": 1.4,
      "open_interest": 31609298.8,
      "mark_price": 1.0209,
      "volume_24h": 10350224.24,
      "classification": "neutral",
      "velocity": 0.0,
      "velocity_direction": "stable",
      "is_reversal": false,
      "prev_rate": 0.00125,
      "rate_history": [
        0.00125,
        0.00125,
        0.00125,
        0.00125,
        0.00125,
        0.00125
      ]
    }
  },
  "convergence_signals": [],
  "extreme_funding": [],
  "reversals": [
    {
      "coin": "ETH",
      "from_rate": -0.000187,
      "to_rate": 0.000305,
      "velocity": 0.000492,
      "direction": "intensifying"
    }
  ]
}