{
  "timestamp": "2026-03-19T11:22:09.779054+00:00",
  "coins": {
    "AAVE": {
      "funding_rate": 1.25e-05,
      "funding_pct": 0.00125,
      "annualized_pct": 1.4,
      "open_interest": 184180.46,
      "mark_price": 115.01,
      "volume_24h": 5123590.84,
      "classification": "neutral",
      "velocity": 0.0,
      "velocity_direction": "stable",
      "is_reversal": false,
      "prev_rate": 0.00125,
      "rate_history": [
        0.001103,
        0.001203,
        0.00125,
        0.00125,
        0.00125
      ]
    },
    "ADA": {
      "funding_rate": -5.6983e-06,
      "funding_pct": -0.00057,
      "annualized_pct": -0.6,
      "open_interest": 58342836.0,
      "mark_price": 0.26945,
      "volume_24h": 6405423.04,
      "classification": "neutral",
      "velocity": 1e-06,
      "velocity_direction": "stable",
      "is_reversal": false,
      "prev_rate": -0.000571,
      "rate_history": [
        -0.000752,
        -0.000788,
        -0.000684,
        -0.000571,
        -0.00057
      ]
    },
    "APT": {
      "funding_rate": -7.0424e-06,
      "funding_pct": -0.000704,
      "annualized_pct": -0.8,
      "open_interest": 6900288.18,
      "mark_price": 0.9644,
      "volume_24h": 2290373.38,
      "classification": "neutral",
      "velocity": -0.000151,
      "velocity_direction": "intensifying",
      "is_reversal": false,
      "prev_rate": -0.000553,
      "rate_history": [
        -0.000916,
        -0.000714,
        -0.000719,
        -0.000553,
        -0.000704
      ]
    },
    "ARB": {
      "funding_rate": -9.9173e-06,
      "funding_pct": -0.000992,
      "annualized_pct": -1.1,
      "open_interest": 36254170.0,
      "mark_price": 0.10052,
      "volume_24h": 1504652.24,
      "classification": "neutral",
      "velocity": -0.000107,
      "velocity_direction": "intensifying",
      "is_reversal": false,
      "prev_rate": -0.000885,
      "rate_history": [
        -0.000529,
        -0.00055,
        -0.000644,
        -0.000885,
        -0.000992
      ]
    },
    "AVAX": {
      "funding_rate": 1.25e-05,
      "funding_pct": 0.00125,
      "annualized_pct": 1.4,
      "open_interest": 4277057.68,
      "mark_price": 9.5482,
      "volume_24h": 7766909.66,
      "classification": "neutral",
      "velocity": 0.0,
      "velocity_direction": "stable",
      "is_reversal": false,
      "prev_rate": 0.00125,
      "rate_history": [
        0.00125,
        0.00125,
        0.00125,
        0.00125,
        0.00125
      ]
    },
    "BCH": {
      "funding_rate": 1.25e-05,
      "funding_pct": 0.00125,
      "annualized_pct": 1.4,
      "open_interest": 42168.68,
      "mark_price": 457.38,
      "volume_24h": 4260248.32,
      "classification": "neutral",
      "velocity": 0.0,
      "velocity_direction": "stable",
      "is_reversal": false,
      "prev_rate": 0.00125,
      "rate_history": [
        0.00125,
        0.00125,
        0.00125,
        0.00125,
        0.00125
      ]
    },
    "BNB": {
      "funding_rate": 8.5665e-06,
      "funding_pct": 0.000857,
      "annualized_pct": 0.9,
      "open_interest": 37698.0,
      "mark_price": 645.24,
      "volume_24h": 9866231.41,
      "classification": "neutral",
      "velocity": -5.5e-05,
      "velocity_direction": "stable",
      "is_reversal": false,
      "prev_rate": 0.000912,
      "rate_history": [
        0.000964,
        0.001007,
        0.000977,
        0.000912,
        0.000857
      ]
    },
    "BTC": {
      "funding_rate": -1.31358e-05,
      "funding_pct": -0.001314,
      "annualized_pct": -1.4,
      "open_interest": 27779.7,
      "mark_price": 70175.0,
      "volume_24h": 3326501045.41,
      "classification": "neutral",
      "velocity": 7.4e-05,
      "velocity_direction": "stable",
      "is_reversal": false,
      "prev_rate": -0.001388,
      "rate_history": [
        -0.001642,
        -0.001558,
        -0.001483,
        -0.001388,
        -0.001314
      ]
    },
    "CRV": {
      "funding_rate": 1.25e-05,
      "funding_pct": 0.00125,
      "annualized_pct": 1.4,
      "open_interest": 26276106.0,
      "mark_price": 0.23766,
      "volume_24h": 3069248.57,
      "classification": "neutral",
      "velocity": 0.0,
      "velocity_direction": "stable",
      "is_reversal": false,
      "prev_rate": 0.00125,
      "rate_history": [
        0.00125,
        0.00125,
        0.00125,
        0.00125,
        0.00125
      ]
    },
    "DOGE": {
      "funding_rate": -5.7159e-06,
      "funding_pct": -0.000572,
      "annualized_pct": -0.6,
      "open_interest": 202027374.0,
      "mark_price": 0.094172,
      "volume_24h": 10204354.65,
      "classification": "neutral",
      "velocity": -3e-06,
      "velocity_direction": "stable",
      "is_reversal": false,
      "prev_rate": -0.000569,
      "rate_history": [
        -0.000521,
        -0.000599,
        -0.000669,
        -0.000569,
        -0.000572
      ]
    },
    "DOT": {
      "funding_rate": 1.25e-05,
      "funding_pct": 0.00125,
      "annualized_pct": 1.4,
      "open_interest": 5323980.0,
      "mark_price": 1.535,
      "volume_24h": 1824091.17,
      "classification": "neutral",
      "velocity": 0.0,
      "velocity_direction": "stable",
      "is_reversal": false,
      "prev_rate": 0.00125,
      "rate_history": [
        0.00125,
        0.00125,
        0.00125,
        0.00125,
        0.00125
      ]
    },
    "ENA": {
      "funding_rate": -4.70752e-05,
      "funding_pct": -0.004708,
      "annualized_pct": -5.2,
      "open_interest": 149342614.0,
      "mark_price": 0.10338,
      "volume_24h": 7147443.51,
      "classification": "neutral",
      "velocity": -0.000223,
      "velocity_direction": "intensifying",
      "is_reversal": false,
      "prev_rate": -0.004485,
      "rate_history": [
        -0.005349,
        -0.005069,
        -0.004505,
        -0.004485,
        -0.004708
      ]
    },
    "ETH": {
      "funding_rate": -1.5639e-06,
      "funding_pct": -0.000156,
      "annualized_pct": -0.2,
      "open_interest": 584875.54,
      "mark_price": 2173.5,
      "volume_24h": 1886422481.05,
      "classification": "neutral",
      "velocity": -4e-06,
      "velocity_direction": "stable",
      "is_reversal": false,
      "prev_rate": -0.000152,
      "rate_history": [
        -0.00022,
        -0.000151,
        -0.000198,
        -0.000152,
        -0.000156
      ]
    },
    "FARTCOIN": {
      "funding_rate": 1.25e-05,
      "funding_pct": 0.00125,
      "annualized_pct": 1.4,
      "open_interest": 234585133.0,
      "mark_price": 0.19482,
      "volume_24h": 72848329.32,
      "classification": "neutral",
      "velocity": 0.0,
      "velocity_direction": "stable",
      "is_reversal": false,
      "prev_rate": 0.00125,
      "rate_history": [
        0.00125,
        0.00125,
        0.00125,
        0.00125,
        0.00125
      ]
    },
    "HYPE": {
      "funding_rate": 1.25e-05,
      "funding_pct": 0.00125,
      "annualized_pct": 1.4,
      "open_interest": 20406895.02,
      "mark_price": 39.797,
      "volume_24h": 667334959.22,
      "classification": "neutral",
      "velocity": 0.0,
      "velocity_direction": "stable",
      "is_reversal": false,
      "prev_rate": 0.00125,
      "rate_history": [
        0.00125,
        0.00125,
        0.00125,
        0.00125,
        0.00125
      ]
    },
    "INJ": {
      "funding_rate": 5.3913e-06,
      "funding_pct": 0.000539,
      "annualized_pct": 0.6,
      "open_interest": 544235.6,
      "mark_price": 3.0106,
      "volume_24h": 552695.02,
      "classification": "neutral",
      "velocity": -0.000217,
      "velocity_direction": "normalizing",
      "is_reversal": false,
      "prev_rate": 0.000756,
      "rate_history": [
        0.00125,
        0.001193,
        0.000856,
        0.000756,
        0.000539
      ]
    },
    "JUP": {
      "funding_rate": -5.6596e-06,
      "funding_pct": -0.000566,
      "annualized_pct": -0.6,