{
  "timestamp": "2026-03-18T11:31:45.631190+00:00",
  "coins": {
    "ARB": {
      "funding_rate": 1.25e-05,
      "funding_pct": 0.00125,
      "annualized_pct": 1.4,
      "open_interest": 36573872.0,
      "mark_price": 0.10601,
      "volume_24h": 880723.95,
      "classification": "neutral",
      "velocity": 0.0,
      "velocity_direction": "stable",
      "is_reversal": false,
      "prev_rate": 0.00125,
      "rate_history": [
        0.00125,
        0.00125,
        0.00125,
        0.00125,
        0.00125,
        0.00125
      ]
    },
    "AVAX": {
      "funding_rate": 1.25e-05,
      "funding_pct": 0.00125,
      "annualized_pct": 1.4,
      "open_interest": 4082494.0,
      "mark_price": 10.101,
      "volume_24h": 5039645.55,
      "classification": "neutral",
      "velocity": 0.0,
      "velocity_direction": "stable",
      "is_reversal": false,
      "prev_rate": 0.00125,
      "rate_history": [
        0.00125,
        0.00125,
        0.00125,
        0.00125,
        0.00125,
        0.00125
      ]
    },
    "BTC": {
      "funding_rate": -2.7897e-06,
      "funding_pct": -0.000279,
      "annualized_pct": -0.3,
      "open_interest": 25876.43,
      "mark_price": 73160.0,
      "volume_24h": 2167929674.6,
      "classification": "neutral",
      "velocity": -0.000221,
      "velocity_direction": "intensifying",
      "is_reversal": false,
      "prev_rate": -5.8e-05,
      "rate_history": [
        0.000298,
        0.00042,
        0.000141,
        9.1e-05,
        -5.8e-05,
        -0.000279
      ]
    },
    "DOGE": {
      "funding_rate": -2.67445e-05,
      "funding_pct": -0.002674,
      "annualized_pct": -2.9,
      "open_interest": 219986638.0,
      "mark_price": 0.097575,
      "volume_24h": 8198223.77,
      "classification": "neutral",
      "velocity": 0.000101,
      "velocity_direction": "normalizing",
      "is_reversal": false,
      "prev_rate": -0.002775,
      "rate_history": [
        -0.002902,
        -0.003177,
        -0.003092,
        -0.002892,
        -0.002775,
        -0.002674
      ]
    },
    "ETH": {
      "funding_rate": 6.5837e-06,
      "funding_pct": 0.000658,
      "annualized_pct": 0.7,
      "open_interest": 546585.49,
      "mark_price": 2279.0,
      "volume_24h": 909293360.84,
      "classification": "neutral",
      "velocity": 4.6e-05,
      "velocity_direction": "stable",
      "is_reversal": false,
      "prev_rate": 0.000612,
      "rate_history": [
        0.000305,
        0.000692,
        0.00072,
        0.000634,
        0.000612,
        0.000658
      ]
    },
    "INJ": {
      "funding_rate": -3.6236e-06,
      "funding_pct": -0.000362,
      "annualized_pct": -0.4,
      "open_interest": 539694.4,
      "mark_price": 3.1685,
      "volume_24h": 463148.75,
      "classification": "neutral",
      "velocity": 0.000981,
      "velocity_direction": "normalizing",
      "is_reversal": false,
      "prev_rate": -0.001343,
      "rate_history": [
        0.00125,
        0.00125,
        0.00125,
        -8.5e-05,
        -0.001343,
        -0.000362
      ]
    },
    "LINK": {
      "funding_rate": 1.25e-05,
      "funding_pct": 0.00125,
      "annualized_pct": 1.4,
      "open_interest": 2835194.2,
      "mark_price": 9.6235,
      "volume_24h": 7980346.71,
      "classification": "neutral",
      "velocity": 0.0,
      "velocity_direction": "stable",
      "is_reversal": false,
      "prev_rate": 0.00125,
      "rate_history": [
        0.00125,
        0.00125,
        0.00125,
        0.00125,
        0.00125,
        0.00125
      ]
    },
    "NEAR": {
      "funding_rate": 1.25e-05,
      "funding_pct": 0.00125,
      "annualized_pct": 1.4,
      "open_interest": 11111868.2,
      "mark_price": 1.4395,
      "volume_24h": 4604759.96,
      "classification": "neutral",
      "velocity": 0.0,
      "velocity_direction": "stable",
      "is_reversal": false,
      "prev_rate": 0.00125,
      "rate_history": [
        0.00125,
        0.00125,
        0.00125,
        0.00125,
        0.00125,
        0.00125
      ]
    },
    "SOL": {
      "funding_rate": -2.62809e-05,
      "funding_pct": -0.002628,
      "annualized_pct": -2.9,
      "open_interest": 3408543.28,
      "mark_price": 92.715,
      "volume_24h": 223758173.53,
      "classification": "neutral",
      "velocity": 0.000135,
      "velocity_direction": "normalizing",
      "is_reversal": false,
      "prev_rate": -0.002763,
      "rate_history": [
        -0.00307,
        -0.003034,
        -0.003015,
        -0.002911,
        -0.002763,
        -0.002628
      ]
    },
    "SUI": {
      "funding_rate": 1.25e-05,
      "funding_pct": 0.00125,
      "annualized_pct": 1.4,
      "open_interest": 31452473.4,
      "mark_price": 1.0076,
      "volume_24h": 10482395.66,
      "classification": "neutral",
      "velocity": 0.0,
      "velocity_direction": "stable",
      "is_reversal": false,
      "prev_rate": 0.00125,
      "rate_history": [
        0.00125,
        0.00125,
        0.00125,
        0.00125,
        0.00125,
        0.00125
      ]
    }
  },
  "convergence_signals": [],
  "extreme_funding": [],
  "reversals": []
}