{
  "timestamp": "2026-03-18T11:51:47.762278+00:00",
  "coins": {
    "ARB": {
      "funding_rate": 1.17424e-05,
      "funding_pct": 0.001174,
      "annualized_pct": 1.3,
      "open_interest": 36329313.2,
      "mark_price": 0.10534,
      "volume_24h": 909860.6,
      "classification": "neutral",
      "velocity": -7.6e-05,
      "velocity_direction": "stable",
      "is_reversal": false,
      "prev_rate": 0.00125,
      "rate_history": [
        0.00125,
        0.00125,
        0.00125,
        0.00125,
        0.00125,
        0.001174
      ]
    },
    "AVAX": {
      "funding_rate": 1.25e-05,
      "funding_pct": 0.00125,
      "annualized_pct": 1.4,
      "open_interest": 4049892.7,
      "mark_price": 9.9971,
      "volume_24h": 5405970.02,
      "classification": "neutral",
      "velocity": 0.0,
      "velocity_direction": "stable",
      "is_reversal": false,
      "prev_rate": 0.00125,
      "rate_history": [
        0.00125,
        0.00125,
        0.00125,
        0.00125,
        0.00125,
        0.00125
      ]
    },
    "BTC": {
      "funding_rate": -3.8992e-06,
      "funding_pct": -0.00039,
      "annualized_pct": -0.4,
      "open_interest": 25939.03,
      "mark_price": 73078.0,
      "volume_24h": 2257807369.56,
      "classification": "neutral",
      "velocity": 8e-06,
      "velocity_direction": "stable",
      "is_reversal": false,
      "prev_rate": -0.000398,
      "rate_history": [
        -5.8e-05,
        -0.000279,
        -0.000201,
        -0.000376,
        -0.000398,
        -0.00039
      ]
    },
    "DOGE": {
      "funding_rate": -2.14355e-05,
      "funding_pct": -0.002144,
      "annualized_pct": -2.3,
      "open_interest": 214167316.0,
      "mark_price": 0.096831,
      "volume_24h": 8960643.5,
      "classification": "neutral",
      "velocity": 0.000197,
      "velocity_direction": "normalizing",
      "is_reversal": false,
      "prev_rate": -0.002341,
      "rate_history": [
        -0.002775,
        -0.002674,
        -0.002501,
        -0.002362,
        -0.002341,
        -0.002144
      ]
    },
    "ETH": {
      "funding_rate": 7.5681e-06,
      "funding_pct": 0.000757,
      "annualized_pct": 0.8,
      "open_interest": 553820.12,
      "mark_price": 2273.4,
      "volume_24h": 993302144.02,
      "classification": "neutral",
      "velocity": 0.000113,
      "velocity_direction": "intensifying",
      "is_reversal": false,
      "prev_rate": 0.000644,
      "rate_history": [
        0.000612,
        0.000658,
        0.000659,
        0.000519,
        0.000644,
        0.000757
      ]
    },
    "INJ": {
      "funding_rate": 7.0526e-06,
      "funding_pct": 0.000705,
      "annualized_pct": 0.8,
      "open_interest": 540604.8,
      "mark_price": 3.1555,
      "volume_24h": 464453.7,
      "classification": "neutral",
      "velocity": -2.5e-05,
      "velocity_direction": "stable",
      "is_reversal": false,
      "prev_rate": 0.00073,
      "rate_history": [
        -0.001343,
        -0.000362,
        0.000478,
        0.001064,
        0.00073,
        0.000705
      ]
    },
    "LINK": {
      "funding_rate": 1.25e-05,
      "funding_pct": 0.00125,
      "annualized_pct": 1.4,
      "open_interest": 2823542.2,
      "mark_price": 9.5754,
      "volume_24h": 8275462.03,
      "classification": "neutral",
      "velocity": 0.0,
      "velocity_direction": "stable",
      "is_reversal": false,
      "prev_rate": 0.00125,
      "rate_history": [
        0.00125,
        0.00125,
        0.00125,
        0.00125,
        0.00125,
        0.00125
      ]
    },
    "NEAR": {
      "funding_rate": 1.25e-05,
      "funding_pct": 0.00125,
      "annualized_pct": 1.4,
      "open_interest": 11123585.4,
      "mark_price": 1.4335,
      "volume_24h": 4629231.59,
      "classification": "neutral",
      "velocity": 0.0,
      "velocity_direction": "stable",
      "is_reversal": false,
      "prev_rate": 0.00125,
      "rate_history": [
        0.00125,
        0.00125,
        0.00125,
        0.00125,
        0.00125,
        0.00125
      ]
    },
    "SOL": {
      "funding_rate": -2.65866e-05,
      "funding_pct": -0.002659,
      "annualized_pct": -2.9,
      "open_interest": 3359339.7,
      "mark_price": 92.057,
      "volume_24h": 239452143.32,
      "classification": "neutral",
      "velocity": 4.1e-05,
      "velocity_direction": "stable",
      "is_reversal": false,
      "prev_rate": -0.0027,
      "rate_history": [
        -0.002763,
        -0.002628,
        -0.002539,
        -0.002571,
        -0.0027,
        -0.002659
      ]
    },
    "SUI": {
      "funding_rate": 1.25e-05,
      "funding_pct": 0.00125,
      "annualized_pct": 1.4,
      "open_interest": 31080015.0,
      "mark_price": 1.0037,
      "volume_24h": 10773308.57,
      "classification": "neutral",
      "velocity": 0.0,
      "velocity_direction": "stable",
      "is_reversal": false,
      "prev_rate": 0.00125,
      "rate_history": [
        0.00125,
        0.00125,
        0.00125,
        0.00125,
        0.00125,
        0.00125
      ]
    }
  },
  "convergence_signals": [],
  "extreme_funding": [],
  "reversals": []
}