{
  "timestamp": "2026-03-18T11:01:43.051312+00:00",
  "coins": {
    "ARB": {
      "funding_rate": 1.25e-05,
      "funding_pct": 0.00125,
      "annualized_pct": 1.4,
      "open_interest": 37000377.0,
      "mark_price": 0.10735,
      "volume_24h": 809981.89,
      "classification": "neutral",
      "velocity": 0.000313,
      "velocity_direction": "intensifying",
      "is_reversal": false,
      "prev_rate": 0.000937,
      "rate_history": [
        0.00125,
        0.00125,
        0.00097,
        0.000911,
        0.000937,
        0.00125
      ]
    },
    "AVAX": {
      "funding_rate": 1.25e-05,
      "funding_pct": 0.00125,
      "annualized_pct": 1.4,
      "open_interest": 4086035.66,
      "mark_price": 10.21,
      "volume_24h": 4953309.09,
      "classification": "neutral",
      "velocity": 0.0,
      "velocity_direction": "stable",
      "is_reversal": false,
      "prev_rate": 0.00125,
      "rate_history": [
        0.00125,
        0.00125,
        0.00125,
        0.00125,
        0.00125,
        0.00125
      ]
    },
    "BTC": {
      "funding_rate": 8.1436e-06,
      "funding_pct": 0.000814,
      "annualized_pct": 0.9,
      "open_interest": 26128.42,
      "mark_price": 73894.0,
      "volume_24h": 2105599468.61,
      "classification": "neutral",
      "velocity": 0.000429,
      "velocity_direction": "intensifying",
      "is_reversal": false,
      "prev_rate": 0.000385,
      "rate_history": [
        0.000476,
        0.000413,
        0.000352,
        0.000388,
        0.000385,
        0.000814
      ]
    },
    "DOGE": {
      "funding_rate": -2.965e-05,
      "funding_pct": -0.002965,
      "annualized_pct": -3.2,
      "open_interest": 219326876.0,
      "mark_price": 0.099042,
      "volume_24h": 7589073.03,
      "classification": "neutral",
      "velocity": -0.000127,
      "velocity_direction": "intensifying",
      "is_reversal": false,
      "prev_rate": -0.002838,
      "rate_history": [
        -0.002768,
        -0.002795,
        -0.002774,
        -0.002816,
        -0.002838,
        -0.002965
      ]
    },
    "ETH": {
      "funding_rate": -1.8682e-06,
      "funding_pct": -0.000187,
      "annualized_pct": -0.2,
      "open_interest": 550070.94,
      "mark_price": 2310.5,
      "volume_24h": 868756510.57,
      "classification": "neutral",
      "velocity": -0.000944,
      "velocity_direction": "normalizing",
      "is_reversal": true,
      "prev_rate": 0.000757,
      "rate_history": [
        0.001168,
        0.001078,
        0.000958,
        0.000862,
        0.000757,
        -0.000187
      ]
    },
    "INJ": {
      "funding_rate": 1.25e-05,
      "funding_pct": 0.00125,
      "annualized_pct": 1.4,
      "open_interest": 554323.8,
      "mark_price": 3.2059,
      "volume_24h": 413270.61,
      "classification": "neutral",
      "velocity": 0.0,
      "velocity_direction": "stable",
      "is_reversal": false,
      "prev_rate": 0.00125,
      "rate_history": [
        0.00125,
        0.00125,
        0.00125,
        0.00125,
        0.00125,
        0.00125
      ]
    },
    "LINK": {
      "funding_rate": 1.25e-05,
      "funding_pct": 0.00125,
      "annualized_pct": 1.4,
      "open_interest": 2869484.8,
      "mark_price": 9.752,
      "volume_24h": 7610702.96,
      "classification": "neutral",
      "velocity": 0.0,
      "velocity_direction": "stable",
      "is_reversal": false,
      "prev_rate": 0.00125,
      "rate_history": [
        0.00125,
        0.00125,
        0.00125,
        0.00125,
        0.00125,
        0.00125
      ]
    },
    "NEAR": {
      "funding_rate": 1.25e-05,
      "funding_pct": 0.00125,
      "annualized_pct": 1.4,
      "open_interest": 11103646.4,
      "mark_price": 1.4577,
      "volume_24h": 4610154.31,
      "classification": "neutral",
      "velocity": 0.0,
      "velocity_direction": "stable",
      "is_reversal": false,
      "prev_rate": 0.00125,
      "rate_history": [
        0.00125,
        0.00125,
        0.00125,
        0.00125,
        0.00125,
        0.00125
      ]
    },
    "SOL": {
      "funding_rate": -2.73773e-05,
      "funding_pct": -0.002738,
      "annualized_pct": -3.0,
      "open_interest": 3402724.9,
      "mark_price": 93.722,
      "volume_24h": 217012477.55,
      "classification": "neutral",
      "velocity": -0.001427,
      "velocity_direction": "intensifying",
      "is_reversal": false,
      "prev_rate": -0.001311,
      "rate_history": [
        -0.000952,
        -0.001048,
        -0.001082,
        -0.001257,
        -0.001311,
        -0.002738
      ]
    },
    "SUI": {
      "funding_rate": 1.25e-05,
      "funding_pct": 0.00125,
      "annualized_pct": 1.4,
      "open_interest": 31621047.4,
      "mark_price": 1.0239,
      "volume_24h": 10466603.63,
      "classification": "neutral",
      "velocity": 0.0,
      "velocity_direction": "stable",
      "is_reversal": false,
      "prev_rate": 0.00125,
      "rate_history": [
        0.00125,
        0.00125,
        0.00125,
        0.00125,
        0.00125,
        0.00125
      ]
    }
  },
  "convergence_signals": [],
  "extreme_funding": [],
  "reversals": [
    {
      "coin": "ETH",
      "from_rate": 0.000757,
      "to_rate": -0.000187,
      "velocity": -0.000944,
      "direction": "normalizing"
    }
  ]
}