{
  "timestamp": "2026-03-18T10:36:41.010121+00:00",
  "coins": {
    "ARB": {
      "funding_rate": 1.25e-05,
      "funding_pct": 0.00125,
      "annualized_pct": 1.4,
      "open_interest": 36996297.2,
      "mark_price": 0.10734,
      "volume_24h": 814449.59,
      "classification": "neutral",
      "velocity": 0.0,
      "velocity_direction": "stable",
      "is_reversal": false,
      "prev_rate": 0.00125,
      "rate_history": [
        0.00125,
        0.00125,
        0.00125,
        0.00125,
        0.00125,
        0.00125
      ]
    },
    "AVAX": {
      "funding_rate": 1.25e-05,
      "funding_pct": 0.00125,
      "annualized_pct": 1.4,
      "open_interest": 4087592.78,
      "mark_price": 10.229,
      "volume_24h": 4878752.85,
      "classification": "neutral",
      "velocity": 0.0,
      "velocity_direction": "stable",
      "is_reversal": false,
      "prev_rate": 0.00125,
      "rate_history": [
        0.00125,
        0.00125,
        0.00125,
        0.00125,
        0.00125,
        0.00125
      ]
    },
    "BTC": {
      "funding_rate": 4.758e-06,
      "funding_pct": 0.000476,
      "annualized_pct": 0.5,
      "open_interest": 26066.94,
      "mark_price": 73980.0,
      "volume_24h": 2083244289.18,
      "classification": "neutral",
      "velocity": -4.6e-05,
      "velocity_direction": "stable",
      "is_reversal": false,
      "prev_rate": 0.000522,
      "rate_history": [
        0.000611,
        0.000535,
        0.000513,
        0.000509,
        0.000522,
        0.000476
      ]
    },
    "DOGE": {
      "funding_rate": -2.76774e-05,
      "funding_pct": -0.002768,
      "annualized_pct": -3.0,
      "open_interest": 219010746.0,
      "mark_price": 0.0994,
      "volume_24h": 7333893.19,
      "classification": "neutral",
      "velocity": -6.5e-05,
      "velocity_direction": "stable",
      "is_reversal": false,
      "prev_rate": -0.002703,
      "rate_history": [
        -0.002031,
        -0.002175,
        -0.002352,
        -0.002568,
        -0.002703,
        -0.002768
      ]
    },
    "ETH": {
      "funding_rate": 1.16769e-05,
      "funding_pct": 0.001168,
      "annualized_pct": 1.3,
      "open_interest": 548211.69,
      "mark_price": 2322.1,
      "volume_24h": 851144457.29,
      "classification": "neutral",
      "velocity": -6.2e-05,
      "velocity_direction": "stable",
      "is_reversal": false,
      "prev_rate": 0.00123,
      "rate_history": [
        0.00125,
        0.00125,
        0.00125,
        0.001236,
        0.00123,
        0.001168
      ]
    },
    "INJ": {
      "funding_rate": 1.25e-05,
      "funding_pct": 0.00125,
      "annualized_pct": 1.4,
      "open_interest": 554347.0,
      "mark_price": 3.2134,
      "volume_24h": 412725.72,
      "classification": "neutral",
      "velocity": 0.0,
      "velocity_direction": "stable",
      "is_reversal": false,
      "prev_rate": 0.00125,
      "rate_history": [
        0.00125,
        0.00125,
        0.00125,
        0.00125,
        0.00125,
        0.00125
      ]
    },
    "LINK": {
      "funding_rate": 1.25e-05,
      "funding_pct": 0.00125,
      "annualized_pct": 1.4,
      "open_interest": 2846793.0,
      "mark_price": 9.7953,
      "volume_24h": 7437987.22,
      "classification": "neutral",
      "velocity": 0.0,
      "velocity_direction": "stable",
      "is_reversal": false,
      "prev_rate": 0.00125,
      "rate_history": [
        0.00125,
        0.00125,
        0.00125,
        0.00125,
        0.00125,
        0.00125
      ]
    },
    "NEAR": {
      "funding_rate": 1.25e-05,
      "funding_pct": 0.00125,
      "annualized_pct": 1.4,
      "open_interest": 11104714.0,
      "mark_price": 1.4521,
      "volume_24h": 4635066.0,
      "classification": "neutral",
      "velocity": 0.0,
      "velocity_direction": "stable",
      "is_reversal": false,
      "prev_rate": 0.00125,
      "rate_history": [
        0.00125,
        0.00125,
        0.00125,
        0.00125,
        0.00125,
        0.00125
      ]
    },
    "SOL": {
      "funding_rate": -9.5201e-06,
      "funding_pct": -0.000952,
      "annualized_pct": -1.0,
      "open_interest": 3379404.52,
      "mark_price": 94.005,
      "volume_24h": 213658823.12,
      "classification": "neutral",
      "velocity": -4.7e-05,
      "velocity_direction": "stable",
      "is_reversal": false,
      "prev_rate": -0.000905,
      "rate_history": [
        -0.00125,
        -0.00086,
        -0.000589,
        -0.000714,
        -0.000905,
        -0.000952
      ]
    },
    "SUI": {
      "funding_rate": 1.25e-05,
      "funding_pct": 0.00125,
      "annualized_pct": 1.4,
      "open_interest": 31726135.2,
      "mark_price": 1.0251,
      "volume_24h": 10338180.77,
      "classification": "neutral",
      "velocity": 0.0,
      "velocity_direction": "stable",
      "is_reversal": false,
      "prev_rate": 0.00125,
      "rate_history": [
        0.001221,
        0.00125,
        0.00125,
        0.00125,
        0.00125,
        0.00125
      ]
    }
  },
  "convergence_signals": [],
  "extreme_funding": [],
  "reversals": []
}