{
  "timestamp": "2026-03-18T12:29:28.832427+00:00",
  "coins": {
    "ARB": {
      "funding_rate": -1.73772e-05,
      "funding_pct": -0.001738,
      "annualized_pct": -1.9,
      "open_interest": 36264588.4,
      "mark_price": 0.10439,
      "volume_24h": 907593.21,
      "classification": "neutral",
      "velocity": 0.000136,
      "velocity_direction": "normalizing",
      "is_reversal": false,
      "prev_rate": -0.001874,
      "rate_history": [
        -0.001142,
        -0.0019,
        -0.00216,
        -0.002107,
        -0.001874,
        -0.001738
      ]
    },
    "AVAX": {
      "funding_rate": 1.25e-05,
      "funding_pct": 0.00125,
      "annualized_pct": 1.4,
      "open_interest": 4055446.54,
      "mark_price": 9.8788,
      "volume_24h": 5827984.75,
      "classification": "neutral",
      "velocity": 0.0,
      "velocity_direction": "stable",
      "is_reversal": false,
      "prev_rate": 0.00125,
      "rate_history": [
        0.00125,
        0.00125,
        0.00125,
        0.00125,
        0.00125,
        0.00125
      ]
    },
    "BTC": {
      "funding_rate": -4.6904e-06,
      "funding_pct": -0.000469,
      "annualized_pct": -0.5,
      "open_interest": 25994.73,
      "mark_price": 72819.0,
      "volume_24h": 2284631224.8,
      "classification": "neutral",
      "velocity": 0.000167,
      "velocity_direction": "normalizing",
      "is_reversal": false,
      "prev_rate": -0.000636,
      "rate_history": [
        -0.000612,
        -0.00078,
        -0.00071,
        -0.000682,
        -0.000636,
        -0.000469
      ]
    },
    "DOGE": {
      "funding_rate": -6.2289e-06,
      "funding_pct": -0.000623,
      "annualized_pct": -0.7,
      "open_interest": 214442574.0,
      "mark_price": 0.096745,
      "volume_24h": 9117807.4,
      "classification": "neutral",
      "velocity": 3.6e-05,
      "velocity_direction": "stable",
      "is_reversal": false,
      "prev_rate": -0.000659,
      "rate_history": [
        -0.000437,
        -0.000452,
        -0.000519,
        -0.000622,
        -0.000659,
        -0.000623
      ]
    },
    "ETH": {
      "funding_rate": 6.4375e-06,
      "funding_pct": 0.000644,
      "annualized_pct": 0.7,
      "open_interest": 551885.93,
      "mark_price": 2260.6,
      "volume_24h": 1024691224.48,
      "classification": "neutral",
      "velocity": 2e-06,
      "velocity_direction": "stable",
      "is_reversal": false,
      "prev_rate": 0.000642,
      "rate_history": [
        8e-05,
        1.7e-05,
        0.000302,
        0.000551,
        0.000642,
        0.000644
      ]
    },
    "INJ": {
      "funding_rate": -3.62963e-05,
      "funding_pct": -0.00363,
      "annualized_pct": -4.0,
      "open_interest": 540150.2,
      "mark_price": 3.1467,
      "volume_24h": 466341.7,
      "classification": "neutral",
      "velocity": -0.001028,
      "velocity_direction": "intensifying",
      "is_reversal": false,
      "prev_rate": -0.002602,
      "rate_history": [
        0.00125,
        0.00125,
        0.000602,
        -0.001375,
        -0.002602,
        -0.00363
      ]
    },
    "LINK": {
      "funding_rate": 1.25e-05,
      "funding_pct": 0.00125,
      "annualized_pct": 1.4,
      "open_interest": 2800495.2,
      "mark_price": 9.491,
      "volume_24h": 10471920.52,
      "classification": "neutral",
      "velocity": 0.0,
      "velocity_direction": "stable",
      "is_reversal": false,
      "prev_rate": 0.00125,
      "rate_history": [
        0.00125,
        0.00125,
        0.00125,
        0.00125,
        0.00125,
        0.00125
      ]
    },
    "NEAR": {
      "funding_rate": 1.25e-05,
      "funding_pct": 0.00125,
      "annualized_pct": 1.4,
      "open_interest": 11187325.8,
      "mark_price": 1.4289,
      "volume_24h": 4673526.57,
      "classification": "neutral",
      "velocity": 0.0,
      "velocity_direction": "stable",
      "is_reversal": false,
      "prev_rate": 0.00125,
      "rate_history": [
        0.00125,
        0.00125,
        0.00125,
        0.00125,
        0.00125,
        0.00125
      ]
    },
    "SOL": {
      "funding_rate": -2.57696e-05,
      "funding_pct": -0.002577,
      "annualized_pct": -2.8,
      "open_interest": 3384684.42,
      "mark_price": 91.604,
      "volume_24h": 245735227.65,
      "classification": "neutral",
      "velocity": 0.000199,
      "velocity_direction": "normalizing",
      "is_reversal": false,
      "prev_rate": -0.002776,
      "rate_history": [
        -0.003263,
        -0.002918,
        -0.002904,
        -0.002945,
        -0.002776,
        -0.002577
      ]
    },
    "SUI": {
      "funding_rate": 1.25e-05,
      "funding_pct": 0.00125,
      "annualized_pct": 1.4,
      "open_interest": 31126940.6,
      "mark_price": 1.0041,
      "volume_24h": 11572337.77,
      "classification": "neutral",
      "velocity": 0.0,
      "velocity_direction": "stable",
      "is_reversal": false,
      "prev_rate": 0.00125,
      "rate_history": [
        0.00125,
        0.00125,
        0.00125,
        0.00125,
        0.00125,
        0.00125
      ]
    }
  },
  "convergence_signals": [],
  "extreme_funding": [],
  "reversals": []
}