{
  "timestamp": "2026-03-26T07:58:53.832912+00:00",
  "coins": {
    "AAVE": {
      "tradeable": true,
      "spread_pct": 0.018505,
      "bid_depth_50": 230894.11,
      "ask_depth_50": 338983.5,
      "bid_depth_100": 230894.11,
      "ask_depth_100": 338983.5,
      "bid_depth_500": 230894.11,
      "ask_depth_500": 338983.5,
      "imbalance": -0.1897,
      "score": 91.5
    },
    "ADA": {
      "tradeable": true,
      "spread_pct": 0.003818,
      "bid_depth_50": 81151.8,
      "ask_depth_50": 98268.11,
      "bid_depth_100": 81151.8,
      "ask_depth_100": 98268.11,
      "bid_depth_500": 81151.8,
      "ask_depth_500": 98268.11,
      "imbalance": -0.0954,
      "score": 85.8
    },
    "APT": {
      "tradeable": true,
      "spread_pct": 0.019385,
      "bid_depth_50": 125365.3,
      "ask_depth_50": 99812.94,
      "bid_depth_100": 125365.3,
      "ask_depth_100": 99812.94,
      "bid_depth_500": 125365.3,
      "ask_depth_500": 99812.94,
      "imbalance": 0.1135,
      "score": 78.4
    },
    "ARB": {
      "tradeable": true,
      "spread_pct": 0.010509,
      "bid_depth_50": 130656.46,
      "ask_depth_50": 203727.31,
      "bid_depth_100": 130656.46,
      "ask_depth_100": 203727.31,
      "bid_depth_500": 130656.46,
      "ask_depth_500": 203727.31,
      "imbalance": -0.2185,
      "score": 92.1
    },
    "AVAX": {
      "tradeable": true,
      "spread_pct": 0.010601,
      "bid_depth_50": 70471.14,
      "ask_depth_50": 89047.93,
      "bid_depth_100": 70471.14,
      "ask_depth_100": 89047.93,
      "bid_depth_500": 70471.14,
      "ask_depth_500": 89047.93,
      "imbalance": -0.1165,
      "score": 84.3
    },
    "BCH": {
      "tradeable": true,
      "spread_pct": 0.038578,
      "bid_depth_50": 75486.98,
      "ask_depth_50": 84403.32,
      "bid_depth_100": 75486.98,
      "ask_depth_100": 84403.32,
      "bid_depth_500": 75486.98,
      "ask_depth_500": 84403.32,
      "imbalance": -0.0558,
      "score": 56.3
    },
    "BNB": {
      "tradeable": true,
      "spread_pct": 0.006299,
      "bid_depth_50": 84220.17,
      "ask_depth_50": 86112.56,
      "bid_depth_100": 84220.17,
      "ask_depth_100": 86112.56,
      "bid_depth_500": 84220.17,
      "ask_depth_500": 86112.56,
      "imbalance": -0.0111,
      "score": 85.3
    },
    "BTC": {
      "tradeable": true,
      "spread_pct": 0.001427,
      "bid_depth_50": 1638721.97,
      "ask_depth_50": 6329771.3,
      "bid_depth_100": 1638721.97,
      "ask_depth_100": 6329771.3,
      "bid_depth_500": 1638721.97,
      "ask_depth_500": 6329771.3,
      "imbalance": -0.5887,
      "score": 100
    },
    "CRV": {
      "tradeable": true,
      "spread_pct": 0.035431,
      "bid_depth_50": 104668.27,
      "ask_depth_50": 83723.32,
      "bid_depth_100": 104668.27,
      "ask_depth_100": 83723.32,
      "bid_depth_500": 104668.27,
      "ask_depth_500": 83723.32,
      "imbalance": 0.1112,
      "score": 60.7
    },
    "DOGE": {
      "tradeable": true,
      "spread_pct": 0.014028,
      "bid_depth_50": 161019.16,
      "ask_depth_50": 256688.46,
      "bid_depth_100": 161019.16,
      "ask_depth_100": 256688.46,
      "bid_depth_500": 161019.16,
      "ask_depth_500": 256688.46,
      "imbalance": -0.229,
      "score": 92.3
    },
    "DOT": {
      "tradeable": true,
      "spread_pct": 0.007533,
      "bid_depth_50": 169931.11,
      "ask_depth_50": 143639.66,
      "bid_depth_100": 169931.11,
      "ask_depth_100": 143639.66,
      "bid_depth_500": 169931.11,
      "ask_depth_500": 143639.66,
      "imbalance": 0.0838,
      "score": 91.7
    },
    "ENA": {
      "tradeable": true,
      "spread_pct": 0.029576,
      "bid_depth_50": 235956.96,
      "ask_depth_50": 254931.07,
      "bid_depth_100": 235956.96,
      "ask_depth_100": 254931.07,
      "bid_depth_500": 235956.96,
      "ask_depth_500": 254931.07,
      "imbalance": -0.0387,
      "score": 80.0
    },
    "ETH": {
      "tradeable": true,
      "spread_pct": 0.004712,
      "bid_depth_50": 7152204.52,
      "ask_depth_50": 9324995.36,
      "bid_depth_100": 7152204.52,
      "ask_depth_100": 9324995.36,
      "bid_depth_500": 7152204.52,
      "ask_depth_500": 9324995.36,
      "imbalance": -0.1319,
      "score": 100
    },
    "FARTCOIN": {
      "tradeable": true,
      "spread_pct": 0.032683,
      "bid_depth_50": 97170.58,
      "ask_depth_50": 64177.76,
      "bid_depth_100": 97170.58,
      "ask_depth_100": 64177.76,
      "bid_depth_500": 97170.58,
      "ask_depth_500": 64177.76,
      "imbalance": 0.2045,
      "score": 62.3
    },
    "HYPE": {
      "tradeable": true,
      "spread_pct": 0.005126,
      "bid_depth_50": 161195.01,
      "ask_depth_50": 116133.22,
      "bid_depth_100": 161195.01,
      "ask_depth_100": 116133.22,
      "bid_depth_500": 161195.01,
      "ask_depth_500": 116133.22,
      "imbalance": 0.1625,
      "score": 90.1
    },
    "INJ": {
      "tradeable": true,
      "spread_pct": 0.030057,
      "bid_depth_50": 42243.6,
      "ask_depth_50": 40369.36,
      "bid_depth_100": 42243.6,
      "ask_depth_100": 40369.36,
      "bid_depth_500": 42243.6,
      "ask_depth_500": 40369.36,
      "imbalance": 0.0227,
      "score": 61.4
    },
    "JUP": {
      "tradeable": true,
      "spread_pct": 0.0327,
      "bid_depth_50": 40605.71,
      "ask_depth_50": 45672.94,
      "bid_depth_100": 40605.71,
      "ask_depth_100": 45672.94,
      "bid_depth_500": 40605.71,
      "ask_depth_500": 45672.94,
      "imbalance": -0.0587,
      "score": 58.9
    },
    "LDO": {
      "tradeable": true,
      "spread_pct": 0.041166,
      "bid_depth_50": 44709.67,
      "ask_depth_50": 103218.54,
      "bid_depth_100": 44709.67,
      "ask_depth_100": 103218.54,
      "bid_depth_500": 44709.67,
      "ask_depth_500": 103218.54,
      "imbalance": -0.3955,
      "score": 53.2
    },
    "LINK": {
      "tradeable": true,
      "spread_pct": 0.001099,
      "bid_depth_50": 151035.95,
      "ask_depth_50": 138876.78,
      "bid_depth_100": 151035.95,
      "ask_depth_100": 138876.78,
      "bid_depth_500": 151035.95,
      "ask_depth_500": 138876.78,
      "imbalance": 0.0419,
      "score": 90.7
    },
    "LTC": {
      "tradeable": true,
      "spread_pct": 0.00181,
      "bid_depth_50": 153455.19,
      "ask_depth_50": 141614.26,
      "bid_depth_100": 153455.19,
      "ask_depth_100": 141614.26,
      "bid_depth_500": 153455.19,
      "ask_depth_500": 141614.26,
      "imbalance": 0.0401,
      "score": 90.9
    },
    "NEAR": {
      "tradeable": true,
      "spread_pct": 0.016217,
      "bid_depth_50": 101869.23,
      "ask_depth_50": 126762.91,
      "bid_depth_100": 101869.23,
      "ask_depth_100": 126762.91,
      "bid_depth_500": 101869.23,
      "ask_depth_500": 126762.91,
      "imbalance": -0.1089,
      "score": 81.7
    },
    "ONDO": {
      "tradeable": true,
      "spread_pct": 0.011382,
      "bid_depth_50": 45741.41,
      "ask_depth_50": 47207.56,
      "bid_depth_100": 45741.41,
      "ask_depth_100": 47207.56,
      "bid_depth_500": 45741.41,
      "ask_depth_500": 47207.56,
      "imbalance": -0.0158,
      "score": 80.5
    },
    "OP": {
      "tradeable": true,
      "spread_pct": 0.009063,
      "bid_depth_50": 46687.53,
      "ask_depth_50": 90853.59,
      "bid_depth_100": 126516.67,
      "ask_depth_100": 90853.59,
      "bid_depth_500": 126516.67,
      "ask_depth_500": 90853.59,
      "imbalance": -0.3211,
      "score": 87.4
    },
    "PAXG": {
      "tradeable": true,
      "spread_pct": 0.011225,
      "bid_depth_50": 532389.38,
      "ask_depth_50": 586346.29,
      "bid_depth_100": 532389.38,
      "ask_depth_100": 586346.29,
      "bid_depth_500": 532389.38,
      "ask_depth_500": 586346.29,
      "imbalance": -0.0482,
      "score": 98.8
    },
    "PUMP": {
      "tradeable": false,
      "spread_pct": 0.055081,
      "bid_depth_50": 313636.68,
      "ask_depth_50": 413332.86,
      "bid_depth_100": 656413.31,