{
  "timestamp": "2026-03-19T11:35:10.066608+00:00",
  "coins": {
    "AAVE": {
      "tradeable": true,
      "spread_pct": 0.017449,
      "bid_depth_50": 259014.34,
      "ask_depth_50": 255931.41,
      "bid_depth_100": 259014.34,
      "ask_depth_100": 255931.41,
      "bid_depth_500": 259014.34,
      "ask_depth_500": 255931.41,
      "imbalance": 0.006,
      "score": 92.6
    },
    "ADA": {
      "tradeable": true,
      "spread_pct": 0.029713,
      "bid_depth_50": 111985.76,
      "ask_depth_50": 84806.79,
      "bid_depth_100": 111985.76,
      "ask_depth_100": 84806.79,
      "bid_depth_500": 111985.76,
      "ask_depth_500": 84806.79,
      "imbalance": 0.1381,
      "score": 66.8
    },
    "APT": {
      "tradeable": true,
      "spread_pct": 0.020721,
      "bid_depth_50": 118840.19,
      "ask_depth_50": 123663.46,
      "bid_depth_100": 118840.19,
      "ask_depth_100": 123663.46,
      "bid_depth_500": 118840.19,
      "ask_depth_500": 123663.46,
      "imbalance": -0.0199,
      "score": 77.8
    },
    "ARB": {
      "tradeable": true,
      "spread_pct": 0.019885,
      "bid_depth_50": 202949.49,
      "ask_depth_50": 227036.25,
      "bid_depth_100": 202949.49,
      "ask_depth_100": 227036.25,
      "bid_depth_500": 202949.49,
      "ask_depth_500": 227036.25,
      "imbalance": -0.056,
      "score": 87.0
    },
    "AVAX": {
      "tradeable": true,
      "spread_pct": 0.020921,
      "bid_depth_50": 118236.91,
      "ask_depth_50": 108809.92,
      "bid_depth_100": 118236.91,
      "ask_depth_100": 108809.92,
      "bid_depth_500": 118236.91,
      "ask_depth_500": 108809.92,
      "imbalance": 0.0415,
      "score": 76.9
    },
    "BCH": {
      "tradeable": true,
      "spread_pct": 0.002188,
      "bid_depth_50": 102401.79,
      "ask_depth_50": 74017.41,
      "bid_depth_100": 102401.79,
      "ask_depth_100": 74017.41,
      "bid_depth_500": 102401.79,
      "ask_depth_500": 74017.41,
      "imbalance": 0.1609,
      "score": 85.6
    },
    "BNB": {
      "tradeable": true,
      "spread_pct": 0.009312,
      "bid_depth_50": 104777.88,
      "ask_depth_50": 107148.95,
      "bid_depth_100": 104777.88,
      "ask_depth_100": 107148.95,
      "bid_depth_500": 104777.88,
      "ask_depth_500": 107148.95,
      "imbalance": -0.0112,
      "score": 87.2
    },
    "BTC": {
      "tradeable": true,
      "spread_pct": 0.001427,
      "bid_depth_50": 3391428.27,
      "ask_depth_50": 3633396.72,
      "bid_depth_100": 3391428.27,
      "ask_depth_100": 3633396.72,
      "bid_depth_500": 3391428.27,
      "ask_depth_500": 3633396.72,
      "imbalance": -0.0344,
      "score": 100
    },
    "CRV": {
      "tradeable": false,
      "spread_pct": 0.058777,
      "bid_depth_50": 122039.28,
      "ask_depth_50": 109389.94,
      "bid_depth_100": 122039.28,
      "ask_depth_100": 109389.94,
      "bid_depth_500": 122039.28,
      "ask_depth_500": 109389.94,
      "imbalance": 0.0547,
      "score": 57.5
    },
    "DOGE": {
      "tradeable": true,
      "spread_pct": 0.001063,
      "bid_depth_50": 282053.93,
      "ask_depth_50": 228225.14,
      "bid_depth_100": 282053.93,
      "ask_depth_100": 228225.14,
      "bid_depth_500": 282053.93,
      "ask_depth_500": 228225.14,
      "imbalance": 0.1055,
      "score": 100
    },
    "DOT": {
      "tradeable": true,
      "spread_pct": 0.038984,
      "bid_depth_50": 98689.01,
      "ask_depth_50": 136365.87,
      "bid_depth_100": 98689.01,
      "ask_depth_100": 136365.87,
      "bid_depth_500": 98689.01,
      "ask_depth_500": 136365.87,
      "imbalance": -0.1603,
      "score": 59.2
    },
    "ENA": {
      "tradeable": true,
      "spread_pct": 0.019384,
      "bid_depth_50": 197320.57,
      "ask_depth_50": 300174.62,
      "bid_depth_100": 197320.57,
      "ask_depth_100": 300174.62,
      "bid_depth_500": 197320.57,
      "ask_depth_500": 300174.62,
      "imbalance": -0.2067,
      "score": 90.5
    },
    "ETH": {
      "tradeable": true,
      "spread_pct": 0.004609,
      "bid_depth_50": 10141034.62,
      "ask_depth_50": 7557776.93,
      "bid_depth_100": 10141034.62,
      "ask_depth_100": 7557776.93,
      "bid_depth_500": 10141034.62,
      "ask_depth_500": 7557776.93,
      "imbalance": 0.146,
      "score": 100
    },
    "FARTCOIN": {
      "tradeable": true,
      "spread_pct": 0.015394,
      "bid_depth_50": 42443.05,
      "ask_depth_50": 45560.19,
      "bid_depth_100": 42443.05,
      "ask_depth_100": 45560.19,
      "bid_depth_500": 42443.05,
      "ask_depth_500": 45560.19,
      "imbalance": -0.0354,
      "score": 76.3
    },
    "HYPE": {
      "tradeable": true,
      "spread_pct": 0.002512,
      "bid_depth_50": 458244.99,
      "ask_depth_50": 109059.86,
      "bid_depth_100": 458244.99,
      "ask_depth_100": 109059.86,
      "bid_depth_500": 458244.99,
      "ask_depth_500": 109059.86,
      "imbalance": 0.6155,
      "score": 100
    },
    "INJ": {
      "tradeable": false,
      "spread_pct": 0.056506,
      "bid_depth_50": 32910.66,
      "ask_depth_50": 35243.38,
      "bid_depth_100": 32910.66,
      "ask_depth_100": 191681.2,
      "bid_depth_500": 32910.66,
      "ask_depth_500": 191681.2,
      "imbalance": -0.0342,
      "score": 57.3
    },
    "JUP": {
      "tradeable": true,
      "spread_pct": 0.043163,
      "bid_depth_50": 45457.56,
      "ask_depth_50": 50153.41,
      "bid_depth_100": 45457.56,
      "ask_depth_100": 50153.41,
      "bid_depth_500": 45457.56,
      "ask_depth_500": 50153.41,
      "imbalance": -0.0491,
      "score": 48.9
    },
    "LDO": {
      "tradeable": true,
      "spread_pct": 0.016691,
      "bid_depth_50": 39052.7,
      "ask_depth_50": 42951.51,
      "bid_depth_100": 39052.7,
      "ask_depth_100": 42951.51,
      "bid_depth_500": 39052.7,
      "ask_depth_500": 42951.51,
      "imbalance": -0.0475,
      "score": 74.7
    },
    "LINK": {
      "tradeable": true,
      "spread_pct": 0.001097,
      "bid_depth_50": 115633.85,
      "ask_depth_50": 117665.61,
      "bid_depth_100": 115633.85,
      "ask_depth_100": 117665.61,
      "bid_depth_500": 115633.85,
      "ask_depth_500": 117665.61,
      "imbalance": -0.0087,
      "score": 88.1
    },
    "LTC": {
      "tradeable": true,
      "spread_pct": 0.005419,
      "bid_depth_50": 152533.63,
      "ask_depth_50": 133656.74,
      "bid_depth_100": 152533.63,
      "ask_depth_100": 133656.74,
      "bid_depth_500": 152533.63,
      "ask_depth_500": 133656.74,
      "imbalance": 0.066,
      "score": 90.5
    },
    "NEAR": {
      "tradeable": true,
      "spread_pct": 0.007375,
      "bid_depth_50": 183193.48,
      "ask_depth_50": 138469.48,
      "bid_depth_100": 183193.48,
      "ask_depth_100": 138469.48,
      "bid_depth_500": 183193.48,
      "ask_depth_500": 138469.48,
      "imbalance": 0.139,
      "score": 92.1
    },
    "ONDO": {
      "tradeable": true,
      "spread_pct": 0.034503,
      "bid_depth_50": 59024.36,
      "ask_depth_50": 69064.03,
      "bid_depth_100": 59024.36,
      "ask_depth_100": 69064.03,
      "bid_depth_500": 59024.36,
      "ask_depth_500": 69064.03,
      "imbalance": -0.0784,
      "score": 59.0
    },
    "OP": {
      "tradeable": true,
      "spread_pct": 0.024543,
      "bid_depth_50": 111509.53,
      "ask_depth_50": 121530.38,
      "bid_depth_100": 127499.19,
      "ask_depth_100": 121530.38,
      "bid_depth_500": 127499.19,
      "ask_depth_500": 121530.38,
      "imbalance": -0.043,
      "score": 74.3
    },
    "PAXG": {
      "tradeable": true,
      "spread_pct": 0.002139,
      "bid_depth_50": 436865.95,
      "ask_depth_50": 568682.54,
      "bid_depth_100": 436865.95,
      "ask_depth_100": 568682.54,
      "bid_depth_500": 436865.95,
      "ask_depth_500": 568682.54,
      "imbalance": -0.1311,
      "score": 100
    },
    "PUMP": {
      "tradeable": false,
      "spread_pct": 0.105708,
      "bid_depth_50": 455881.35,
      "ask_depth_50": 343849.98,
      "bid_depth_100": 838121.1,