{
  "timestamp": "2026-03-18T12:43:06.882148+00:00",
  "coins": {
    "AAVE": {
      "tradeable": false,
      "spread_pct": 0.060588,
      "bid_depth_50": 106571.31,
      "ask_depth_50": 170126.3,
      "bid_depth_100": 106571.31,
      "ask_depth_100": 170126.3,
      "bid_depth_500": 106571.31,
      "ask_depth_500": 170126.3,
      "imbalance": -0.2297,
      "score": 59.4
    },
    "ADA": {
      "tradeable": true,
      "spread_pct": 0.032626,
      "bid_depth_50": 160992.07,
      "ask_depth_50": 151955.74,
      "bid_depth_100": 160992.07,
      "ask_depth_100": 151955.74,
      "bid_depth_500": 160992.07,
      "ask_depth_500": 151955.74,
      "imbalance": 0.0289,
      "score": 69.1
    },
    "APT": {
      "tradeable": true,
      "spread_pct": 0.030888,
      "bid_depth_50": 177211.7,
      "ask_depth_50": 98693.74,
      "bid_depth_100": 177211.7,
      "ask_depth_100": 98693.74,
      "bid_depth_500": 177211.7,
      "ask_depth_500": 98693.74,
      "imbalance": 0.2846,
      "score": 69.2
    },
    "ARB": {
      "tradeable": true,
      "spread_pct": 0.019395,
      "bid_depth_50": 180843.04,
      "ask_depth_50": 218744.24,
      "bid_depth_100": 180843.04,
      "ask_depth_100": 218744.24,
      "bid_depth_500": 180843.04,
      "ask_depth_500": 218744.24,
      "imbalance": -0.0949,
      "score": 86.1
    },
    "AVAX": {
      "tradeable": true,
      "spread_pct": 0.01227,
      "bid_depth_50": 129243.44,
      "ask_depth_50": 117622.42,
      "bid_depth_100": 129243.44,
      "ask_depth_100": 117622.42,
      "bid_depth_500": 129243.44,
      "ask_depth_500": 117622.42,
      "imbalance": 0.0471,
      "score": 86.5
    },
    "BCH": {
      "tradeable": true,
      "spread_pct": 0.002189,
      "bid_depth_50": 82792.6,
      "ask_depth_50": 75319.62,
      "bid_depth_100": 82792.6,
      "ask_depth_100": 75319.62,
      "bid_depth_500": 82792.6,
      "ask_depth_500": 75319.62,
      "imbalance": 0.0473,
      "score": 84.8
    },
    "BNB": {
      "tradeable": true,
      "spread_pct": 0.018292,
      "bid_depth_50": 103810.6,
      "ask_depth_50": 150442.94,
      "bid_depth_100": 103810.6,
      "ask_depth_100": 150442.94,
      "bid_depth_500": 103810.6,
      "ask_depth_500": 150442.94,
      "imbalance": -0.1834,
      "score": 80.8
    },
    "BTC": {
      "tradeable": true,
      "spread_pct": 0.001382,
      "bid_depth_50": 10378793.41,
      "ask_depth_50": 6544827.05,
      "bid_depth_100": 10378793.41,
      "ask_depth_100": 6544827.05,
      "bid_depth_500": 10378793.41,
      "ask_depth_500": 6544827.05,
      "imbalance": 0.2265,
      "score": 100
    },
    "CRV": {
      "tradeable": true,
      "spread_pct": 0.045172,
      "bid_depth_50": 98125.78,
      "ask_depth_50": 102100.39,
      "bid_depth_100": 98125.78,
      "ask_depth_100": 102100.39,
      "bid_depth_500": 98125.78,
      "ask_depth_500": 102100.39,
      "imbalance": -0.0199,
      "score": 51.5
    },
    "DOGE": {
      "tradeable": true,
      "spread_pct": 0.011472,
      "bid_depth_50": 343304.39,
      "ask_depth_50": 128980.63,
      "bid_depth_100": 343304.39,
      "ask_depth_100": 128980.63,
      "bid_depth_500": 343304.39,
      "ask_depth_500": 128980.63,
      "imbalance": 0.4538,
      "score": 97.3
    },
    "DOT": {
      "tradeable": false,
      "spread_pct": 0.069185,
      "bid_depth_50": 81269.83,
      "ask_depth_50": 270444.3,
      "bid_depth_100": 81269.83,
      "ask_depth_100": 270444.3,
      "bid_depth_500": 81269.83,
      "ask_depth_500": 270444.3,
      "imbalance": -0.5379,
      "score": 62.1
    },
    "ENA": {
      "tradeable": true,
      "spread_pct": 0.018164,
      "bid_depth_50": 203093.47,
      "ask_depth_50": 203228.64,
      "bid_depth_100": 203093.47,
      "ask_depth_100": 203228.64,
      "bid_depth_500": 203093.47,
      "ask_depth_500": 203228.64,
      "imbalance": -0.0003,
      "score": 87.7
    },
    "ETH": {
      "tradeable": true,
      "spread_pct": 0.004466,
      "bid_depth_50": 9919677.93,
      "ask_depth_50": 5094187.67,
      "bid_depth_100": 9919677.93,
      "ask_depth_100": 5094187.67,
      "bid_depth_500": 9919677.93,
      "ask_depth_500": 5094187.67,
      "imbalance": 0.3214,
      "score": 100
    },
    "FARTCOIN": {
      "tradeable": true,
      "spread_pct": 0.03011,
      "bid_depth_50": 38359.67,
      "ask_depth_50": 53766.08,
      "bid_depth_100": 38359.67,
      "ask_depth_100": 53766.08,
      "bid_depth_500": 38359.67,
      "ask_depth_500": 53766.08,
      "imbalance": -0.1672,
      "score": 61.8
    },
    "HYPE": {
      "tradeable": true,
      "spread_pct": 0.002465,
      "bid_depth_50": 88242.53,
      "ask_depth_50": 55224.83,
      "bid_depth_100": 88242.53,
      "ask_depth_100": 55224.83,
      "bid_depth_500": 88242.53,
      "ask_depth_500": 55224.83,
      "imbalance": 0.2301,
      "score": 84.2
    },
    "INJ": {
      "tradeable": false,
      "spread_pct": 0.105965,
      "bid_depth_50": 35009.41,
      "ask_depth_50": 28385.96,
      "bid_depth_100": 35009.41,
      "ask_depth_100": 36356.61,
      "bid_depth_500": 35009.41,
      "ask_depth_500": 36356.61,
      "imbalance": 0.1045,
      "score": 47.2
    },
    "JUP": {
      "tradeable": false,
      "spread_pct": 0.061275,
      "bid_depth_50": 38565.13,
      "ask_depth_50": 63579.93,
      "bid_depth_100": 38565.13,
      "ask_depth_100": 63579.93,
      "bid_depth_500": 38565.13,
      "ask_depth_500": 63579.93,
      "imbalance": -0.2449,
      "score": 51.6
    },
    "LDO": {
      "tradeable": true,
      "spread_pct": 0.006432,
      "bid_depth_50": 51107.39,
      "ask_depth_50": 56032.39,
      "bid_depth_100": 51107.39,
      "ask_depth_100": 56032.39,
      "bid_depth_500": 51107.39,
      "ask_depth_500": 56032.39,
      "imbalance": -0.046,
      "score": 82.5
    },
    "LINK": {
      "tradeable": true,
      "spread_pct": 0.024463,
      "bid_depth_50": 101194.54,
      "ask_depth_50": 135825.53,
      "bid_depth_100": 101194.54,
      "ask_depth_100": 135825.53,
      "bid_depth_500": 101194.54,
      "ask_depth_500": 135825.53,
      "imbalance": -0.1461,
      "score": 73.8
    },
    "LTC": {
      "tradeable": true,
      "spread_pct": 0.00358,
      "bid_depth_50": 155871.18,
      "ask_depth_50": 151029.05,
      "bid_depth_100": 155871.18,
      "ask_depth_100": 151029.05,
      "bid_depth_500": 155871.18,
      "ask_depth_500": 151029.05,
      "imbalance": 0.0158,
      "score": 91.4
    },
    "NEAR": {
      "tradeable": false,
      "spread_pct": 0.056338,
      "bid_depth_50": 98720.1,
      "ask_depth_50": 104142.15,
      "bid_depth_100": 98720.1,
      "ask_depth_100": 104142.15,
      "bid_depth_500": 98720.1,
      "ask_depth_500": 104142.15,
      "imbalance": -0.0267,
      "score": 56.4
    },
    "ONDO": {
      "tradeable": false,
      "spread_pct": 0.070479,
      "bid_depth_50": 71346.51,
      "ask_depth_50": 79544.74,
      "bid_depth_100": 71346.51,
      "ask_depth_100": 79544.74,
      "bid_depth_500": 71346.51,
      "ask_depth_500": 79544.74,
      "imbalance": -0.0543,
      "score": 53.1
    },
    "OP": {
      "tradeable": false,
      "spread_pct": 0.069356,
      "bid_depth_50": 59383.9,
      "ask_depth_50": 77512.21,
      "bid_depth_100": 59394.91,
      "ask_depth_100": 80706.85,
      "bid_depth_500": 59394.91,
      "ask_depth_500": 80706.85,
      "imbalance": -0.1324,
      "score": 52.7
    },
    "PAXG": {
      "tradeable": true,
      "spread_pct": 0.022579,
      "bid_depth_50": 451302.49,
      "ask_depth_50": 463447.94,
      "bid_depth_100": 451302.49,
      "ask_depth_100": 463447.94,
      "bid_depth_500": 451302.49,
      "ask_depth_500": 463447.94,
      "imbalance": -0.0133,
      "score": 87.4
    },
    "PUMP": {
      "tradeable": false,
      "spread_pct": 0.050492,
      "bid_depth_50": 305350.39,
      "ask_depth_50": 472366.48,
      "bid_depth_100": 730433.33,