{
  "timestamp": "2026-03-25T13:50:03.957185+00:00",
  "coins": {
    "AAVE": {
      "tradeable": true,
      "spread_pct": 0.025919,
      "bid_depth_50": 283366.11,
      "ask_depth_50": 274711.51,
      "bid_depth_100": 283366.11,
      "ask_depth_100": 274711.51,
      "bid_depth_500": 283366.11,
      "ask_depth_500": 274711.51,
      "imbalance": 0.0155,
      "score": 84.1
    },
    "ADA": {
      "tradeable": true,
      "spread_pct": 0.029303,
      "bid_depth_50": 87352.89,
      "ask_depth_50": 73077.96,
      "bid_depth_100": 87352.89,
      "ask_depth_100": 73077.96,
      "bid_depth_500": 87352.89,
      "ask_depth_500": 73077.96,
      "imbalance": 0.089,
      "score": 65.6
    },
    "APT": {
      "tradeable": true,
      "spread_pct": 0.028168,
      "bid_depth_50": 108831.89,
      "ask_depth_50": 70346.0,
      "bid_depth_100": 108831.89,
      "ask_depth_100": 70346.0,
      "bid_depth_500": 108831.89,
      "ask_depth_500": 70346.0,
      "imbalance": 0.2148,
      "score": 67.6
    },
    "ARB": {
      "tradeable": true,
      "spread_pct": 0.0404,
      "bid_depth_50": 205873.14,
      "ask_depth_50": 155825.63,
      "bid_depth_100": 205873.14,
      "ask_depth_100": 155825.63,
      "bid_depth_500": 205873.14,
      "ask_depth_500": 155825.63,
      "imbalance": 0.1384,
      "score": 63.5
    },
    "AVAX": {
      "tradeable": true,
      "spread_pct": 0.016444,
      "bid_depth_50": 94228.86,
      "ask_depth_50": 89624.62,
      "bid_depth_100": 94228.86,
      "ask_depth_100": 89624.62,
      "bid_depth_500": 94228.86,
      "ask_depth_500": 89624.62,
      "imbalance": 0.025,
      "score": 79.5
    },
    "BCH": {
      "tradeable": true,
      "spread_pct": 0.014736,
      "bid_depth_50": 66961.22,
      "ask_depth_50": 76434.41,
      "bid_depth_100": 66961.22,
      "ask_depth_100": 76434.41,
      "bid_depth_500": 66961.22,
      "ask_depth_500": 76434.41,
      "imbalance": -0.0661,
      "score": 79.4
    },
    "BNB": {
      "tradeable": true,
      "spread_pct": 0.01385,
      "bid_depth_50": 56742.28,
      "ask_depth_50": 103344.59,
      "bid_depth_100": 56742.28,
      "ask_depth_100": 103344.59,
      "bid_depth_500": 56742.28,
      "ask_depth_500": 103344.59,
      "imbalance": -0.2911,
      "score": 81.0
    },
    "BTC": {
      "tradeable": true,
      "spread_pct": 0.001397,
      "bid_depth_50": 5747769.88,
      "ask_depth_50": 1242043.35,
      "bid_depth_100": 5747769.88,
      "ask_depth_100": 1242043.35,
      "bid_depth_500": 5747769.88,
      "ask_depth_500": 1242043.35,
      "imbalance": 0.6446,
      "score": 100
    },
    "CRV": {
      "tradeable": true,
      "spread_pct": 0.008503,
      "bid_depth_50": 110248.42,
      "ask_depth_50": 61170.22,
      "bid_depth_100": 110248.42,
      "ask_depth_100": 61170.22,
      "bid_depth_500": 110248.42,
      "ask_depth_500": 61170.22,
      "imbalance": 0.2863,
      "score": 85.4
    },
    "DOGE": {
      "tradeable": true,
      "spread_pct": 0.001028,
      "bid_depth_50": 245675.66,
      "ask_depth_50": 272781.98,
      "bid_depth_100": 245675.66,
      "ask_depth_100": 272781.98,
      "bid_depth_500": 245675.66,
      "ask_depth_500": 272781.98,
      "imbalance": -0.0523,
      "score": 100
    },
    "DOT": {
      "tradeable": false,
      "spread_pct": 0.116746,
      "bid_depth_50": 163422.09,
      "ask_depth_50": 124910.47,
      "bid_depth_100": 163422.09,
      "ask_depth_100": 124910.47,
      "bid_depth_500": 163422.09,
      "ask_depth_500": 124910.47,
      "imbalance": 0.1336,
      "score": 56.1
    },
    "ENA": {
      "tradeable": true,
      "spread_pct": 0.030217,
      "bid_depth_50": 51843.26,
      "ask_depth_50": 140220.54,
      "bid_depth_100": 51843.26,
      "ask_depth_100": 140220.54,
      "bid_depth_500": 51843.26,
      "ask_depth_500": 140220.54,
      "imbalance": -0.4601,
      "score": 66.1
    },
    "ETH": {
      "tradeable": true,
      "spread_pct": 0.004578,
      "bid_depth_50": 8119931.74,
      "ask_depth_50": 11615226.46,
      "bid_depth_100": 8119931.74,
      "ask_depth_100": 11615226.46,
      "bid_depth_500": 8119931.74,
      "ask_depth_500": 11615226.46,
      "imbalance": -0.1771,
      "score": 100
    },
    "FARTCOIN": {
      "tradeable": true,
      "spread_pct": 0.020411,
      "bid_depth_50": 52950.02,
      "ask_depth_50": 64654.93,
      "bid_depth_100": 52950.02,
      "ask_depth_100": 64654.93,
      "bid_depth_500": 52950.02,
      "ask_depth_500": 64654.93,
      "imbalance": -0.0995,
      "score": 72.6
    },
    "HYPE": {
      "tradeable": true,
      "spread_pct": 0.03907,
      "bid_depth_50": 97111.69,
      "ask_depth_50": 198551.88,
      "bid_depth_100": 97111.69,
      "ask_depth_100": 198551.88,
      "bid_depth_500": 97111.69,
      "ask_depth_500": 198551.88,
      "imbalance": -0.3431,
      "score": 61.8
    },
    "INJ": {
      "tradeable": true,
      "spread_pct": 0.032377,
      "bid_depth_50": 23386.7,
      "ask_depth_50": 43088.45,
      "bid_depth_100": 166618.74,
      "ask_depth_100": 43088.45,
      "bid_depth_500": 166618.74,
      "ask_depth_500": 43088.45,
      "imbalance": -0.2964,
      "score": 64.7
    },
    "JUP": {
      "tradeable": false,
      "spread_pct": 0.050894,
      "bid_depth_50": 58376.29,
      "ask_depth_50": 50938.41,
      "bid_depth_100": 58376.29,
      "ask_depth_100": 50938.41,
      "bid_depth_500": 58376.29,
      "ask_depth_500": 50938.41,
      "imbalance": 0.068,
      "score": 52.6
    },
    "LDO": {
      "tradeable": false,
      "spread_pct": 0.056549,
      "bid_depth_50": 34507.65,
      "ask_depth_50": 72512.87,
      "bid_depth_100": 34507.65,
      "ask_depth_100": 72512.87,
      "bid_depth_500": 34507.65,
      "ask_depth_500": 72512.87,
      "imbalance": -0.3551,
      "score": 52.1
    },
    "LINK": {
      "tradeable": true,
      "spread_pct": 0.024363,
      "bid_depth_50": 178922.29,
      "ask_depth_50": 106003.19,
      "bid_depth_100": 178922.29,
      "ask_depth_100": 106003.19,
      "bid_depth_500": 178922.29,
      "ask_depth_500": 106003.19,
      "imbalance": 0.2559,
      "score": 76.1
    },
    "LTC": {
      "tradeable": true,
      "spread_pct": 0.005303,
      "bid_depth_50": 108479.74,
      "ask_depth_50": 118587.49,
      "bid_depth_100": 108479.74,
      "ask_depth_100": 118587.49,
      "bid_depth_500": 108479.74,
      "ask_depth_500": 118587.49,
      "imbalance": -0.0445,
      "score": 87.9
    },
    "NEAR": {
      "tradeable": true,
      "spread_pct": 0.03085,
      "bid_depth_50": 128424.01,
      "ask_depth_50": 60667.34,
      "bid_depth_100": 128424.01,
      "ask_depth_100": 60667.34,
      "bid_depth_500": 128424.01,
      "ask_depth_500": 60667.34,
      "imbalance": 0.3583,
      "score": 65.3
    },
    "ONDO": {
      "tradeable": true,
      "spread_pct": 0.034443,
      "bid_depth_50": 66309.42,
      "ask_depth_50": 52853.01,
      "bid_depth_100": 66309.42,
      "ask_depth_100": 52853.01,
      "bid_depth_500": 66309.42,
      "ask_depth_500": 52853.01,
      "imbalance": 0.1129,
      "score": 58.6
    },
    "OP": {
      "tradeable": true,
      "spread_pct": 0.044001,
      "bid_depth_50": 42044.27,
      "ask_depth_50": 95510.49,
      "bid_depth_100": 45049.92,
      "ask_depth_100": 95510.49,
      "bid_depth_500": 45049.92,
      "ask_depth_500": 95510.49,
      "imbalance": -0.3887,
      "score": 50.0
    },
    "PAXG": {
      "tradeable": true,
      "spread_pct": 0.008811,
      "bid_depth_50": 324193.28,
      "ask_depth_50": 523118.77,
      "bid_depth_100": 324193.28,
      "ask_depth_100": 523118.77,
      "bid_depth_500": 324193.28,
      "ask_depth_500": 523118.77,
      "imbalance": -0.2348,
      "score": 100
    },
    "PUMP": {
      "tradeable": false,
      "spread_pct": 0.106553,
      "bid_depth_50": 342024.55,
      "ask_depth_50": 262817.88,
      "bid_depth_100": 699021.92,