{
  "timestamp": "2026-03-23T13:29:45.821223+00:00",
  "coins": {
    "AAVE": {
      "tradeable": true,
      "spread_pct": 0.018207,
      "bid_depth_50": 263134.07,
      "ask_depth_50": 258450.19,
      "bid_depth_100": 263134.07,
      "ask_depth_100": 258450.19,
      "bid_depth_500": 263134.07,
      "ask_depth_500": 258450.19,
      "imbalance": 0.009,
      "score": 91.8
    },
    "ADA": {
      "tradeable": true,
      "spread_pct": 0.023085,
      "bid_depth_50": 148664.94,
      "ask_depth_50": 112725.92,
      "bid_depth_100": 148664.94,
      "ask_depth_100": 112725.92,
      "bid_depth_500": 148664.94,
      "ask_depth_500": 112725.92,
      "imbalance": 0.1375,
      "score": 76.3
    },
    "APT": {
      "tradeable": true,
      "spread_pct": 0.021295,
      "bid_depth_50": 57529.11,
      "ask_depth_50": 122562.77,
      "bid_depth_100": 57529.11,
      "ask_depth_100": 122562.77,
      "bid_depth_500": 57529.11,
      "ask_depth_500": 122562.77,
      "imbalance": -0.3611,
      "score": 74.5
    },
    "ARB": {
      "tradeable": true,
      "spread_pct": 0.021066,
      "bid_depth_50": 181789.81,
      "ask_depth_50": 170318.57,
      "bid_depth_100": 181789.81,
      "ask_depth_100": 170318.57,
      "bid_depth_500": 181789.81,
      "ask_depth_500": 170318.57,
      "imbalance": 0.0326,
      "score": 82.4
    },
    "AVAX": {
      "tradeable": true,
      "spread_pct": 0.004232,
      "bid_depth_50": 38603.28,
      "ask_depth_50": 35674.86,
      "bid_depth_100": 38603.28,
      "ask_depth_100": 35674.86,
      "bid_depth_500": 38603.28,
      "ask_depth_500": 35674.86,
      "imbalance": 0.0394,
      "score": 81.1
    },
    "BCH": {
      "tradeable": true,
      "spread_pct": 0.014571,
      "bid_depth_50": 70656.65,
      "ask_depth_50": 73112.26,
      "bid_depth_100": 70656.65,
      "ask_depth_100": 73112.26,
      "bid_depth_500": 70656.65,
      "ask_depth_500": 73112.26,
      "imbalance": -0.0171,
      "score": 79.6
    },
    "BNB": {
      "tradeable": true,
      "spread_pct": 0.009322,
      "bid_depth_50": 72580.19,
      "ask_depth_50": 130417.28,
      "bid_depth_100": 72580.19,
      "ask_depth_100": 130417.28,
      "bid_depth_500": 72580.19,
      "ask_depth_500": 130417.28,
      "imbalance": -0.2849,
      "score": 86.8
    },
    "BTC": {
      "tradeable": true,
      "spread_pct": 0.001413,
      "bid_depth_50": 4432420.39,
      "ask_depth_50": 2353029.98,
      "bid_depth_100": 4432420.39,
      "ask_depth_100": 2353029.98,
      "bid_depth_500": 4432420.39,
      "ask_depth_500": 2353029.98,
      "imbalance": 0.3064,
      "score": 100
    },
    "CRV": {
      "tradeable": true,
      "spread_pct": 0.044783,
      "bid_depth_50": 91061.61,
      "ask_depth_50": 80824.99,
      "bid_depth_100": 91061.61,
      "ask_depth_100": 80824.99,
      "bid_depth_500": 91061.61,
      "ask_depth_500": 80824.99,
      "imbalance": 0.0596,
      "score": 50.6
    },
    "DOGE": {
      "tradeable": true,
      "spread_pct": 0.017183,
      "bid_depth_50": 207126.31,
      "ask_depth_50": 267163.7,
      "bid_depth_100": 207126.31,
      "ask_depth_100": 267163.7,
      "bid_depth_500": 207126.31,
      "ask_depth_500": 267163.7,
      "imbalance": -0.1266,
      "score": 91.7
    },
    "DOT": {
      "tradeable": false,
      "spread_pct": 0.075124,
      "bid_depth_50": 99480.93,
      "ask_depth_50": 216168.82,
      "bid_depth_100": 129463.35,
      "ask_depth_100": 216168.82,
      "bid_depth_500": 129463.35,
      "ask_depth_500": 216168.82,
      "imbalance": -0.3697,
      "score": 61.5
    },
    "ENA": {
      "tradeable": true,
      "spread_pct": 0.015622,
      "bid_depth_50": 49578.13,
      "ask_depth_50": 116369.12,
      "bid_depth_100": 49578.13,
      "ask_depth_100": 116369.12,
      "bid_depth_500": 49578.13,
      "ask_depth_500": 116369.12,
      "imbalance": -0.4025,
      "score": 79.5
    },
    "ETH": {
      "tradeable": true,
      "spread_pct": 0.004655,
      "bid_depth_50": 5862594.03,
      "ask_depth_50": 9667704.61,
      "bid_depth_100": 5862594.03,
      "ask_depth_100": 9667704.61,
      "bid_depth_500": 5862594.03,
      "ask_depth_500": 9667704.61,
      "imbalance": -0.245,
      "score": 100
    },
    "FARTCOIN": {
      "tradeable": true,
      "spread_pct": 0.010516,
      "bid_depth_50": 84635.16,
      "ask_depth_50": 57648.33,
      "bid_depth_100": 84635.16,
      "ask_depth_100": 57648.33,
      "bid_depth_500": 84635.16,
      "ask_depth_500": 57648.33,
      "imbalance": 0.1897,
      "score": 83.6
    },
    "HYPE": {
      "tradeable": true,
      "spread_pct": 0.002593,
      "bid_depth_50": 221317.34,
      "ask_depth_50": 123862.83,
      "bid_depth_100": 221317.34,
      "ask_depth_100": 123862.83,
      "bid_depth_500": 221317.34,
      "ask_depth_500": 123862.83,
      "imbalance": 0.2823,
      "score": 93.1
    },
    "INJ": {
      "tradeable": false,
      "spread_pct": 0.05923,
      "bid_depth_50": 152168.77,
      "ask_depth_50": 37658.19,
      "bid_depth_100": 159970.62,
      "ask_depth_100": 37658.19,
      "bid_depth_500": 159970.62,
      "ask_depth_500": 37658.19,
      "imbalance": 0.6032,
      "score": 55.9
    },
    "JUP": {
      "tradeable": false,
      "spread_pct": 0.063841,
      "bid_depth_50": 62337.71,
      "ask_depth_50": 52679.66,
      "bid_depth_100": 62337.71,
      "ask_depth_100": 52679.66,
      "bid_depth_500": 62337.71,
      "ask_depth_500": 52679.66,
      "imbalance": 0.084,
      "score": 52.0
    },
    "LDO": {
      "tradeable": true,
      "spread_pct": 0.027521,
      "bid_depth_50": 47282.91,
      "ask_depth_50": 42857.33,
      "bid_depth_100": 47282.91,
      "ask_depth_100": 42857.33,
      "bid_depth_500": 47282.91,
      "ask_depth_500": 42857.33,
      "imbalance": 0.0491,
      "score": 64.3
    },
    "LINK": {
      "tradeable": true,
      "spread_pct": 0.033181,
      "bid_depth_50": 136871.5,
      "ask_depth_50": 51851.31,
      "bid_depth_100": 136871.5,
      "ask_depth_100": 51851.31,
      "bid_depth_500": 136871.5,
      "ask_depth_500": 51851.31,
      "imbalance": 0.4505,
      "score": 63.0
    },
    "LTC": {
      "tradeable": true,
      "spread_pct": 0.010855,
      "bid_depth_50": 107800.73,
      "ask_depth_50": 89520.76,
      "bid_depth_100": 107800.73,
      "ask_depth_100": 89520.76,
      "bid_depth_500": 107800.73,
      "ask_depth_500": 89520.76,
      "imbalance": 0.0926,
      "score": 85.7
    },
    "NEAR": {
      "tradeable": false,
      "spread_pct": 0.069345,
      "bid_depth_50": 166871.66,
      "ask_depth_50": 112959.4,
      "bid_depth_100": 166871.66,
      "ask_depth_100": 112959.4,
      "bid_depth_500": 166871.66,
      "ask_depth_500": 112959.4,
      "imbalance": 0.1927,
      "score": 58.9
    },
    "ONDO": {
      "tradeable": true,
      "spread_pct": 0.039331,
      "bid_depth_50": 54859.6,
      "ask_depth_50": 74999.92,
      "bid_depth_100": 54859.6,
      "ask_depth_100": 74999.92,
      "bid_depth_500": 54859.6,
      "ask_depth_500": 74999.92,
      "imbalance": -0.1551,
      "score": 54.2
    },
    "OP": {
      "tradeable": false,
      "spread_pct": 0.085962,
      "bid_depth_50": 22006.09,
      "ask_depth_50": 118737.59,
      "bid_depth_100": 115850.52,
      "ask_depth_100": 118737.59,
      "bid_depth_500": 115850.52,
      "ask_depth_500": 118737.59,
      "imbalance": -0.6873,
      "score": 55.8
    },
    "PAXG": {
      "tradeable": true,
      "spread_pct": 0.020432,
      "bid_depth_50": 255759.43,
      "ask_depth_50": 166922.71,
      "bid_depth_100": 255759.43,
      "ask_depth_100": 166922.71,
      "bid_depth_500": 255759.43,
      "ask_depth_500": 166922.71,
      "imbalance": 0.2102,
      "score": 86.1
    },
    "PUMP": {
      "tradeable": false,
      "spread_pct": 0.109951,
      "bid_depth_50": 370412.32,
      "ask_depth_50": 320274.36,
      "bid_depth_100": 571382.51,