{
  "timestamp": "2026-03-21T08:10:45.539186+00:00",
  "coins": {
    "AAVE": {
      "tradeable": true,
      "spread_pct": 0.017957,
      "bid_depth_50": 216871.05,
      "ask_depth_50": 328182.2,
      "bid_depth_100": 216871.05,
      "ask_depth_100": 328182.2,
      "bid_depth_500": 216871.05,
      "ask_depth_500": 328182.2,
      "imbalance": -0.2042,
      "score": 92.0
    },
    "ADA": {
      "tradeable": true,
      "spread_pct": 0.026422,
      "bid_depth_50": 103401.75,
      "ask_depth_50": 143762.45,
      "bid_depth_100": 103401.75,
      "ask_depth_100": 143762.45,
      "bid_depth_500": 103401.75,
      "ask_depth_500": 143762.45,
      "imbalance": -0.1633,
      "score": 72.3
    },
    "APT": {
      "tradeable": true,
      "spread_pct": 0.009961,
      "bid_depth_50": 64945.11,
      "ask_depth_50": 96803.33,
      "bid_depth_100": 64945.11,
      "ask_depth_100": 96803.33,
      "bid_depth_500": 64945.11,
      "ask_depth_500": 96803.33,
      "imbalance": -0.197,
      "score": 85.0
    },
    "ARB": {
      "tradeable": true,
      "spread_pct": 0.010034,
      "bid_depth_50": 140456.66,
      "ask_depth_50": 222773.89,
      "bid_depth_100": 140456.66,
      "ask_depth_100": 222773.89,
      "bid_depth_500": 140456.66,
      "ask_depth_500": 222773.89,
      "imbalance": -0.2266,
      "score": 93.9
    },
    "AVAX": {
      "tradeable": true,
      "spread_pct": 0.008365,
      "bid_depth_50": 67814.53,
      "ask_depth_50": 68139.98,
      "bid_depth_100": 67814.53,
      "ask_depth_100": 68139.98,
      "bid_depth_500": 67814.53,
      "ask_depth_500": 68139.98,
      "imbalance": -0.0024,
      "score": 83.8
    },
    "BCH": {
      "tradeable": true,
      "spread_pct": 0.002133,
      "bid_depth_50": 59595.54,
      "ask_depth_50": 133533.01,
      "bid_depth_100": 59595.54,
      "ask_depth_100": 133533.01,
      "bid_depth_500": 59595.54,
      "ask_depth_500": 133533.01,
      "imbalance": -0.3828,
      "score": 86.4
    },
    "BNB": {
      "tradeable": true,
      "spread_pct": 0.001556,
      "bid_depth_50": 110553.28,
      "ask_depth_50": 145720.29,
      "bid_depth_100": 110553.28,
      "ask_depth_100": 145720.29,
      "bid_depth_500": 110553.28,
      "ask_depth_500": 145720.29,
      "imbalance": -0.1372,
      "score": 89.2
    },
    "BTC": {
      "tradeable": true,
      "spread_pct": 0.001415,
      "bid_depth_50": 6567511.51,
      "ask_depth_50": 1637466.81,
      "bid_depth_100": 6567511.51,
      "ask_depth_100": 1637466.81,
      "bid_depth_500": 6567511.51,
      "ask_depth_500": 1637466.81,
      "imbalance": 0.6009,
      "score": 100
    },
    "CRV": {
      "tradeable": false,
      "spread_pct": 0.051392,
      "bid_depth_50": 92050.06,
      "ask_depth_50": 89760.79,
      "bid_depth_100": 92050.06,
      "ask_depth_100": 89760.79,
      "bid_depth_500": 92050.06,
      "ask_depth_500": 89760.79,
      "imbalance": 0.0126,
      "score": 55.8
    },
    "DOGE": {
      "tradeable": true,
      "spread_pct": 0.00106,
      "bid_depth_50": 114251.53,
      "ask_depth_50": 255333.59,
      "bid_depth_100": 114251.53,
      "ask_depth_100": 255333.59,
      "bid_depth_500": 114251.53,
      "ask_depth_500": 255333.59,
      "imbalance": -0.3817,
      "score": 94.2
    },
    "DOT": {
      "tradeable": true,
      "spread_pct": 0.026788,
      "bid_depth_50": 90994.69,
      "ask_depth_50": 71748.17,
      "bid_depth_100": 90994.69,
      "ask_depth_100": 71748.17,
      "bid_depth_500": 90994.69,
      "ask_depth_500": 71748.17,
      "imbalance": 0.1183,
      "score": 68.2
    },
    "ENA": {
      "tradeable": true,
      "spread_pct": 0.048993,
      "bid_depth_50": 268569.82,
      "ask_depth_50": 239745.71,
      "bid_depth_100": 268569.82,
      "ask_depth_100": 239745.71,
      "bid_depth_500": 268569.82,
      "ask_depth_500": 239745.71,
      "imbalance": 0.0567,
      "score": 61.0
    },
    "ETH": {
      "tradeable": true,
      "spread_pct": 0.004639,
      "bid_depth_50": 8257671.09,
      "ask_depth_50": 8603877.56,
      "bid_depth_100": 8257671.09,
      "ask_depth_100": 8603877.56,
      "bid_depth_500": 8257671.09,
      "ask_depth_500": 8603877.56,
      "imbalance": -0.0205,
      "score": 100
    },
    "FARTCOIN": {
      "tradeable": true,
      "spread_pct": 0.040768,
      "bid_depth_50": 45260.66,
      "ask_depth_50": 40974.86,
      "bid_depth_100": 45260.66,
      "ask_depth_100": 40974.86,
      "bid_depth_500": 45260.66,
      "ask_depth_500": 40974.86,
      "imbalance": 0.0497,
      "score": 50.8
    },
    "HYPE": {
      "tradeable": true,
      "spread_pct": 0.002523,
      "bid_depth_50": 130847.5,
      "ask_depth_50": 95913.23,
      "bid_depth_100": 130847.5,
      "ask_depth_100": 95913.23,
      "bid_depth_500": 130847.5,
      "ask_depth_500": 95913.23,
      "imbalance": 0.1541,
      "score": 87.9
    },
    "INJ": {
      "tradeable": true,
      "spread_pct": 0.029104,
      "bid_depth_50": 45337.46,
      "ask_depth_50": 56700.76,
      "bid_depth_100": 45337.46,
      "ask_depth_100": 56700.76,
      "bid_depth_500": 45337.46,
      "ask_depth_500": 56700.76,
      "imbalance": -0.1114,
      "score": 63.2
    },
    "JUP": {
      "tradeable": true,
      "spread_pct": 0.043716,
      "bid_depth_50": 41997.71,
      "ask_depth_50": 43231.78,
      "bid_depth_100": 41997.71,
      "ask_depth_100": 43231.78,
      "bid_depth_500": 41997.71,
      "ask_depth_500": 43231.78,
      "imbalance": -0.0145,
      "score": 47.8
    },
    "LDO": {
      "tradeable": true,
      "spread_pct": 0.02674,
      "bid_depth_50": 33703.24,
      "ask_depth_50": 59988.55,
      "bid_depth_100": 33703.24,
      "ask_depth_100": 59988.55,
      "bid_depth_500": 33703.24,
      "ask_depth_500": 59988.55,
      "imbalance": -0.2806,
      "score": 65.2
    },
    "LINK": {
      "tradeable": true,
      "spread_pct": 0.001096,
      "bid_depth_50": 100415.89,
      "ask_depth_50": 63261.77,
      "bid_depth_100": 100415.89,
      "ask_depth_100": 63261.77,
      "bid_depth_500": 100415.89,
      "ask_depth_500": 63261.77,
      "imbalance": 0.227,
      "score": 85.1
    },
    "LTC": {
      "tradeable": true,
      "spread_pct": 0.01954,
      "bid_depth_50": 125866.97,
      "ask_depth_50": 150578.83,
      "bid_depth_100": 125866.97,
      "ask_depth_100": 150578.83,
      "bid_depth_500": 125866.97,
      "ask_depth_500": 150578.83,
      "imbalance": -0.0894,
      "score": 80.5
    },
    "NEAR": {
      "tradeable": true,
      "spread_pct": 0.030344,
      "bid_depth_50": 145025.52,
      "ask_depth_50": 95836.08,
      "bid_depth_100": 145025.52,
      "ask_depth_100": 95836.08,
      "bid_depth_500": 145025.52,
      "ask_depth_500": 95836.08,
      "imbalance": 0.2042,
      "score": 68.1
    },
    "ONDO": {
      "tradeable": true,
      "spread_pct": 0.023009,
      "bid_depth_50": 35832.09,
      "ask_depth_50": 56949.58,
      "bid_depth_100": 35832.09,
      "ask_depth_100": 56949.58,
      "bid_depth_500": 35832.09,
      "ask_depth_500": 56949.58,
      "imbalance": -0.2276,
      "score": 68.9
    },
    "OP": {
      "tradeable": true,
      "spread_pct": 0.008173,
      "bid_depth_50": 67827.69,
      "ask_depth_50": 89680.0,
      "bid_depth_100": 67827.69,
      "ask_depth_100": 89680.0,
      "bid_depth_500": 67827.69,
      "ask_depth_500": 89680.0,
      "imbalance": -0.1387,
      "score": 84.8
    },
    "PAXG": {
      "tradeable": true,
      "spread_pct": 0.002219,
      "bid_depth_50": 203442.71,
      "ask_depth_50": 198261.97,
      "bid_depth_100": 203442.71,
      "ask_depth_100": 198261.97,
      "bid_depth_500": 203442.71,
      "ask_depth_500": 198261.97,
      "imbalance": 0.0129,
      "score": 95.6
    },
    "PUMP": {
      "tradeable": false,
      "spread_pct": 0.053348,
      "bid_depth_50": 445706.2,
      "ask_depth_50": 311441.9,
      "bid_depth_100": 829196.02,
      "ask_depth_100": 738464.94,