{
  "timestamp": "2026-03-19T09:56:17.248647+00:00",
  "coins": {
    "AAVE": {
      "tradeable": true,
      "spread_pct": 0.026029,
      "bid_depth_50": 305294.46,
      "ask_depth_50": 202364.39,
      "bid_depth_100": 305294.46,
      "ask_depth_100": 202364.39,
      "bid_depth_500": 305294.46,
      "ask_depth_500": 202364.39,
      "imbalance": 0.2028,
      "score": 84.0
    },
    "ADA": {
      "tradeable": true,
      "spread_pct": 0.029501,
      "bid_depth_50": 114640.07,
      "ask_depth_50": 99483.71,
      "bid_depth_100": 114640.07,
      "ask_depth_100": 99483.71,
      "bid_depth_500": 114640.07,
      "ask_depth_500": 99483.71,
      "imbalance": 0.0708,
      "score": 67.8
    },
    "APT": {
      "tradeable": false,
      "spread_pct": 0.051693,
      "bid_depth_50": 155329.43,
      "ask_depth_50": 107117.13,
      "bid_depth_100": 155329.43,
      "ask_depth_100": 107117.13,
      "bid_depth_500": 155329.43,
      "ask_depth_500": 107117.13,
      "imbalance": 0.1837,
      "score": 59.3
    },
    "ARB": {
      "tradeable": true,
      "spread_pct": 0.009879,
      "bid_depth_50": 237670.39,
      "ask_depth_50": 210095.93,
      "bid_depth_100": 237670.39,
      "ask_depth_100": 210095.93,
      "bid_depth_500": 237670.39,
      "ask_depth_500": 210095.93,
      "imbalance": 0.0616,
      "score": 97.7
    },
    "AVAX": {
      "tradeable": true,
      "spread_pct": 0.011467,
      "bid_depth_50": 484127.97,
      "ask_depth_50": 67225.42,
      "bid_depth_100": 484127.97,
      "ask_depth_100": 67225.42,
      "bid_depth_500": 484127.97,
      "ask_depth_500": 67225.42,
      "imbalance": 0.7561,
      "score": 98.5
    },
    "BCH": {
      "tradeable": true,
      "spread_pct": 0.004352,
      "bid_depth_50": 106424.26,
      "ask_depth_50": 87894.66,
      "bid_depth_100": 106424.26,
      "ask_depth_100": 87894.66,
      "bid_depth_500": 106424.26,
      "ask_depth_500": 87894.66,
      "imbalance": 0.0954,
      "score": 86.4
    },
    "BNB": {
      "tradeable": true,
      "spread_pct": 0.001544,
      "bid_depth_50": 112992.22,
      "ask_depth_50": 117512.42,
      "bid_depth_100": 112992.22,
      "ask_depth_100": 117512.42,
      "bid_depth_500": 112992.22,
      "ask_depth_500": 117512.42,
      "imbalance": -0.0196,
      "score": 88.0
    },
    "BTC": {
      "tradeable": true,
      "spread_pct": 0.00142,
      "bid_depth_50": 2749890.42,
      "ask_depth_50": 3142454.53,
      "bid_depth_100": 2749890.42,
      "ask_depth_100": 3142454.53,
      "bid_depth_500": 2749890.42,
      "ask_depth_500": 3142454.53,
      "imbalance": -0.0666,
      "score": 100
    },
    "CRV": {
      "tradeable": false,
      "spread_pct": 0.054513,
      "bid_depth_50": 64458.44,
      "ask_depth_50": 97226.11,
      "bid_depth_100": 64458.44,
      "ask_depth_100": 97226.11,
      "bid_depth_500": 64458.44,
      "ask_depth_500": 97226.11,
      "imbalance": -0.2027,
      "score": 54.7
    },
    "DOGE": {
      "tradeable": true,
      "spread_pct": 0.005259,
      "bid_depth_50": 274505.44,
      "ask_depth_50": 385101.13,
      "bid_depth_100": 274505.44,
      "ask_depth_100": 385101.13,
      "bid_depth_500": 274505.44,
      "ask_depth_500": 385101.13,
      "imbalance": -0.1677,
      "score": 100
    },
    "DOT": {
      "tradeable": true,
      "spread_pct": 0.0259,
      "bid_depth_50": 73592.06,
      "ask_depth_50": 157195.74,
      "bid_depth_100": 73592.06,
      "ask_depth_100": 157195.74,
      "bid_depth_500": 73592.06,
      "ask_depth_500": 157195.74,
      "imbalance": -0.3623,
      "score": 72.1
    },
    "ENA": {
      "tradeable": true,
      "spread_pct": 0.00956,
      "bid_depth_50": 192787.77,
      "ask_depth_50": 251709.34,
      "bid_depth_100": 192787.77,
      "ask_depth_100": 251709.34,
      "bid_depth_500": 192787.77,
      "ask_depth_500": 251709.34,
      "imbalance": -0.1326,
      "score": 97.5
    },
    "ETH": {
      "tradeable": true,
      "spread_pct": 0.004574,
      "bid_depth_50": 8371305.86,
      "ask_depth_50": 6154023.94,
      "bid_depth_100": 8371305.86,
      "ask_depth_100": 6154023.94,
      "bid_depth_500": 8371305.86,
      "ask_depth_500": 6154023.94,
      "imbalance": 0.1526,
      "score": 100
    },
    "FARTCOIN": {
      "tradeable": true,
      "spread_pct": 0.020767,
      "bid_depth_50": 43314.23,
      "ask_depth_50": 37473.48,
      "bid_depth_100": 43314.23,
      "ask_depth_100": 37473.48,
      "bid_depth_500": 43314.23,
      "ask_depth_500": 37473.48,
      "imbalance": 0.0723,
      "score": 70.6
    },
    "HYPE": {
      "tradeable": true,
      "spread_pct": 0.015101,
      "bid_depth_50": 169093.25,
      "ask_depth_50": 203182.45,
      "bid_depth_100": 169093.25,
      "ask_depth_100": 203182.45,
      "bid_depth_500": 169093.25,
      "ask_depth_500": 203182.45,
      "imbalance": -0.0916,
      "score": 89.2
    },
    "INJ": {
      "tradeable": true,
      "spread_pct": 0.029711,
      "bid_depth_50": 36809.02,
      "ask_depth_50": 27063.52,
      "bid_depth_100": 36809.02,
      "ask_depth_100": 217361.33,
      "bid_depth_500": 36809.02,
      "ask_depth_500": 217361.33,
      "imbalance": 0.1526,
      "score": 69.4
    },
    "JUP": {
      "tradeable": false,
      "spread_pct": 0.061312,
      "bid_depth_50": 40936.97,
      "ask_depth_50": 57485.54,
      "bid_depth_100": 40936.97,
      "ask_depth_100": 57485.54,
      "bid_depth_500": 40936.97,
      "ask_depth_500": 57485.54,
      "imbalance": -0.1681,
      "score": 51.4
    },
    "LDO": {
      "tradeable": true,
      "spread_pct": 0.029852,
      "bid_depth_50": 33071.44,
      "ask_depth_50": 62885.41,
      "bid_depth_100": 33071.44,
      "ask_depth_100": 62885.41,
      "bid_depth_500": 33071.44,
      "ask_depth_500": 62885.41,
      "imbalance": -0.3107,
      "score": 62.2
    },
    "LINK": {
      "tradeable": true,
      "spread_pct": 0.001092,
      "bid_depth_50": 120621.27,
      "ask_depth_50": 101915.77,
      "bid_depth_100": 120621.27,
      "ask_depth_100": 101915.77,
      "bid_depth_500": 120621.27,
      "ask_depth_500": 101915.77,
      "imbalance": 0.0841,
      "score": 87.7
    },
    "LTC": {
      "tradeable": true,
      "spread_pct": 0.003599,
      "bid_depth_50": 191825.52,
      "ask_depth_50": 138246.24,
      "bid_depth_100": 191825.52,
      "ask_depth_100": 138246.24,
      "bid_depth_500": 191825.52,
      "ask_depth_500": 138246.24,
      "imbalance": 0.1623,
      "score": 92.4
    },
    "NEAR": {
      "tradeable": true,
      "spread_pct": 0.022058,
      "bid_depth_50": 178306.03,
      "ask_depth_50": 121693.89,
      "bid_depth_100": 178306.03,
      "ask_depth_100": 121693.89,
      "bid_depth_500": 178306.03,
      "ask_depth_500": 121693.89,
      "imbalance": 0.1887,
      "score": 79.1
    },
    "ONDO": {
      "tradeable": true,
      "spread_pct": 0.026634,
      "bid_depth_50": 45484.49,
      "ask_depth_50": 77272.41,
      "bid_depth_100": 45484.49,
      "ask_depth_100": 77272.41,
      "bid_depth_500": 45484.49,
      "ask_depth_500": 77272.41,
      "imbalance": -0.259,
      "score": 66.6
    },
    "OP": {
      "tradeable": true,
      "spread_pct": 0.040636,
      "bid_depth_50": 35178.46,
      "ask_depth_50": 102342.87,
      "bid_depth_100": 55644.52,
      "ask_depth_100": 102342.87,
      "bid_depth_500": 55644.52,
      "ask_depth_500": 102342.87,
      "imbalance": -0.4884,
      "score": 54.2
    },
    "PAXG": {
      "tradeable": true,
      "spread_pct": 0.002128,
      "bid_depth_50": 549642.11,
      "ask_depth_50": 476755.03,
      "bid_depth_100": 549642.11,
      "ask_depth_100": 476755.03,
      "bid_depth_500": 549642.11,
      "ask_depth_500": 476755.03,
      "imbalance": 0.071,
      "score": 100
    },
    "PUMP": {
      "tradeable": false,
      "spread_pct": 0.105541,
      "bid_depth_50": 348658.18,
      "ask_depth_50": 357620.79,
      "bid_depth_100": 734322.83,