{
  "timestamp": "2026-03-18T13:58:16.200062+00:00",
  "coins": {
    "AAVE": {
      "tradeable": true,
      "spread_pct": 0.008707,
      "bid_depth_50": 195690.03,
      "ask_depth_50": 164843.95,
      "bid_depth_100": 195690.03,
      "ask_depth_100": 164843.95,
      "bid_depth_500": 195690.03,
      "ask_depth_500": 164843.95,
      "imbalance": 0.0856,
      "score": 93.8
    },
    "ADA": {
      "tradeable": true,
      "spread_pct": 0.00363,
      "bid_depth_50": 107267.74,
      "ask_depth_50": 77158.13,
      "bid_depth_100": 107267.74,
      "ask_depth_100": 77158.13,
      "bid_depth_500": 107267.74,
      "ask_depth_500": 77158.13,
      "imbalance": 0.1633,
      "score": 86.0
    },
    "APT": {
      "tradeable": true,
      "spread_pct": 0.031164,
      "bid_depth_50": 85370.3,
      "ask_depth_50": 71812.63,
      "bid_depth_100": 85370.3,
      "ask_depth_100": 71812.63,
      "bid_depth_500": 85370.3,
      "ask_depth_500": 71812.63,
      "imbalance": 0.0863,
      "score": 63.6
    },
    "ARB": {
      "tradeable": true,
      "spread_pct": 0.009718,
      "bid_depth_50": 165703.15,
      "ask_depth_50": 158489.28,
      "bid_depth_100": 165703.15,
      "ask_depth_100": 158489.28,
      "bid_depth_500": 165703.15,
      "ask_depth_500": 158489.28,
      "imbalance": 0.0223,
      "score": 92.2
    },
    "AVAX": {
      "tradeable": true,
      "spread_pct": 0.038859,
      "bid_depth_50": 72771.97,
      "ask_depth_50": 110211.5,
      "bid_depth_100": 72771.97,
      "ask_depth_100": 110211.5,
      "bid_depth_500": 72771.97,
      "ask_depth_500": 110211.5,
      "imbalance": -0.2046,
      "score": 57.1
    },
    "BCH": {
      "tradeable": true,
      "spread_pct": 0.002203,
      "bid_depth_50": 134570.85,
      "ask_depth_50": 64967.29,
      "bid_depth_100": 134570.85,
      "ask_depth_100": 64967.29,
      "bid_depth_500": 134570.85,
      "ask_depth_500": 64967.29,
      "imbalance": 0.3488,
      "score": 86.6
    },
    "BNB": {
      "tradeable": true,
      "spread_pct": 0.001525,
      "bid_depth_50": 119878.42,
      "ask_depth_50": 109809.48,
      "bid_depth_100": 119878.42,
      "ask_depth_100": 109809.48,
      "bid_depth_500": 119878.42,
      "ask_depth_500": 109809.48,
      "imbalance": 0.0438,
      "score": 88.0
    },
    "BTC": {
      "tradeable": true,
      "spread_pct": 0.00139,
      "bid_depth_50": 4336202.23,
      "ask_depth_50": 3750255.05,
      "bid_depth_100": 4336202.23,
      "ask_depth_100": 3750255.05,
      "bid_depth_500": 4336202.23,
      "ask_depth_500": 3750255.05,
      "imbalance": 0.0725,
      "score": 100
    },
    "CRV": {
      "tradeable": false,
      "spread_pct": 0.0575,
      "bid_depth_50": 110237.57,
      "ask_depth_50": 119198.28,
      "bid_depth_100": 110237.57,
      "ask_depth_100": 119198.28,
      "bid_depth_500": 110237.57,
      "ask_depth_500": 119198.28,
      "imbalance": -0.0391,
      "score": 57.5
    },
    "DOGE": {
      "tradeable": true,
      "spread_pct": 0.001046,
      "bid_depth_50": 248520.22,
      "ask_depth_50": 296579.71,
      "bid_depth_100": 248520.22,
      "ask_depth_100": 296579.71,
      "bid_depth_500": 248520.22,
      "ask_depth_500": 296579.71,
      "imbalance": -0.0882,
      "score": 100
    },
    "DOT": {
      "tradeable": false,
      "spread_pct": 0.095024,
      "bid_depth_50": 152967.02,
      "ask_depth_50": 91008.38,
      "bid_depth_100": 152967.02,
      "ask_depth_100": 91008.38,
      "bid_depth_500": 152967.02,
      "ask_depth_500": 91008.38,
      "imbalance": 0.254,
      "score": 55.6
    },
    "ENA": {
      "tradeable": true,
      "spread_pct": 0.027391,
      "bid_depth_50": 205296.02,
      "ask_depth_50": 173340.14,
      "bid_depth_100": 205296.02,
      "ask_depth_100": 173340.14,
      "bid_depth_500": 205296.02,
      "ask_depth_500": 173340.14,
      "imbalance": 0.0844,
      "score": 77.2
    },
    "ETH": {
      "tradeable": true,
      "spread_pct": 0.004486,
      "bid_depth_50": 9819217.96,
      "ask_depth_50": 7345813.69,
      "bid_depth_100": 9819217.96,
      "ask_depth_100": 7345813.69,
      "bid_depth_500": 9819217.96,
      "ask_depth_500": 7345813.69,
      "imbalance": 0.1441,
      "score": 100
    },
    "FARTCOIN": {
      "tradeable": true,
      "spread_pct": 0.005063,
      "bid_depth_50": 33307.0,
      "ask_depth_50": 48669.98,
      "bid_depth_100": 33307.0,
      "ask_depth_100": 48669.98,
      "bid_depth_500": 33307.0,
      "ask_depth_500": 48669.98,
      "imbalance": -0.1874,
      "score": 81.4
    },
    "HYPE": {
      "tradeable": true,
      "spread_pct": 0.00242,
      "bid_depth_50": 133414.66,
      "ask_depth_50": 126812.86,
      "bid_depth_100": 133414.66,
      "ask_depth_100": 126812.86,
      "bid_depth_500": 133414.66,
      "ask_depth_500": 126812.86,
      "imbalance": 0.0254,
      "score": 89.3
    },
    "INJ": {
      "tradeable": false,
      "spread_pct": 0.083752,
      "bid_depth_50": 54685.55,
      "ask_depth_50": 26422.27,
      "bid_depth_100": 54685.55,
      "ask_depth_100": 164930.53,
      "bid_depth_500": 54685.55,
      "ask_depth_500": 164930.53,
      "imbalance": 0.3485,
      "score": 55.3
    },
    "JUP": {
      "tradeable": false,
      "spread_pct": 0.060979,
      "bid_depth_50": 47344.27,
      "ask_depth_50": 47087.4,
      "bid_depth_100": 47344.27,
      "ask_depth_100": 47087.4,
      "bid_depth_500": 47344.27,
      "ask_depth_500": 47087.4,
      "imbalance": 0.0027,
      "score": 51.2
    },
    "LDO": {
      "tradeable": true,
      "spread_pct": 0.041933,
      "bid_depth_50": 67710.66,
      "ask_depth_50": 54141.57,
      "bid_depth_100": 67710.66,
      "ask_depth_100": 54141.57,
      "bid_depth_500": 67710.66,
      "ask_depth_500": 54141.57,
      "imbalance": 0.1114,
      "score": 51.3
    },
    "LINK": {
      "tradeable": true,
      "spread_pct": 0.001067,
      "bid_depth_50": 134849.86,
      "ask_depth_50": 104226.58,
      "bid_depth_100": 134849.86,
      "ask_depth_100": 104226.58,
      "bid_depth_500": 134849.86,
      "ask_depth_500": 104226.58,
      "imbalance": 0.1281,
      "score": 88.4
    },
    "LTC": {
      "tradeable": true,
      "spread_pct": 0.007122,
      "bid_depth_50": 131918.94,
      "ask_depth_50": 150315.46,
      "bid_depth_100": 131918.94,
      "ask_depth_100": 150315.46,
      "bid_depth_500": 131918.94,
      "ask_depth_500": 150315.46,
      "imbalance": -0.0652,
      "score": 90.3
    },
    "NEAR": {
      "tradeable": true,
      "spread_pct": 0.049721,
      "bid_depth_50": 119991.91,
      "ask_depth_50": 68975.55,
      "bid_depth_100": 119991.91,
      "ask_depth_100": 68975.55,
      "bid_depth_500": 119991.91,
      "ask_depth_500": 68975.55,
      "imbalance": 0.27,
      "score": 46.5
    },
    "ONDO": {
      "tradeable": false,
      "spread_pct": 0.063349,
      "bid_depth_50": 36439.78,
      "ask_depth_50": 76619.55,
      "bid_depth_100": 36439.78,
      "ask_depth_100": 76619.55,
      "bid_depth_500": 36439.78,
      "ask_depth_500": 76619.55,
      "imbalance": -0.3554,
      "score": 51.9
    },
    "OP": {
      "tradeable": false,
      "spread_pct": 0.069276,
      "bid_depth_50": 45823.58,
      "ask_depth_50": 71912.0,
      "bid_depth_100": 45823.58,
      "ask_depth_100": 153274.17,
      "bid_depth_500": 45823.58,
      "ask_depth_500": 153274.17,
      "imbalance": -0.2216,
      "score": 55.3
    },
    "PAXG": {
      "tradeable": true,
      "spread_pct": 0.002054,
      "bid_depth_50": 584027.18,
      "ask_depth_50": 361499.21,
      "bid_depth_100": 584027.18,
      "ask_depth_100": 361499.21,
      "bid_depth_500": 584027.18,
      "ask_depth_500": 361499.21,
      "imbalance": 0.2353,
      "score": 100
    },
    "PUMP": {
      "tradeable": false,
      "spread_pct": 0.05062,
      "bid_depth_50": 416298.9,
      "ask_depth_50": 380521.17,
      "bid_depth_100": 855588.72,