{
  "timestamp": "2026-03-19T10:08:24.552015+00:00",
  "coins": {
    "AAVE": {
      "tradeable": true,
      "spread_pct": 0.008681,
      "bid_depth_50": 241672.16,
      "ask_depth_50": 279470.14,
      "bid_depth_100": 241672.16,
      "ask_depth_100": 279470.14,
      "bid_depth_500": 241672.16,
      "ask_depth_500": 279470.14,
      "imbalance": -0.0725,
      "score": 100
    },
    "ADA": {
      "tradeable": true,
      "spread_pct": 0.018418,
      "bid_depth_50": 95901.29,
      "ask_depth_50": 120150.96,
      "bid_depth_100": 95901.29,
      "ask_depth_100": 120150.96,
      "bid_depth_500": 95901.29,
      "ask_depth_500": 120150.96,
      "imbalance": -0.1122,
      "score": 79.0
    },
    "APT": {
      "tradeable": true,
      "spread_pct": 0.010301,
      "bid_depth_50": 142559.39,
      "ask_depth_50": 96466.36,
      "bid_depth_100": 142559.39,
      "ask_depth_100": 96466.36,
      "bid_depth_500": 142559.39,
      "ask_depth_500": 96466.36,
      "imbalance": 0.1928,
      "score": 88.1
    },
    "ARB": {
      "tradeable": true,
      "spread_pct": 0.019775,
      "bid_depth_50": 170411.54,
      "ask_depth_50": 169468.73,
      "bid_depth_100": 170411.54,
      "ask_depth_100": 169468.73,
      "bid_depth_500": 170411.54,
      "ask_depth_500": 169468.73,
      "imbalance": 0.0028,
      "score": 83.1
    },
    "AVAX": {
      "tradeable": true,
      "spread_pct": 0.001041,
      "bid_depth_50": 323970.04,
      "ask_depth_50": 77878.83,
      "bid_depth_100": 323970.04,
      "ask_depth_100": 77878.83,
      "bid_depth_500": 323970.04,
      "ask_depth_500": 77878.83,
      "imbalance": 0.6124,
      "score": 95.6
    },
    "BCH": {
      "tradeable": true,
      "spread_pct": 0.002174,
      "bid_depth_50": 100387.79,
      "ask_depth_50": 89494.28,
      "bid_depth_100": 100387.79,
      "ask_depth_100": 89494.28,
      "bid_depth_500": 100387.79,
      "ask_depth_500": 89494.28,
      "imbalance": 0.0574,
      "score": 86.2
    },
    "BNB": {
      "tradeable": true,
      "spread_pct": 0.001544,
      "bid_depth_50": 93907.83,
      "ask_depth_50": 112164.23,
      "bid_depth_100": 93907.83,
      "ask_depth_100": 112164.23,
      "bid_depth_500": 93907.83,
      "ask_depth_500": 112164.23,
      "imbalance": -0.0886,
      "score": 86.9
    },
    "BTC": {
      "tradeable": true,
      "spread_pct": 0.00142,
      "bid_depth_50": 1786294.94,
      "ask_depth_50": 3607287.52,
      "bid_depth_100": 1786294.94,
      "ask_depth_100": 3607287.52,
      "bid_depth_500": 1786294.94,
      "ask_depth_500": 3607287.52,
      "imbalance": -0.3376,
      "score": 100
    },
    "CRV": {
      "tradeable": true,
      "spread_pct": 0.041918,
      "bid_depth_50": 98739.07,
      "ask_depth_50": 95907.61,
      "bid_depth_100": 98739.07,
      "ask_depth_100": 95907.61,
      "bid_depth_500": 98739.07,
      "ask_depth_500": 95907.61,
      "imbalance": 0.0145,
      "score": 54.5
    },
    "DOGE": {
      "tradeable": true,
      "spread_pct": 0.001054,
      "bid_depth_50": 106623.27,
      "ask_depth_50": 256361.62,
      "bid_depth_100": 106623.27,
      "ask_depth_100": 256361.62,
      "bid_depth_500": 106623.27,
      "ask_depth_500": 256361.62,
      "imbalance": -0.4125,
      "score": 93.9
    },
    "DOT": {
      "tradeable": true,
      "spread_pct": 0.032374,
      "bid_depth_50": 114726.87,
      "ask_depth_50": 208844.17,
      "bid_depth_100": 114726.87,
      "ask_depth_100": 208844.17,
      "bid_depth_500": 114726.87,
      "ask_depth_500": 208844.17,
      "imbalance": -0.2909,
      "score": 69.8
    },
    "ENA": {
      "tradeable": true,
      "spread_pct": 0.009575,
      "bid_depth_50": 202794.06,
      "ask_depth_50": 254480.09,
      "bid_depth_100": 202794.06,
      "ask_depth_100": 254480.09,
      "bid_depth_500": 202794.06,
      "ask_depth_500": 254480.09,
      "imbalance": -0.113,
      "score": 98.1
    },
    "ETH": {
      "tradeable": true,
      "spread_pct": 0.004575,
      "bid_depth_50": 6743483.39,
      "ask_depth_50": 6441591.2,
      "bid_depth_100": 6743483.39,
      "ask_depth_100": 6441591.2,
      "bid_depth_500": 6743483.39,
      "ask_depth_500": 6441591.2,
      "imbalance": 0.0229,
      "score": 100
    },
    "FARTCOIN": {
      "tradeable": true,
      "spread_pct": 0.015457,
      "bid_depth_50": 58431.74,
      "ask_depth_50": 48077.02,
      "bid_depth_100": 58431.74,
      "ask_depth_100": 48077.02,
      "bid_depth_500": 58431.74,
      "ask_depth_500": 48077.02,
      "imbalance": 0.0972,
      "score": 77.1
    },
    "HYPE": {
      "tradeable": true,
      "spread_pct": 0.002504,
      "bid_depth_50": 276341.63,
      "ask_depth_50": 157329.73,
      "bid_depth_100": 276341.63,
      "ask_depth_100": 157329.73,
      "bid_depth_500": 276341.63,
      "ask_depth_500": 157329.73,
      "imbalance": 0.2744,
      "score": 97.1
    },
    "INJ": {
      "tradeable": true,
      "spread_pct": 0.039626,
      "bid_depth_50": 44435.54,
      "ask_depth_50": 39289.7,
      "bid_depth_100": 44435.54,
      "ask_depth_100": 43061.09,
      "bid_depth_500": 44435.54,
      "ask_depth_500": 43061.09,
      "imbalance": 0.0615,
      "score": 52.0
    },
    "JUP": {
      "tradeable": true,
      "spread_pct": 0.042891,
      "bid_depth_50": 52614.77,
      "ask_depth_50": 46562.67,
      "bid_depth_100": 52614.77,
      "ask_depth_100": 46562.67,
      "bid_depth_500": 52614.77,
      "ask_depth_500": 46562.67,
      "imbalance": 0.061,
      "score": 49.3
    },
    "LDO": {
      "tradeable": true,
      "spread_pct": 0.01991,
      "bid_depth_50": 27011.32,
      "ask_depth_50": 52127.14,
      "bid_depth_100": 27011.32,
      "ask_depth_100": 52127.14,
      "bid_depth_500": 27011.32,
      "ask_depth_500": 52127.14,
      "imbalance": -0.3174,
      "score": 71.4
    },
    "LINK": {
      "tradeable": true,
      "spread_pct": 0.001092,
      "bid_depth_50": 102182.6,
      "ask_depth_50": 145422.85,
      "bid_depth_100": 102182.6,
      "ask_depth_100": 145422.85,
      "bid_depth_500": 102182.6,
      "ask_depth_500": 145422.85,
      "imbalance": -0.1746,
      "score": 88.8
    },
    "LTC": {
      "tradeable": true,
      "spread_pct": 0.008991,
      "bid_depth_50": 107840.6,
      "ask_depth_50": 127223.65,
      "bid_depth_100": 107840.6,
      "ask_depth_100": 127223.65,
      "bid_depth_500": 107840.6,
      "ask_depth_500": 127223.65,
      "imbalance": -0.0825,
      "score": 88.2
    },
    "NEAR": {
      "tradeable": true,
      "spread_pct": 0.014726,
      "bid_depth_50": 134538.03,
      "ask_depth_50": 134926.61,
      "bid_depth_100": 134538.03,
      "ask_depth_100": 134926.61,
      "bid_depth_500": 134538.03,
      "ask_depth_500": 134926.61,
      "imbalance": -0.0014,
      "score": 85.0
    },
    "ONDO": {
      "tradeable": true,
      "spread_pct": 0.034252,
      "bid_depth_50": 49892.65,
      "ask_depth_50": 104547.74,
      "bid_depth_100": 49892.65,
      "ask_depth_100": 104547.74,
      "bid_depth_500": 49892.65,
      "ask_depth_500": 104547.74,
      "imbalance": -0.3539,
      "score": 60.4
    },
    "OP": {
      "tradeable": true,
      "spread_pct": 0.008144,
      "bid_depth_50": 37058.46,
      "ask_depth_50": 116489.9,
      "bid_depth_100": 131341.11,
      "ask_depth_100": 116489.9,
      "bid_depth_500": 131341.11,
      "ask_depth_500": 116489.9,
      "imbalance": -0.5173,
      "score": 88.8
    },
    "PAXG": {
      "tradeable": true,
      "spread_pct": 0.002123,
      "bid_depth_50": 542129.72,
      "ask_depth_50": 358487.76,
      "bid_depth_100": 542129.72,
      "ask_depth_100": 358487.76,
      "bid_depth_500": 542129.72,
      "ask_depth_500": 358487.76,
      "imbalance": 0.2039,
      "score": 100
    },
    "PUMP": {
      "tradeable": false,
      "spread_pct": 0.104932,
      "bid_depth_50": 375853.43,
      "ask_depth_50": 386441.4,
      "bid_depth_100": 772072.96,