{
  "timestamp": "2026-03-18T21:16:36.269710+00:00",
  "coins": {
    "AAVE": {
      "tradeable": true,
      "spread_pct": 0.0174,
      "bid_depth_50": 289760.26,
      "ask_depth_50": 166314.95,
      "bid_depth_100": 289760.26,
      "ask_depth_100": 166314.95,
      "bid_depth_500": 289760.26,
      "ask_depth_500": 166314.95,
      "imbalance": 0.2707,
      "score": 90.6
    },
    "ADA": {
      "tradeable": true,
      "spread_pct": 0.018267,
      "bid_depth_50": 106439.72,
      "ask_depth_50": 108142.34,
      "bid_depth_100": 106439.72,
      "ask_depth_100": 108142.34,
      "bid_depth_500": 106439.72,
      "ask_depth_500": 108142.34,
      "imbalance": -0.0079,
      "score": 79.0
    },
    "APT": {
      "tradeable": true,
      "spread_pct": 0.020477,
      "bid_depth_50": 81157.08,
      "ask_depth_50": 56441.33,
      "bid_depth_100": 81157.08,
      "ask_depth_100": 56441.33,
      "bid_depth_500": 81157.08,
      "ask_depth_500": 56441.33,
      "imbalance": 0.1796,
      "score": 73.4
    },
    "ARB": {
      "tradeable": true,
      "spread_pct": 0.009745,
      "bid_depth_50": 228649.6,
      "ask_depth_50": 126636.8,
      "bid_depth_100": 228649.6,
      "ask_depth_100": 126636.8,
      "bid_depth_500": 228649.6,
      "ask_depth_500": 126636.8,
      "imbalance": 0.2871,
      "score": 93.6
    },
    "AVAX": {
      "tradeable": true,
      "spread_pct": 0.014455,
      "bid_depth_50": 103105.11,
      "ask_depth_50": 97875.41,
      "bid_depth_100": 103105.11,
      "ask_depth_100": 97875.41,
      "bid_depth_500": 103105.11,
      "ask_depth_500": 97875.41,
      "imbalance": 0.026,
      "score": 82.3
    },
    "BCH": {
      "tradeable": true,
      "spread_pct": 0.002189,
      "bid_depth_50": 97186.74,
      "ask_depth_50": 86514.71,
      "bid_depth_100": 97186.74,
      "ask_depth_100": 86514.71,
      "bid_depth_500": 97186.74,
      "ask_depth_500": 86514.71,
      "imbalance": 0.0581,
      "score": 85.9
    },
    "BNB": {
      "tradeable": true,
      "spread_pct": 0.006145,
      "bid_depth_50": 147024.96,
      "ask_depth_50": 109541.66,
      "bid_depth_100": 147024.96,
      "ask_depth_100": 109541.66,
      "bid_depth_500": 147024.96,
      "ask_depth_500": 109541.66,
      "imbalance": 0.1461,
      "score": 89.2
    },
    "BTC": {
      "tradeable": true,
      "spread_pct": 0.001403,
      "bid_depth_50": 2535396.23,
      "ask_depth_50": 3890035.58,
      "bid_depth_100": 2535396.23,
      "ask_depth_100": 3890035.58,
      "bid_depth_500": 2535396.23,
      "ask_depth_500": 3890035.58,
      "imbalance": -0.2108,
      "score": 100
    },
    "CRV": {
      "tradeable": false,
      "spread_pct": 0.05403,
      "bid_depth_50": 106488.45,
      "ask_depth_50": 93529.74,
      "bid_depth_100": 106488.45,
      "ask_depth_100": 93529.74,
      "bid_depth_500": 106488.45,
      "ask_depth_500": 93529.74,
      "imbalance": 0.0648,
      "score": 56.4
    },
    "DOGE": {
      "tradeable": true,
      "spread_pct": 0.001052,
      "bid_depth_50": 95056.87,
      "ask_depth_50": 329609.21,
      "bid_depth_100": 95056.87,
      "ask_depth_100": 329609.21,
      "bid_depth_500": 95056.87,
      "ask_depth_500": 329609.21,
      "imbalance": -0.5523,
      "score": 96.7
    },
    "DOT": {
      "tradeable": true,
      "spread_pct": 0.0321,
      "bid_depth_50": 134044.36,
      "ask_depth_50": 92514.17,
      "bid_depth_100": 134044.36,
      "ask_depth_100": 92514.17,
      "bid_depth_500": 134044.36,
      "ask_depth_500": 92514.17,
      "imbalance": 0.1833,
      "score": 65.7
    },
    "ENA": {
      "tradeable": false,
      "spread_pct": 0.055223,
      "bid_depth_50": 146041.64,
      "ask_depth_50": 297851.2,
      "bid_depth_100": 146041.64,
      "ask_depth_100": 297851.2,
      "bid_depth_500": 146041.64,
      "ask_depth_500": 297851.2,
      "imbalance": -0.342,
      "score": 67.2
    },
    "ETH": {
      "tradeable": true,
      "spread_pct": 0.004562,
      "bid_depth_50": 7235615.91,
      "ask_depth_50": 6660445.97,
      "bid_depth_100": 7235615.91,
      "ask_depth_100": 6660445.97,
      "bid_depth_500": 7235615.91,
      "ask_depth_500": 6660445.97,
      "imbalance": 0.0414,
      "score": 100
    },
    "FARTCOIN": {
      "tradeable": true,
      "spread_pct": 0.018758,
      "bid_depth_50": 70885.83,
      "ask_depth_50": 29611.38,
      "bid_depth_100": 70885.83,
      "ask_depth_100": 29611.38,
      "bid_depth_500": 70885.83,
      "ask_depth_500": 29611.38,
      "imbalance": 0.4107,
      "score": 73.5
    },
    "HYPE": {
      "tradeable": true,
      "spread_pct": 0.002328,
      "bid_depth_50": 270905.78,
      "ask_depth_50": 454102.74,
      "bid_depth_100": 270905.78,
      "ask_depth_100": 454102.74,
      "bid_depth_500": 270905.78,
      "ask_depth_500": 454102.74,
      "imbalance": -0.2527,
      "score": 100
    },
    "INJ": {
      "tradeable": true,
      "spread_pct": 0.045486,
      "bid_depth_50": 41774.78,
      "ask_depth_50": 36188.87,
      "bid_depth_100": 43351.3,
      "ask_depth_100": 36188.87,
      "bid_depth_500": 43351.3,
      "ask_depth_500": 36188.87,
      "imbalance": 0.0716,
      "score": 45.8
    },
    "JUP": {
      "tradeable": false,
      "spread_pct": 0.06117,
      "bid_depth_50": 44887.67,
      "ask_depth_50": 38168.58,
      "bid_depth_100": 44887.67,
      "ask_depth_100": 38168.58,
      "bid_depth_500": 44887.67,
      "ask_depth_500": 38168.58,
      "imbalance": 0.0809,
      "score": 50.7
    },
    "LDO": {
      "tradeable": true,
      "spread_pct": 0.039553,
      "bid_depth_50": 44860.83,
      "ask_depth_50": 71192.42,
      "bid_depth_100": 44860.83,
      "ask_depth_100": 71192.42,
      "bid_depth_500": 44860.83,
      "ask_depth_500": 71192.42,
      "imbalance": -0.2269,
      "score": 53.4
    },
    "LINK": {
      "tradeable": true,
      "spread_pct": 0.010839,
      "bid_depth_50": 135229.31,
      "ask_depth_50": 126699.06,
      "bid_depth_100": 135229.31,
      "ask_depth_100": 126699.06,
      "bid_depth_500": 135229.31,
      "ask_depth_500": 126699.06,
      "imbalance": 0.0326,
      "score": 88.6
    },
    "LTC": {
      "tradeable": true,
      "spread_pct": 0.005334,
      "bid_depth_50": 149700.57,
      "ask_depth_50": 133197.93,
      "bid_depth_100": 149700.57,
      "ask_depth_100": 133197.93,
      "bid_depth_500": 149700.57,
      "ask_depth_500": 133197.93,
      "imbalance": 0.0583,
      "score": 90.4
    },
    "NEAR": {
      "tradeable": true,
      "spread_pct": 0.007157,
      "bid_depth_50": 135150.31,
      "ask_depth_50": 115169.6,
      "bid_depth_100": 135150.31,
      "ask_depth_100": 115169.6,
      "bid_depth_500": 135150.31,
      "ask_depth_500": 115169.6,
      "imbalance": 0.0798,
      "score": 88.9
    },
    "ONDO": {
      "tradeable": true,
      "spread_pct": 0.015008,
      "bid_depth_50": 95169.83,
      "ask_depth_50": 62395.3,
      "bid_depth_100": 95169.83,
      "ask_depth_100": 62395.3,
      "bid_depth_500": 95169.83,
      "ask_depth_500": 62395.3,
      "imbalance": 0.208,
      "score": 79.8
    },
    "OP": {
      "tradeable": true,
      "spread_pct": 0.031481,
      "bid_depth_50": 65856.42,
      "ask_depth_50": 76132.13,
      "bid_depth_100": 128325.01,
      "ask_depth_100": 76132.13,
      "bid_depth_500": 128325.01,
      "ask_depth_500": 76132.13,
      "imbalance": -0.0724,
      "score": 65.4
    },
    "PAXG": {
      "tradeable": true,
      "spread_pct": 0.002076,
      "bid_depth_50": 200575.18,
      "ask_depth_50": 207106.03,
      "bid_depth_100": 200575.18,
      "ask_depth_100": 207106.03,
      "bid_depth_500": 200575.18,
      "ask_depth_500": 207106.03,
      "imbalance": -0.016,
      "score": 95.9
    },
    "PUMP": {
      "tradeable": false,
      "spread_pct": 0.101678,
      "bid_depth_50": 441623.79,
      "ask_depth_50": 300833.26,
      "bid_depth_100": 755711.14,
      "ask_depth_100": 711879.95,