{
  "timestamp": "2026-03-19T10:03:18.639961+00:00",
  "coins": {
    "AAVE": {
      "tradeable": true,
      "spread_pct": 0.017366,
      "bid_depth_50": 246378.36,
      "ask_depth_50": 239774.69,
      "bid_depth_100": 246378.36,
      "ask_depth_100": 239774.69,
      "bid_depth_500": 246378.36,
      "ask_depth_500": 239774.69,
      "imbalance": 0.0136,
      "score": 92.0
    },
    "ADA": {
      "tradeable": true,
      "spread_pct": 0.014743,
      "bid_depth_50": 96734.1,
      "ask_depth_50": 93411.82,
      "bid_depth_100": 96734.1,
      "ask_depth_100": 93411.82,
      "bid_depth_500": 96734.1,
      "ask_depth_500": 93411.82,
      "imbalance": 0.0175,
      "score": 81.5
    },
    "APT": {
      "tradeable": true,
      "spread_pct": 0.020633,
      "bid_depth_50": 76504.54,
      "ask_depth_50": 90348.64,
      "bid_depth_100": 76504.54,
      "ask_depth_100": 90348.64,
      "bid_depth_500": 76504.54,
      "ask_depth_500": 90348.64,
      "imbalance": -0.083,
      "score": 74.6
    },
    "ARB": {
      "tradeable": true,
      "spread_pct": 0.029687,
      "bid_depth_50": 137959.08,
      "ask_depth_50": 190264.35,
      "bid_depth_100": 137959.08,
      "ask_depth_100": 190264.35,
      "bid_depth_500": 137959.08,
      "ask_depth_500": 190264.35,
      "imbalance": -0.1594,
      "score": 72.7
    },
    "AVAX": {
      "tradeable": true,
      "spread_pct": 0.004166,
      "bid_depth_50": 424904.88,
      "ask_depth_50": 123424.6,
      "bid_depth_100": 424904.88,
      "ask_depth_100": 123424.6,
      "bid_depth_500": 424904.88,
      "ask_depth_500": 123424.6,
      "imbalance": 0.5498,
      "score": 100
    },
    "BCH": {
      "tradeable": true,
      "spread_pct": 0.010879,
      "bid_depth_50": 126925.83,
      "ask_depth_50": 77226.15,
      "bid_depth_100": 126925.83,
      "ask_depth_100": 77226.15,
      "bid_depth_500": 126925.83,
      "ask_depth_500": 77226.15,
      "imbalance": 0.2434,
      "score": 86.0
    },
    "BNB": {
      "tradeable": true,
      "spread_pct": 0.007722,
      "bid_depth_50": 99009.51,
      "ask_depth_50": 97670.78,
      "bid_depth_100": 99009.51,
      "ask_depth_100": 97670.78,
      "bid_depth_500": 99009.51,
      "ask_depth_500": 97670.78,
      "imbalance": 0.0068,
      "score": 86.5
    },
    "BTC": {
      "tradeable": true,
      "spread_pct": 0.00142,
      "bid_depth_50": 1227534.6,
      "ask_depth_50": 8060164.23,
      "bid_depth_100": 1227534.6,
      "ask_depth_100": 8060164.23,
      "bid_depth_500": 1227534.6,
      "ask_depth_500": 8060164.23,
      "imbalance": -0.7357,
      "score": 100
    },
    "CRV": {
      "tradeable": true,
      "spread_pct": 0.046115,
      "bid_depth_50": 98131.34,
      "ask_depth_50": 101111.58,
      "bid_depth_100": 98131.34,
      "ask_depth_100": 101111.58,
      "bid_depth_500": 98131.34,
      "ask_depth_500": 101111.58,
      "imbalance": -0.015,
      "score": 50.5
    },
    "DOGE": {
      "tradeable": true,
      "spread_pct": 0.005268,
      "bid_depth_50": 124126.45,
      "ask_depth_50": 296919.44,
      "bid_depth_100": 124126.45,
      "ask_depth_100": 296919.44,
      "bid_depth_500": 124126.45,
      "ask_depth_500": 296919.44,
      "imbalance": -0.4104,
      "score": 96.5
    },
    "DOT": {
      "tradeable": true,
      "spread_pct": 0.006476,
      "bid_depth_50": 106817.63,
      "ask_depth_50": 111910.95,
      "bid_depth_100": 106817.63,
      "ask_depth_100": 111910.95,
      "bid_depth_500": 106817.63,
      "ask_depth_500": 111910.95,
      "imbalance": -0.0233,
      "score": 87.5
    },
    "ENA": {
      "tradeable": true,
      "spread_pct": 0.009577,
      "bid_depth_50": 251797.67,
      "ask_depth_50": 207462.23,
      "bid_depth_100": 251797.67,
      "ask_depth_100": 207462.23,
      "bid_depth_500": 251797.67,
      "ask_depth_500": 207462.23,
      "imbalance": 0.0965,
      "score": 98.2
    },
    "ETH": {
      "tradeable": true,
      "spread_pct": 0.004576,
      "bid_depth_50": 8308785.92,
      "ask_depth_50": 6512871.99,
      "bid_depth_100": 8308785.92,
      "ask_depth_100": 6512871.99,
      "bid_depth_500": 8308785.92,
      "ask_depth_500": 6512871.99,
      "imbalance": 0.1212,
      "score": 100
    },
    "FARTCOIN": {
      "tradeable": true,
      "spread_pct": 0.020607,
      "bid_depth_50": 60198.49,
      "ask_depth_50": 50018.88,
      "bid_depth_100": 60198.49,
      "ask_depth_100": 50018.88,
      "bid_depth_500": 60198.49,
      "ask_depth_500": 50018.88,
      "imbalance": 0.0924,
      "score": 72.1
    },
    "HYPE": {
      "tradeable": true,
      "spread_pct": 0.01505,
      "bid_depth_50": 230393.18,
      "ask_depth_50": 177278.2,
      "bid_depth_100": 230393.18,
      "ask_depth_100": 177278.2,
      "bid_depth_500": 230393.18,
      "ask_depth_500": 177278.2,
      "imbalance": 0.1303,
      "score": 90.8
    },
    "INJ": {
      "tradeable": true,
      "spread_pct": 0.039629,
      "bid_depth_50": 189556.99,
      "ask_depth_50": 37888.16,
      "bid_depth_100": 189556.99,
      "ask_depth_100": 40140.5,
      "bid_depth_500": 189556.99,
      "ask_depth_500": 40140.5,
      "imbalance": 0.6668,
      "score": 58.4
    },
    "JUP": {
      "tradeable": true,
      "spread_pct": 0.030648,
      "bid_depth_50": 40943.12,
      "ask_depth_50": 51841.67,
      "bid_depth_100": 40943.12,
      "ask_depth_100": 51841.67,
      "bid_depth_500": 40943.12,
      "ask_depth_500": 51841.67,
      "imbalance": -0.1175,
      "score": 61.3
    },
    "LDO": {
      "tradeable": true,
      "spread_pct": 0.019906,
      "bid_depth_50": 31026.03,
      "ask_depth_50": 72275.46,
      "bid_depth_100": 31026.03,
      "ask_depth_100": 72275.46,
      "bid_depth_500": 31026.03,
      "ask_depth_500": 72275.46,
      "imbalance": -0.3993,
      "score": 72.5
    },
    "LINK": {
      "tradeable": true,
      "spread_pct": 0.021849,
      "bid_depth_50": 104189.25,
      "ask_depth_50": 102112.12,
      "bid_depth_100": 104189.25,
      "ask_depth_100": 102112.12,
      "bid_depth_500": 104189.25,
      "ask_depth_500": 102112.12,
      "imbalance": 0.0101,
      "score": 75.1
    },
    "LTC": {
      "tradeable": true,
      "spread_pct": 0.023385,
      "bid_depth_50": 145184.94,
      "ask_depth_50": 127920.32,
      "bid_depth_100": 145184.94,
      "ask_depth_100": 127920.32,
      "bid_depth_500": 145184.94,
      "ask_depth_500": 127920.32,
      "imbalance": 0.0632,
      "score": 76.5
    },
    "NEAR": {
      "tradeable": true,
      "spread_pct": 0.014726,
      "bid_depth_50": 124236.58,
      "ask_depth_50": 116605.96,
      "bid_depth_100": 124236.58,
      "ask_depth_100": 116605.96,
      "bid_depth_500": 124236.58,
      "ask_depth_500": 116605.96,
      "imbalance": 0.0317,
      "score": 83.8
    },
    "ONDO": {
      "tradeable": true,
      "spread_pct": 0.02663,
      "bid_depth_50": 51556.2,
      "ask_depth_50": 74322.47,
      "bid_depth_100": 51556.2,
      "ask_depth_100": 74322.47,
      "bid_depth_500": 51556.2,
      "ask_depth_500": 74322.47,
      "imbalance": -0.1809,
      "score": 66.7
    },
    "OP": {
      "tradeable": true,
      "spread_pct": 0.032523,
      "bid_depth_50": 37599.1,
      "ask_depth_50": 99546.27,
      "bid_depth_100": 116183.99,
      "ask_depth_100": 99546.27,
      "bid_depth_500": 116183.99,
      "ask_depth_500": 99546.27,
      "imbalance": -0.4517,
      "score": 64.8
    },
    "PAXG": {
      "tradeable": true,
      "spread_pct": 0.012765,
      "bid_depth_50": 564798.43,
      "ask_depth_50": 536120.22,
      "bid_depth_100": 564798.43,
      "ask_depth_100": 536120.22,
      "bid_depth_500": 564798.43,
      "ask_depth_500": 536120.22,
      "imbalance": 0.026,
      "score": 97.2
    },
    "PUMP": {
      "tradeable": false,
      "spread_pct": 0.105485,
      "bid_depth_50": 512930.41,
      "ask_depth_50": 329153.79,
      "bid_depth_100": 769263.76,
      "ask_depth_100": 671846.01,