{
  "timestamp": "2026-03-19T21:11:42.374250+00:00",
  "coins": {
    "AAVE": {
      "tradeable": true,
      "spread_pct": 0.017821,
      "bid_depth_50": 241613.78,
      "ask_depth_50": 254601.52,
      "bid_depth_100": 241613.78,
      "ask_depth_100": 254601.52,
      "bid_depth_500": 241613.78,
      "ask_depth_500": 254601.52,
      "imbalance": -0.0262,
      "score": 92.0
    },
    "ADA": {
      "tradeable": true,
      "spread_pct": 0.014915,
      "bid_depth_50": 101452.73,
      "ask_depth_50": 79827.18,
      "bid_depth_100": 101452.73,
      "ask_depth_100": 79827.18,
      "bid_depth_500": 101452.73,
      "ask_depth_500": 79827.18,
      "imbalance": 0.1193,
      "score": 80.9
    },
    "APT": {
      "tradeable": true,
      "spread_pct": 0.031704,
      "bid_depth_50": 124352.02,
      "ask_depth_50": 153307.33,
      "bid_depth_100": 124352.02,
      "ask_depth_100": 153307.33,
      "bid_depth_500": 124352.02,
      "ask_depth_500": 153307.33,
      "imbalance": -0.1043,
      "score": 68.4
    },
    "ARB": {
      "tradeable": true,
      "spread_pct": 0.010074,
      "bid_depth_50": 129014.38,
      "ask_depth_50": 170618.05,
      "bid_depth_100": 129014.38,
      "ask_depth_100": 170618.05,
      "bid_depth_500": 129014.38,
      "ask_depth_500": 170618.05,
      "imbalance": -0.1388,
      "score": 91.0
    },
    "AVAX": {
      "tradeable": true,
      "spread_pct": 0.014701,
      "bid_depth_50": 60732.97,
      "ask_depth_50": 74066.7,
      "bid_depth_100": 60732.97,
      "ask_depth_100": 74066.7,
      "bid_depth_500": 60732.97,
      "ask_depth_500": 74066.7,
      "imbalance": -0.0989,
      "score": 79.1
    },
    "BCH": {
      "tradeable": true,
      "spread_pct": 0.013125,
      "bid_depth_50": 80687.15,
      "ask_depth_50": 100582.85,
      "bid_depth_100": 80687.15,
      "ask_depth_100": 100582.85,
      "bid_depth_500": 80687.15,
      "ask_depth_500": 100582.85,
      "imbalance": -0.1098,
      "score": 82.7
    },
    "BNB": {
      "tradeable": true,
      "spread_pct": 0.001555,
      "bid_depth_50": 113896.6,
      "ask_depth_50": 116820.21,
      "bid_depth_100": 113896.6,
      "ask_depth_100": 116820.21,
      "bid_depth_500": 113896.6,
      "ask_depth_500": 116820.21,
      "imbalance": -0.0127,
      "score": 88.0
    },
    "BTC": {
      "tradeable": true,
      "spread_pct": 0.001415,
      "bid_depth_50": 5291186.93,
      "ask_depth_50": 2261269.91,
      "bid_depth_100": 5291186.93,
      "ask_depth_100": 2261269.91,
      "bid_depth_500": 5291186.93,
      "ask_depth_500": 2261269.91,
      "imbalance": 0.4012,
      "score": 100
    },
    "CRV": {
      "tradeable": true,
      "spread_pct": 0.008452,
      "bid_depth_50": 89228.97,
      "ask_depth_50": 89754.27,
      "bid_depth_100": 89228.97,
      "ask_depth_100": 89754.27,
      "bid_depth_500": 89228.97,
      "ask_depth_500": 89754.27,
      "imbalance": -0.0029,
      "score": 85.7
    },
    "DOGE": {
      "tradeable": true,
      "spread_pct": 0.00427,
      "bid_depth_50": 113154.63,
      "ask_depth_50": 260146.24,
      "bid_depth_100": 113154.63,
      "ask_depth_100": 260146.24,
      "bid_depth_500": 113154.63,
      "ask_depth_500": 260146.24,
      "imbalance": -0.3938,
      "score": 94.4
    },
    "DOT": {
      "tradeable": true,
      "spread_pct": 0.039241,
      "bid_depth_50": 90369.46,
      "ask_depth_50": 166372.31,
      "bid_depth_100": 90369.46,
      "ask_depth_100": 166372.31,
      "bid_depth_500": 90369.46,
      "ask_depth_500": 166372.31,
      "imbalance": -0.296,
      "score": 59.9
    },
    "ENA": {
      "tradeable": false,
      "spread_pct": 0.058145,
      "bid_depth_50": 245183.11,
      "ask_depth_50": 310942.41,
      "bid_depth_100": 245183.11,
      "ask_depth_100": 310942.41,
      "bid_depth_500": 245183.11,
      "ask_depth_500": 310942.41,
      "imbalance": -0.1182,
      "score": 69.5
    },
    "ETH": {
      "tradeable": true,
      "spread_pct": 0.004644,
      "bid_depth_50": 9878874.83,
      "ask_depth_50": 5393179.11,
      "bid_depth_100": 9878874.83,
      "ask_depth_100": 5393179.11,
      "bid_depth_500": 9878874.83,
      "ask_depth_500": 5393179.11,
      "imbalance": 0.2937,
      "score": 100
    },
    "FARTCOIN": {
      "tradeable": true,
      "spread_pct": 0.004986,
      "bid_depth_50": 744793.38,
      "ask_depth_50": 51480.69,
      "bid_depth_100": 744793.38,
      "ask_depth_100": 51480.69,
      "bid_depth_500": 744793.38,
      "ask_depth_500": 51480.69,
      "imbalance": 0.8707,
      "score": 100
    },
    "HYPE": {
      "tradeable": true,
      "spread_pct": 0.002523,
      "bid_depth_50": 121373.98,
      "ask_depth_50": 151402.55,
      "bid_depth_100": 121373.98,
      "ask_depth_100": 151402.55,
      "bid_depth_500": 121373.98,
      "ask_depth_500": 151402.55,
      "imbalance": -0.1101,
      "score": 89.9
    },
    "INJ": {
      "tradeable": true,
      "spread_pct": 0.026424,
      "bid_depth_50": 42986.18,
      "ask_depth_50": 26518.89,
      "bid_depth_100": 42986.18,
      "ask_depth_100": 26518.89,
      "bid_depth_500": 42986.18,
      "ask_depth_500": 26518.89,
      "imbalance": 0.2369,
      "score": 64.4
    },
    "JUP": {
      "tradeable": true,
      "spread_pct": 0.037425,
      "bid_depth_50": 46072.65,
      "ask_depth_50": 42100.73,
      "bid_depth_100": 46072.65,
      "ask_depth_100": 42100.73,
      "bid_depth_500": 46072.65,
      "ask_depth_500": 42100.73,
      "imbalance": 0.045,
      "score": 54.3
    },
    "LDO": {
      "tradeable": true,
      "spread_pct": 0.047008,
      "bid_depth_50": 39304.3,
      "ask_depth_50": 55151.46,
      "bid_depth_100": 39304.3,
      "ask_depth_100": 55151.46,
      "bid_depth_500": 39304.3,
      "ask_depth_500": 55151.46,
      "imbalance": -0.1678,
      "score": 45.0
    },
    "LINK": {
      "tradeable": true,
      "spread_pct": 0.001102,
      "bid_depth_50": 112298.27,
      "ask_depth_50": 108883.33,
      "bid_depth_100": 112298.27,
      "ask_depth_100": 108883.33,
      "bid_depth_500": 112298.27,
      "ask_depth_500": 108883.33,
      "imbalance": 0.0154,
      "score": 87.6
    },
    "LTC": {
      "tradeable": true,
      "spread_pct": 0.012533,
      "bid_depth_50": 122597.19,
      "ask_depth_50": 171271.76,
      "bid_depth_100": 122597.19,
      "ask_depth_100": 171271.76,
      "bid_depth_500": 122597.19,
      "ask_depth_500": 171271.76,
      "imbalance": -0.1656,
      "score": 88.3
    },
    "NEAR": {
      "tradeable": true,
      "spread_pct": 0.044903,
      "bid_depth_50": 140518.38,
      "ask_depth_50": 119128.15,
      "bid_depth_100": 140518.38,
      "ask_depth_100": 119128.15,
      "bid_depth_500": 140518.38,
      "ask_depth_500": 119128.15,
      "imbalance": 0.0824,
      "score": 54.4
    },
    "ONDO": {
      "tradeable": true,
      "spread_pct": 0.00775,
      "bid_depth_50": 50915.69,
      "ask_depth_50": 78929.74,
      "bid_depth_100": 50915.69,
      "ask_depth_100": 78929.74,
      "bid_depth_500": 50915.69,
      "ask_depth_500": 78929.74,
      "imbalance": -0.2157,
      "score": 83.5
    },
    "OP": {
      "tradeable": true,
      "spread_pct": 0.008274,
      "bid_depth_50": 87195.78,
      "ask_depth_50": 147631.51,
      "bid_depth_100": 87195.78,
      "ask_depth_100": 147631.51,
      "bid_depth_500": 87195.78,
      "ask_depth_500": 147631.51,
      "imbalance": -0.2574,
      "score": 88.2
    },
    "PAXG": {
      "tradeable": true,
      "spread_pct": 0.002143,
      "bid_depth_50": 208233.92,
      "ask_depth_50": 184925.99,
      "bid_depth_100": 208233.92,
      "ask_depth_100": 184925.99,
      "bid_depth_500": 208233.92,
      "ask_depth_500": 184925.99,
      "imbalance": 0.0593,
      "score": 95.3
    },
    "PUMP": {
      "tradeable": false,
      "spread_pct": 0.053691,
      "bid_depth_50": 393554.85,
      "ask_depth_50": 294284.11,
      "bid_depth_100": 693959.16,