{
  "timestamp": "2026-03-19T13:35:01.600864+00:00",
  "coins": {
    "AAVE": {
      "tradeable": true,
      "spread_pct": 0.044537,
      "bid_depth_50": 205523.68,
      "ask_depth_50": 231925.64,
      "bid_depth_100": 205523.68,
      "ask_depth_100": 231925.64,
      "bid_depth_500": 205523.68,
      "ask_depth_500": 231925.64,
      "imbalance": -0.0604,
      "score": 62.7
    },
    "ADA": {
      "tradeable": true,
      "spread_pct": 0.003781,
      "bid_depth_50": 81168.02,
      "ask_depth_50": 86696.09,
      "bid_depth_100": 81168.02,
      "ask_depth_100": 86696.09,
      "bid_depth_500": 81168.02,
      "ask_depth_500": 86696.09,
      "imbalance": -0.0329,
      "score": 85.2
    },
    "APT": {
      "tradeable": true,
      "spread_pct": 0.042057,
      "bid_depth_50": 73755.3,
      "ask_depth_50": 80269.17,
      "bid_depth_100": 73755.3,
      "ask_depth_100": 80269.17,
      "bid_depth_500": 73755.3,
      "ask_depth_500": 80269.17,
      "imbalance": -0.0423,
      "score": 52.6
    },
    "ARB": {
      "tradeable": false,
      "spread_pct": 0.050682,
      "bid_depth_50": 186693.67,
      "ask_depth_50": 282141.05,
      "bid_depth_100": 186693.67,
      "ask_depth_100": 282141.05,
      "bid_depth_500": 186693.67,
      "ask_depth_500": 282141.05,
      "imbalance": -0.2036,
      "score": 68.6
    },
    "AVAX": {
      "tradeable": true,
      "spread_pct": 0.022285,
      "bid_depth_50": 84657.35,
      "ask_depth_50": 69880.41,
      "bid_depth_100": 84657.35,
      "ask_depth_100": 69880.41,
      "bid_depth_500": 84657.35,
      "ask_depth_500": 69880.41,
      "imbalance": 0.0956,
      "score": 72.4
    },
    "BCH": {
      "tradeable": true,
      "spread_pct": 0.015424,
      "bid_depth_50": 110599.5,
      "ask_depth_50": 101462.39,
      "bid_depth_100": 110599.5,
      "ask_depth_100": 101462.39,
      "bid_depth_500": 110599.5,
      "ask_depth_500": 101462.39,
      "imbalance": 0.0431,
      "score": 81.8
    },
    "BNB": {
      "tradeable": true,
      "spread_pct": 0.025064,
      "bid_depth_50": 127054.04,
      "ask_depth_50": 108231.29,
      "bid_depth_100": 127054.04,
      "ask_depth_100": 108231.29,
      "bid_depth_500": 127054.04,
      "ask_depth_500": 108231.29,
      "imbalance": 0.08,
      "score": 73.2
    },
    "BTC": {
      "tradeable": true,
      "spread_pct": 0.001442,
      "bid_depth_50": 934795.07,
      "ask_depth_50": 15026717.57,
      "bid_depth_100": 934795.07,
      "ask_depth_100": 15026717.57,
      "bid_depth_500": 934795.07,
      "ask_depth_500": 15026717.57,
      "imbalance": -0.8829,
      "score": 100
    },
    "CRV": {
      "tradeable": false,
      "spread_pct": 0.08204,
      "bid_depth_50": 107569.38,
      "ask_depth_50": 97109.11,
      "bid_depth_100": 107569.38,
      "ask_depth_100": 97109.11,
      "bid_depth_500": 107569.38,
      "ask_depth_500": 97109.11,
      "imbalance": 0.0511,
      "score": 54.7
    },
    "DOGE": {
      "tradeable": true,
      "spread_pct": 0.011875,
      "bid_depth_50": 120971.07,
      "ask_depth_50": 323197.7,
      "bid_depth_100": 120971.07,
      "ask_depth_100": 323197.7,
      "bid_depth_500": 120971.07,
      "ask_depth_500": 323197.7,
      "imbalance": -0.4553,
      "score": 95.6
    },
    "DOT": {
      "tradeable": false,
      "spread_pct": 0.065911,
      "bid_depth_50": 83504.83,
      "ask_depth_50": 173136.56,
      "bid_depth_100": 83504.83,
      "ask_depth_100": 173136.56,
      "bid_depth_500": 83504.83,
      "ask_depth_500": 173136.56,
      "imbalance": -0.3492,
      "score": 58.1
    },
    "ENA": {
      "tradeable": true,
      "spread_pct": 0.029315,
      "bid_depth_50": 205110.9,
      "ask_depth_50": 187608.72,
      "bid_depth_100": 205110.9,
      "ask_depth_100": 187608.72,
      "bid_depth_500": 205110.9,
      "ask_depth_500": 187608.72,
      "imbalance": 0.0446,
      "score": 75.9
    },
    "ETH": {
      "tradeable": true,
      "spread_pct": 0.014151,
      "bid_depth_50": 3045820.12,
      "ask_depth_50": 7928026.99,
      "bid_depth_100": 3045820.12,
      "ask_depth_100": 7928026.99,
      "bid_depth_500": 3045820.12,
      "ask_depth_500": 7928026.99,
      "imbalance": -0.4449,
      "score": 95.8
    },
    "FARTCOIN": {
      "tradeable": true,
      "spread_pct": 0.01566,
      "bid_depth_50": 33559.65,
      "ask_depth_50": 95695.2,
      "bid_depth_100": 33559.65,
      "ask_depth_100": 95695.2,
      "bid_depth_500": 33559.65,
      "ask_depth_500": 95695.2,
      "imbalance": -0.4807,
      "score": 77.9
    },
    "HYPE": {
      "tradeable": true,
      "spread_pct": 0.002563,
      "bid_depth_50": 842660.43,
      "ask_depth_50": 28468.02,
      "bid_depth_100": 842660.43,
      "ask_depth_100": 28468.02,
      "bid_depth_500": 842660.43,
      "ask_depth_500": 28468.02,
      "imbalance": 0.9346,
      "score": 100
    },
    "INJ": {
      "tradeable": true,
      "spread_pct": 0.010109,
      "bid_depth_50": 34004.23,
      "ask_depth_50": 30374.3,
      "bid_depth_100": 34004.23,
      "ask_depth_100": 174103.0,
      "bid_depth_500": 34004.23,
      "ask_depth_500": 174103.0,
      "imbalance": 0.0564,
      "score": 86.9
    },
    "JUP": {
      "tradeable": false,
      "spread_pct": 0.056517,
      "bid_depth_50": 39604.18,
      "ask_depth_50": 50512.16,
      "bid_depth_100": 39604.18,
      "ask_depth_100": 50512.16,
      "bid_depth_500": 39604.18,
      "ask_depth_500": 50512.16,
      "imbalance": -0.121,
      "score": 51.3
    },
    "LDO": {
      "tradeable": true,
      "spread_pct": 0.023742,
      "bid_depth_50": 34010.6,
      "ask_depth_50": 66050.14,
      "bid_depth_100": 34010.6,
      "ask_depth_100": 66050.14,
      "bid_depth_500": 34010.6,
      "ask_depth_500": 66050.14,
      "imbalance": -0.3202,
      "score": 68.5
    },
    "LINK": {
      "tradeable": true,
      "spread_pct": 0.030216,
      "bid_depth_50": 105276.47,
      "ask_depth_50": 90748.76,
      "bid_depth_100": 105276.47,
      "ask_depth_100": 90748.76,
      "bid_depth_500": 105276.47,
      "ask_depth_500": 90748.76,
      "imbalance": 0.0741,
      "score": 66.3
    },
    "LTC": {
      "tradeable": true,
      "spread_pct": 0.020074,
      "bid_depth_50": 122576.96,
      "ask_depth_50": 133473.74,
      "bid_depth_100": 122576.96,
      "ask_depth_100": 133473.74,
      "bid_depth_500": 122576.96,
      "ask_depth_500": 133473.74,
      "imbalance": -0.0426,
      "score": 79.1
    },
    "NEAR": {
      "tradeable": true,
      "spread_pct": 0.015078,
      "bid_depth_50": 80382.64,
      "ask_depth_50": 133128.98,
      "bid_depth_100": 80382.64,
      "ask_depth_100": 133128.98,
      "bid_depth_500": 80382.64,
      "ask_depth_500": 133128.98,
      "imbalance": -0.247,
      "score": 82.2
    },
    "ONDO": {
      "tradeable": true,
      "spread_pct": 0.003903,
      "bid_depth_50": 52980.25,
      "ask_depth_50": 63654.25,
      "bid_depth_100": 52980.25,
      "ask_depth_100": 63654.25,
      "bid_depth_500": 52980.25,
      "ask_depth_500": 63654.25,
      "imbalance": -0.0915,
      "score": 83.0
    },
    "OP": {
      "tradeable": false,
      "spread_pct": 0.058036,
      "bid_depth_50": 36048.1,
      "ask_depth_50": 147670.44,
      "bid_depth_100": 98857.65,
      "ask_depth_100": 147670.44,
      "bid_depth_500": 98857.65,
      "ask_depth_500": 147670.44,
      "imbalance": -0.6076,
      "score": 58.2
    },
    "PAXG": {
      "tradeable": true,
      "spread_pct": 0.008743,
      "bid_depth_50": 454893.75,
      "ask_depth_50": 569464.65,
      "bid_depth_100": 454893.75,
      "ask_depth_100": 569464.65,
      "bid_depth_500": 454893.75,
      "ask_depth_500": 569464.65,
      "imbalance": -0.1118,
      "score": 100
    },
    "PUMP": {
      "tradeable": false,
      "spread_pct": 0.107991,
      "bid_depth_50": 411104.46,
      "ask_depth_50": 369838.26,
      "bid_depth_100": 834250.71,
      "ask_depth_100": 792295.4,