{
  "timestamp": "2026-03-19T19:48:05.750953+00:00",
  "coins": {
    "AAVE": {
      "tradeable": true,
      "spread_pct": 0.017811,
      "bid_depth_50": 293359.9,
      "ask_depth_50": 225962.23,
      "bid_depth_100": 293359.9,
      "ask_depth_100": 225962.23,
      "bid_depth_500": 293359.9,
      "ask_depth_500": 225962.23,
      "imbalance": 0.1298,
      "score": 92.2
    },
    "ADA": {
      "tradeable": true,
      "spread_pct": 0.022426,
      "bid_depth_50": 126203.87,
      "ask_depth_50": 113657.59,
      "bid_depth_100": 126203.87,
      "ask_depth_100": 113657.59,
      "bid_depth_500": 126203.87,
      "ask_depth_500": 113657.59,
      "imbalance": 0.0523,
      "score": 76.0
    },
    "APT": {
      "tradeable": true,
      "spread_pct": 0.021175,
      "bid_depth_50": 115840.61,
      "ask_depth_50": 65003.53,
      "bid_depth_100": 115840.61,
      "ask_depth_100": 65003.53,
      "bid_depth_500": 115840.61,
      "ask_depth_500": 65003.53,
      "imbalance": 0.2811,
      "score": 74.6
    },
    "ARB": {
      "tradeable": true,
      "spread_pct": 0.030274,
      "bid_depth_50": 221193.63,
      "ask_depth_50": 188576.73,
      "bid_depth_100": 221193.63,
      "ask_depth_100": 188576.73,
      "bid_depth_500": 221193.63,
      "ask_depth_500": 188576.73,
      "imbalance": 0.0796,
      "score": 75.7
    },
    "AVAX": {
      "tradeable": true,
      "spread_pct": 0.009447,
      "bid_depth_50": 59932.55,
      "ask_depth_50": 75475.73,
      "bid_depth_100": 59932.55,
      "ask_depth_100": 75475.73,
      "bid_depth_500": 59932.55,
      "ask_depth_500": 75475.73,
      "imbalance": -0.1148,
      "score": 83.8
    },
    "BCH": {
      "tradeable": true,
      "spread_pct": 0.017508,
      "bid_depth_50": 86053.87,
      "ask_depth_50": 61925.88,
      "bid_depth_100": 86053.87,
      "ask_depth_100": 61925.88,
      "bid_depth_500": 86053.87,
      "ask_depth_500": 61925.88,
      "imbalance": 0.163,
      "score": 76.8
    },
    "BNB": {
      "tradeable": true,
      "spread_pct": 0.001561,
      "bid_depth_50": 100078.85,
      "ask_depth_50": 144832.92,
      "bid_depth_100": 100078.85,
      "ask_depth_100": 144832.92,
      "bid_depth_500": 100078.85,
      "ask_depth_500": 144832.92,
      "imbalance": -0.1827,
      "score": 88.7
    },
    "BTC": {
      "tradeable": true,
      "spread_pct": 0.001421,
      "bid_depth_50": 4425967.75,
      "ask_depth_50": 2059011.49,
      "bid_depth_100": 4425967.75,
      "ask_depth_100": 2059011.49,
      "bid_depth_500": 4425967.75,
      "ask_depth_500": 2059011.49,
      "imbalance": 0.365,
      "score": 100
    },
    "CRV": {
      "tradeable": false,
      "spread_pct": 0.055318,
      "bid_depth_50": 96995.25,
      "ask_depth_50": 63993.39,
      "bid_depth_100": 96995.25,
      "ask_depth_100": 63993.39,
      "bid_depth_500": 96995.25,
      "ask_depth_500": 63993.39,
      "imbalance": 0.205,
      "score": 54.6
    },
    "DOGE": {
      "tradeable": true,
      "spread_pct": 0.009616,
      "bid_depth_50": 325776.08,
      "ask_depth_50": 258756.85,
      "bid_depth_100": 325776.08,
      "ask_depth_100": 258756.85,
      "bid_depth_500": 325776.08,
      "ask_depth_500": 258756.85,
      "imbalance": 0.1147,
      "score": 100
    },
    "DOT": {
      "tradeable": true,
      "spread_pct": 0.026108,
      "bid_depth_50": 59035.41,
      "ask_depth_50": 133054.99,
      "bid_depth_100": 59035.41,
      "ask_depth_100": 133054.99,
      "bid_depth_500": 59035.41,
      "ask_depth_500": 133054.99,
      "imbalance": -0.3853,
      "score": 70.2
    },
    "ENA": {
      "tradeable": true,
      "spread_pct": 0.048645,
      "bid_depth_50": 218644.27,
      "ask_depth_50": 244724.14,
      "bid_depth_100": 218644.27,
      "ask_depth_100": 244724.14,
      "bid_depth_500": 218644.27,
      "ask_depth_500": 244724.14,
      "imbalance": -0.0563,
      "score": 59.7
    },
    "ETH": {
      "tradeable": true,
      "spread_pct": 0.00466,
      "bid_depth_50": 8151729.98,
      "ask_depth_50": 6675343.48,
      "bid_depth_100": 8151729.98,
      "ask_depth_100": 6675343.48,
      "bid_depth_500": 8151729.98,
      "ask_depth_500": 6675343.48,
      "imbalance": 0.0996,
      "score": 100
    },
    "FARTCOIN": {
      "tradeable": true,
      "spread_pct": 0.025124,
      "bid_depth_50": 59766.15,
      "ask_depth_50": 36144.61,
      "bid_depth_100": 59766.15,
      "ask_depth_100": 36144.61,
      "bid_depth_500": 59766.15,
      "ask_depth_500": 36144.61,
      "imbalance": 0.2463,
      "score": 66.9
    },
    "HYPE": {
      "tradeable": true,
      "spread_pct": 0.009903,
      "bid_depth_50": 112118.9,
      "ask_depth_50": 124559.66,
      "bid_depth_100": 112118.9,
      "ask_depth_100": 124559.66,
      "bid_depth_500": 112118.9,
      "ask_depth_500": 124559.66,
      "imbalance": -0.0526,
      "score": 88.3
    },
    "INJ": {
      "tradeable": true,
      "spread_pct": 0.039898,
      "bid_depth_50": 39503.44,
      "ask_depth_50": 25916.02,
      "bid_depth_100": 39503.44,
      "ask_depth_100": 25916.02,
      "bid_depth_500": 39503.44,
      "ask_depth_500": 25916.02,
      "imbalance": 0.2077,
      "score": 50.8
    },
    "JUP": {
      "tradeable": true,
      "spread_pct": 0.037379,
      "bid_depth_50": 42890.72,
      "ask_depth_50": 46447.4,
      "bid_depth_100": 42890.72,
      "ask_depth_100": 46447.4,
      "bid_depth_500": 42890.72,
      "ask_depth_500": 46447.4,
      "imbalance": -0.0398,
      "score": 54.4
    },
    "LDO": {
      "tradeable": true,
      "spread_pct": 0.040405,
      "bid_depth_50": 36182.51,
      "ask_depth_50": 57384.47,
      "bid_depth_100": 36182.51,
      "ask_depth_100": 57384.47,
      "bid_depth_500": 36182.51,
      "ask_depth_500": 57384.47,
      "imbalance": -0.2266,
      "score": 51.5
    },
    "LINK": {
      "tradeable": true,
      "spread_pct": 0.005524,
      "bid_depth_50": 109794.57,
      "ask_depth_50": 110558.72,
      "bid_depth_100": 109794.57,
      "ask_depth_100": 110558.72,
      "bid_depth_500": 109794.57,
      "ask_depth_500": 110558.72,
      "imbalance": -0.0035,
      "score": 87.6
    },
    "LTC": {
      "tradeable": true,
      "spread_pct": 0.007184,
      "bid_depth_50": 102112.91,
      "ask_depth_50": 151673.56,
      "bid_depth_100": 102112.91,
      "ask_depth_100": 151673.56,
      "bid_depth_500": 102112.91,
      "ask_depth_500": 151673.56,
      "imbalance": -0.1953,
      "score": 89.1
    },
    "NEAR": {
      "tradeable": true,
      "spread_pct": 0.014845,
      "bid_depth_50": 125025.93,
      "ask_depth_50": 107742.39,
      "bid_depth_100": 125025.93,
      "ask_depth_100": 107742.39,
      "bid_depth_500": 125025.93,
      "ask_depth_500": 107742.39,
      "imbalance": 0.0743,
      "score": 83.3
    },
    "ONDO": {
      "tradeable": true,
      "spread_pct": 0.015612,
      "bid_depth_50": 58000.87,
      "ask_depth_50": 80750.79,
      "bid_depth_100": 58000.87,
      "ask_depth_100": 80750.79,
      "bid_depth_500": 58000.87,
      "ask_depth_500": 80750.79,
      "imbalance": -0.164,
      "score": 78.3
    },
    "OP": {
      "tradeable": true,
      "spread_pct": 0.041389,
      "bid_depth_50": 43951.25,
      "ask_depth_50": 165690.4,
      "bid_depth_100": 117359.03,
      "ask_depth_100": 182287.11,
      "bid_depth_500": 255570.65,
      "ask_depth_500": 182287.11,
      "imbalance": -0.5807,
      "score": 65.8
    },
    "PAXG": {
      "tradeable": true,
      "spread_pct": 0.002154,
      "bid_depth_50": 430416.69,
      "ask_depth_50": 367736.28,
      "bid_depth_100": 430416.69,
      "ask_depth_100": 367736.28,
      "bid_depth_500": 430416.69,
      "ask_depth_500": 367736.28,
      "imbalance": 0.0785,
      "score": 100
    },
    "PUMP": {
      "tradeable": false,
      "spread_pct": 0.107527,
      "bid_depth_50": 325089.74,
      "ask_depth_50": 251164.36,
      "bid_depth_100": 555745.59,