{
  "timestamp": "2026-03-19T09:54:22.400463+00:00",
  "coins": {
    "AAVE": {
      "tradeable": true,
      "spread_pct": 0.026045,
      "bid_depth_50": 273475.21,
      "ask_depth_50": 221343.72,
      "bid_depth_100": 273475.21,
      "ask_depth_100": 221343.72,
      "bid_depth_500": 273475.21,
      "ask_depth_500": 221343.72,
      "imbalance": 0.1054,
      "score": 83.7
    },
    "ADA": {
      "tradeable": true,
      "spread_pct": 0.025831,
      "bid_depth_50": 128612.23,
      "ask_depth_50": 113332.05,
      "bid_depth_100": 128612.23,
      "ask_depth_100": 113332.05,
      "bid_depth_500": 128612.23,
      "ask_depth_500": 113332.05,
      "imbalance": 0.0632,
      "score": 72.7
    },
    "APT": {
      "tradeable": false,
      "spread_pct": 0.051704,
      "bid_depth_50": 114262.87,
      "ask_depth_50": 70885.02,
      "bid_depth_100": 114262.87,
      "ask_depth_100": 70885.02,
      "bid_depth_500": 114262.87,
      "ask_depth_500": 70885.02,
      "imbalance": 0.2343,
      "score": 55.9
    },
    "ARB": {
      "tradeable": true,
      "spread_pct": 0.029643,
      "bid_depth_50": 234269.72,
      "ask_depth_50": 222342.37,
      "bid_depth_100": 234269.72,
      "ask_depth_100": 222342.37,
      "bid_depth_500": 234269.72,
      "ask_depth_500": 222342.37,
      "imbalance": 0.0261,
      "score": 78.4
    },
    "AVAX": {
      "tradeable": true,
      "spread_pct": 0.014602,
      "bid_depth_50": 500694.39,
      "ask_depth_50": 121201.38,
      "bid_depth_100": 500694.39,
      "ask_depth_100": 121201.38,
      "bid_depth_500": 500694.39,
      "ask_depth_500": 121201.38,
      "imbalance": 0.6102,
      "score": 95.4
    },
    "BCH": {
      "tradeable": true,
      "spread_pct": 0.002176,
      "bid_depth_50": 87083.96,
      "ask_depth_50": 61597.1,
      "bid_depth_100": 87083.96,
      "ask_depth_100": 61597.1,
      "bid_depth_500": 87083.96,
      "ask_depth_500": 61597.1,
      "imbalance": 0.1714,
      "score": 84.4
    },
    "BNB": {
      "tradeable": true,
      "spread_pct": 0.009266,
      "bid_depth_50": 74101.13,
      "ask_depth_50": 67855.71,
      "bid_depth_100": 74101.13,
      "ask_depth_100": 67855.71,
      "bid_depth_500": 74101.13,
      "ask_depth_500": 67855.71,
      "imbalance": 0.044,
      "score": 84.1
    },
    "BTC": {
      "tradeable": true,
      "spread_pct": 0.00142,
      "bid_depth_50": 1756183.23,
      "ask_depth_50": 2630371.71,
      "bid_depth_100": 1756183.23,
      "ask_depth_100": 2630371.71,
      "bid_depth_500": 1756183.23,
      "ask_depth_500": 2630371.71,
      "imbalance": -0.1993,
      "score": 100
    },
    "CRV": {
      "tradeable": false,
      "spread_pct": 0.067083,
      "bid_depth_50": 106117.45,
      "ask_depth_50": 109682.4,
      "bid_depth_100": 106117.45,
      "ask_depth_100": 109682.4,
      "bid_depth_500": 106117.45,
      "ask_depth_500": 109682.4,
      "imbalance": -0.0165,
      "score": 56.2
    },
    "DOGE": {
      "tradeable": true,
      "spread_pct": 0.010521,
      "bid_depth_50": 89444.05,
      "ask_depth_50": 295003.58,
      "bid_depth_100": 89444.05,
      "ask_depth_100": 295003.58,
      "bid_depth_500": 89444.05,
      "ask_depth_500": 295003.58,
      "imbalance": -0.5347,
      "score": 94.3
    },
    "DOT": {
      "tradeable": true,
      "spread_pct": 0.032395,
      "bid_depth_50": 115207.34,
      "ask_depth_50": 139427.02,
      "bid_depth_100": 115207.34,
      "ask_depth_100": 139427.02,
      "bid_depth_500": 115207.34,
      "ask_depth_500": 139427.02,
      "imbalance": -0.0951,
      "score": 66.7
    },
    "ENA": {
      "tradeable": true,
      "spread_pct": 0.009567,
      "bid_depth_50": 204415.73,
      "ask_depth_50": 267628.88,
      "bid_depth_100": 204415.73,
      "ask_depth_100": 267628.88,
      "bid_depth_500": 204415.73,
      "ask_depth_500": 267628.88,
      "imbalance": -0.1339,
      "score": 98.8
    },
    "ETH": {
      "tradeable": true,
      "spread_pct": 0.004576,
      "bid_depth_50": 7761504.99,
      "ask_depth_50": 6232697.55,
      "bid_depth_100": 7761504.99,
      "ask_depth_100": 6232697.55,
      "bid_depth_500": 7761504.99,
      "ask_depth_500": 6232697.55,
      "imbalance": 0.1092,
      "score": 100
    },
    "FARTCOIN": {
      "tradeable": true,
      "spread_pct": 0.0052,
      "bid_depth_50": 43203.35,
      "ask_depth_50": 48785.85,
      "bid_depth_100": 43203.35,
      "ask_depth_100": 48785.85,
      "bid_depth_500": 43203.35,
      "ask_depth_500": 48785.85,
      "imbalance": -0.0607,
      "score": 81.9
    },
    "HYPE": {
      "tradeable": true,
      "spread_pct": 0.002518,
      "bid_depth_50": 99124.51,
      "ask_depth_50": 261930.6,
      "bid_depth_100": 99124.51,
      "ask_depth_100": 261930.6,
      "bid_depth_500": 99124.51,
      "ask_depth_500": 261930.6,
      "imbalance": -0.4509,
      "score": 93.8
    },
    "INJ": {
      "tradeable": true,
      "spread_pct": 0.033002,
      "bid_depth_50": 37191.86,
      "ask_depth_50": 33463.8,
      "bid_depth_100": 37191.86,
      "ask_depth_100": 190249.52,
      "bid_depth_500": 37191.86,
      "ask_depth_500": 190249.52,
      "imbalance": 0.0528,
      "score": 64.9
    },
    "JUP": {
      "tradeable": true,
      "spread_pct": 0.04908,
      "bid_depth_50": 42514.57,
      "ask_depth_50": 42186.99,
      "bid_depth_100": 42514.57,
      "ask_depth_100": 42186.99,
      "bid_depth_500": 42514.57,
      "ask_depth_500": 42186.99,
      "imbalance": 0.0039,
      "score": 42.5
    },
    "LDO": {
      "tradeable": true,
      "spread_pct": 0.016587,
      "bid_depth_50": 31407.86,
      "ask_depth_50": 60528.95,
      "bid_depth_100": 31407.86,
      "ask_depth_100": 60528.95,
      "bid_depth_500": 31407.86,
      "ask_depth_500": 60528.95,
      "imbalance": -0.3168,
      "score": 75.3
    },
    "LINK": {
      "tradeable": true,
      "spread_pct": 0.022944,
      "bid_depth_50": 123181.11,
      "ask_depth_50": 133370.35,
      "bid_depth_100": 123181.11,
      "ask_depth_100": 133370.35,
      "bid_depth_500": 123181.11,
      "ask_depth_500": 133370.35,
      "imbalance": -0.0397,
      "score": 76.2
    },
    "LTC": {
      "tradeable": true,
      "spread_pct": 0.0054,
      "bid_depth_50": 218057.68,
      "ask_depth_50": 101118.85,
      "bid_depth_100": 218057.68,
      "ask_depth_100": 101118.85,
      "bid_depth_500": 218057.68,
      "ask_depth_500": 101118.85,
      "imbalance": 0.3664,
      "score": 92.0
    },
    "NEAR": {
      "tradeable": true,
      "spread_pct": 0.029431,
      "bid_depth_50": 178380.05,
      "ask_depth_50": 130847.0,
      "bid_depth_100": 178380.05,
      "ask_depth_100": 130847.0,
      "bid_depth_500": 178380.05,
      "ask_depth_500": 130847.0,
      "imbalance": 0.1537,
      "score": 72.1
    },
    "ONDO": {
      "tradeable": true,
      "spread_pct": 0.026645,
      "bid_depth_50": 49878.74,
      "ask_depth_50": 96977.65,
      "bid_depth_100": 49878.74,
      "ask_depth_100": 96977.65,
      "bid_depth_500": 49878.74,
      "ask_depth_500": 96977.65,
      "imbalance": -0.3207,
      "score": 67.7
    },
    "OP": {
      "tradeable": true,
      "spread_pct": 0.008134,
      "bid_depth_50": 37956.77,
      "ask_depth_50": 77500.33,
      "bid_depth_100": 56661.26,
      "ask_depth_100": 77500.33,
      "bid_depth_500": 56661.26,
      "ask_depth_500": 77500.33,
      "imbalance": -0.3425,
      "score": 83.7
    },
    "PAXG": {
      "tradeable": true,
      "spread_pct": 0.004258,
      "bid_depth_50": 696146.38,
      "ask_depth_50": 533389.77,
      "bid_depth_100": 696146.38,
      "ask_depth_100": 533389.77,
      "bid_depth_500": 696146.38,
      "ask_depth_500": 533389.77,
      "imbalance": 0.1324,
      "score": 100
    },
    "PUMP": {
      "tradeable": false,
      "spread_pct": 0.105597,
      "bid_depth_50": 410834.05,
      "ask_depth_50": 371135.52,
      "bid_depth_100": 738740.14,