{
  "timestamp": "2026-03-19T08:43:11.775055+00:00",
  "coins": {
    "AAVE": {
      "tradeable": true,
      "spread_pct": 0.017492,
      "bid_depth_50": 261640.4,
      "ask_depth_50": 232901.9,
      "bid_depth_100": 261640.4,
      "ask_depth_100": 232901.9,
      "bid_depth_500": 261640.4,
      "ask_depth_500": 232901.9,
      "imbalance": 0.0581,
      "score": 92.3
    },
    "ADA": {
      "tradeable": true,
      "spread_pct": 0.018613,
      "bid_depth_50": 134097.66,
      "ask_depth_50": 122136.69,
      "bid_depth_100": 134097.66,
      "ask_depth_100": 122136.69,
      "bid_depth_500": 134097.66,
      "ask_depth_500": 122136.69,
      "imbalance": 0.0467,
      "score": 80.6
    },
    "APT": {
      "tradeable": true,
      "spread_pct": 0.02065,
      "bid_depth_50": 128292.7,
      "ask_depth_50": 118835.1,
      "bid_depth_100": 128292.7,
      "ask_depth_100": 118835.1,
      "bid_depth_500": 128292.7,
      "ask_depth_500": 118835.1,
      "imbalance": 0.0383,
      "score": 78.1
    },
    "ARB": {
      "tradeable": true,
      "spread_pct": 0.009944,
      "bid_depth_50": 126906.11,
      "ask_depth_50": 211520.81,
      "bid_depth_100": 126906.11,
      "ask_depth_100": 211520.81,
      "bid_depth_500": 126906.11,
      "ask_depth_500": 211520.81,
      "imbalance": -0.25,
      "score": 92.8
    },
    "AVAX": {
      "tradeable": true,
      "spread_pct": 0.018904,
      "bid_depth_50": 146120.67,
      "ask_depth_50": 86291.2,
      "bid_depth_100": 146120.67,
      "ask_depth_100": 86291.2,
      "bid_depth_500": 146120.67,
      "ask_depth_500": 86291.2,
      "imbalance": 0.2574,
      "score": 79.2
    },
    "BCH": {
      "tradeable": true,
      "spread_pct": 0.013165,
      "bid_depth_50": 106380.51,
      "ask_depth_50": 65001.58,
      "bid_depth_100": 106380.51,
      "ask_depth_100": 65001.58,
      "bid_depth_500": 106380.51,
      "ask_depth_500": 65001.58,
      "imbalance": 0.2414,
      "score": 82.2
    },
    "BNB": {
      "tradeable": true,
      "spread_pct": 0.010871,
      "bid_depth_50": 129604.42,
      "ask_depth_50": 89606.02,
      "bid_depth_100": 129604.42,
      "ask_depth_100": 89606.02,
      "bid_depth_500": 129604.42,
      "ask_depth_500": 89606.02,
      "imbalance": 0.1825,
      "score": 86.6
    },
    "BTC": {
      "tradeable": true,
      "spread_pct": 0.001429,
      "bid_depth_50": 1050101.09,
      "ask_depth_50": 13511822.62,
      "bid_depth_100": 1050101.09,
      "ask_depth_100": 13511822.62,
      "bid_depth_500": 1050101.09,
      "ask_depth_500": 13511822.62,
      "imbalance": -0.8558,
      "score": 100
    },
    "CRV": {
      "tradeable": true,
      "spread_pct": 0.037835,
      "bid_depth_50": 95400.51,
      "ask_depth_50": 92431.11,
      "bid_depth_100": 95400.51,
      "ask_depth_100": 92431.11,
      "bid_depth_500": 95400.51,
      "ask_depth_500": 92431.11,
      "imbalance": 0.0158,
      "score": 58.3
    },
    "DOGE": {
      "tradeable": true,
      "spread_pct": 0.00106,
      "bid_depth_50": 286046.14,
      "ask_depth_50": 44810.52,
      "bid_depth_100": 286046.14,
      "ask_depth_100": 44810.52,
      "bid_depth_500": 286046.14,
      "ask_depth_500": 44810.52,
      "imbalance": 0.7291,
      "score": 92.5
    },
    "DOT": {
      "tradeable": true,
      "spread_pct": 0.01306,
      "bid_depth_50": 93049.01,
      "ask_depth_50": 60131.17,
      "bid_depth_100": 93049.01,
      "ask_depth_100": 60131.17,
      "bid_depth_500": 93049.01,
      "ask_depth_500": 60131.17,
      "imbalance": 0.2149,
      "score": 81.5
    },
    "ENA": {
      "tradeable": true,
      "spread_pct": 0.009564,
      "bid_depth_50": 190348.85,
      "ask_depth_50": 239369.14,
      "bid_depth_100": 190348.85,
      "ask_depth_100": 239369.14,
      "bid_depth_500": 190348.85,
      "ask_depth_500": 239369.14,
      "imbalance": -0.1141,
      "score": 96.9
    },
    "ETH": {
      "tradeable": true,
      "spread_pct": 0.004632,
      "bid_depth_50": 10875785.36,
      "ask_depth_50": 15517119.98,
      "bid_depth_100": 10875785.36,
      "ask_depth_100": 15517119.98,
      "bid_depth_500": 10875785.36,
      "ask_depth_500": 15517119.98,
      "imbalance": -0.1759,
      "score": 100
    },
    "FARTCOIN": {
      "tradeable": true,
      "spread_pct": 0.026021,
      "bid_depth_50": 80519.46,
      "ask_depth_50": 43902.37,
      "bid_depth_100": 80519.46,
      "ask_depth_100": 43902.37,
      "bid_depth_500": 80519.46,
      "ask_depth_500": 43902.37,
      "imbalance": 0.2943,
      "score": 67.3
    },
    "HYPE": {
      "tradeable": true,
      "spread_pct": 0.00253,
      "bid_depth_50": 32759.85,
      "ask_depth_50": 261246.97,
      "bid_depth_100": 32759.85,
      "ask_depth_100": 261246.97,
      "bid_depth_500": 32759.85,
      "ask_depth_500": 261246.97,
      "imbalance": -0.7771,
      "score": 90.8
    },
    "INJ": {
      "tradeable": true,
      "spread_pct": 0.029915,
      "bid_depth_50": 157776.76,
      "ask_depth_50": 43994.3,
      "bid_depth_100": 185023.13,
      "ask_depth_100": 48027.53,
      "bid_depth_500": 185023.13,
      "ask_depth_500": 48027.53,
      "imbalance": 0.5639,
      "score": 68.2
    },
    "JUP": {
      "tradeable": false,
      "spread_pct": 0.068283,
      "bid_depth_50": 57424.42,
      "ask_depth_50": 36874.93,
      "bid_depth_100": 57424.42,
      "ask_depth_100": 36874.93,
      "bid_depth_500": 57424.42,
      "ask_depth_500": 36874.93,
      "imbalance": 0.2179,
      "score": 50.8
    },
    "LDO": {
      "tradeable": true,
      "spread_pct": 0.016686,
      "bid_depth_50": 34296.7,
      "ask_depth_50": 66082.28,
      "bid_depth_100": 34296.7,
      "ask_depth_100": 66082.28,
      "bid_depth_500": 34296.7,
      "ask_depth_500": 66082.28,
      "imbalance": -0.3167,
      "score": 75.6
    },
    "LINK": {
      "tradeable": true,
      "spread_pct": 0.0088,
      "bid_depth_50": 104427.38,
      "ask_depth_50": 120390.46,
      "bid_depth_100": 104427.38,
      "ask_depth_100": 120390.46,
      "bid_depth_500": 104427.38,
      "ask_depth_500": 120390.46,
      "imbalance": -0.071,
      "score": 87.8
    },
    "LTC": {
      "tradeable": true,
      "spread_pct": 0.003623,
      "bid_depth_50": 153086.35,
      "ask_depth_50": 145817.23,
      "bid_depth_100": 153086.35,
      "ask_depth_100": 145817.23,
      "bid_depth_500": 153086.35,
      "ask_depth_500": 145817.23,
      "imbalance": 0.0243,
      "score": 91.1
    },
    "NEAR": {
      "tradeable": true,
      "spread_pct": 0.044395,
      "bid_depth_50": 144032.44,
      "ask_depth_50": 108664.31,
      "bid_depth_100": 144032.44,
      "ask_depth_100": 108664.31,
      "bid_depth_500": 144032.44,
      "ask_depth_500": 108664.31,
      "imbalance": 0.14,
      "score": 54.6
    },
    "ONDO": {
      "tradeable": true,
      "spread_pct": 0.015327,
      "bid_depth_50": 50040.74,
      "ask_depth_50": 87878.67,
      "bid_depth_100": 50040.74,
      "ask_depth_100": 87878.67,
      "bid_depth_500": 50040.74,
      "ask_depth_500": 87878.67,
      "imbalance": -0.2743,
      "score": 78.6
    },
    "OP": {
      "tradeable": true,
      "spread_pct": 0.016337,
      "bid_depth_50": 111371.75,
      "ask_depth_50": 116817.64,
      "bid_depth_100": 130654.89,
      "ask_depth_100": 116817.64,
      "bid_depth_500": 130654.89,
      "ask_depth_500": 116817.64,
      "imbalance": -0.0239,
      "score": 82.4
    },
    "PAXG": {
      "tradeable": true,
      "spread_pct": 0.019217,
      "bid_depth_50": 563880.03,
      "ask_depth_50": 493736.86,
      "bid_depth_100": 563880.03,
      "ask_depth_100": 493736.86,
      "bid_depth_500": 563880.03,
      "ask_depth_500": 493736.86,
      "imbalance": 0.0663,
      "score": 90.8
    },
    "PUMP": {
      "tradeable": false,
      "spread_pct": 0.05284,
      "bid_depth_50": 358862.77,
      "ask_depth_50": 376361.04,
      "bid_depth_100": 833642.01,
      "ask_depth_100": 813251.2,