{
  "timestamp": "2026-03-19T11:42:40.135721+00:00",
  "coins": {
    "AAVE": {
      "tradeable": true,
      "spread_pct": 0.026271,
      "bid_depth_50": 262289.14,
      "ask_depth_50": 287588.36,
      "bid_depth_100": 262289.14,
      "ask_depth_100": 287588.36,
      "bid_depth_500": 262289.14,
      "ask_depth_500": 287588.36,
      "imbalance": -0.046,
      "score": 83.7
    },
    "ADA": {
      "tradeable": true,
      "spread_pct": 0.011171,
      "bid_depth_50": 114131.11,
      "ask_depth_50": 125431.45,
      "bid_depth_100": 114131.11,
      "ask_depth_100": 125431.45,
      "bid_depth_500": 114131.11,
      "ask_depth_500": 125431.45,
      "imbalance": -0.0472,
      "score": 87.3
    },
    "APT": {
      "tradeable": true,
      "spread_pct": 0.031103,
      "bid_depth_50": 171900.73,
      "ask_depth_50": 125347.41,
      "bid_depth_100": 171900.73,
      "ask_depth_100": 125347.41,
      "bid_depth_500": 171900.73,
      "ask_depth_500": 125347.41,
      "imbalance": 0.1566,
      "score": 69.9
    },
    "ARB": {
      "tradeable": true,
      "spread_pct": 0.019908,
      "bid_depth_50": 163357.46,
      "ask_depth_50": 190428.73,
      "bid_depth_100": 163357.46,
      "ask_depth_100": 190428.73,
      "bid_depth_500": 163357.46,
      "ask_depth_500": 190428.73,
      "imbalance": -0.0765,
      "score": 83.6
    },
    "AVAX": {
      "tradeable": true,
      "spread_pct": 0.012572,
      "bid_depth_50": 137511.82,
      "ask_depth_50": 165479.13,
      "bid_depth_100": 137511.82,
      "ask_depth_100": 165479.13,
      "bid_depth_500": 137511.82,
      "ask_depth_500": 165479.13,
      "imbalance": -0.0923,
      "score": 88.7
    },
    "BCH": {
      "tradeable": true,
      "spread_pct": 0.013162,
      "bid_depth_50": 101423.89,
      "ask_depth_50": 85805.69,
      "bid_depth_100": 101423.89,
      "ask_depth_100": 85805.69,
      "bid_depth_500": 101423.89,
      "ask_depth_500": 85805.69,
      "imbalance": 0.0834,
      "score": 82.9
    },
    "BNB": {
      "tradeable": true,
      "spread_pct": 0.010875,
      "bid_depth_50": 164439.74,
      "ask_depth_50": 97903.71,
      "bid_depth_100": 164439.74,
      "ask_depth_100": 97903.71,
      "bid_depth_500": 164439.74,
      "ask_depth_500": 97903.71,
      "imbalance": 0.2536,
      "score": 88.6
    },
    "BTC": {
      "tradeable": true,
      "spread_pct": 0.001429,
      "bid_depth_50": 2890414.39,
      "ask_depth_50": 5565900.44,
      "bid_depth_100": 2890414.39,
      "ask_depth_100": 5565900.44,
      "bid_depth_500": 2890414.39,
      "ask_depth_500": 5565900.44,
      "imbalance": -0.3164,
      "score": 100
    },
    "CRV": {
      "tradeable": true,
      "spread_pct": 0.042096,
      "bid_depth_50": 99231.0,
      "ask_depth_50": 97185.14,
      "bid_depth_100": 99231.0,
      "ask_depth_100": 97185.14,
      "bid_depth_500": 99231.0,
      "ask_depth_500": 97185.14,
      "imbalance": 0.0104,
      "score": 54.4
    },
    "DOGE": {
      "tradeable": true,
      "spread_pct": 0.001066,
      "bid_depth_50": 156976.72,
      "ask_depth_50": 245856.83,
      "bid_depth_100": 156976.72,
      "ask_depth_100": 245856.83,
      "bid_depth_500": 156976.72,
      "ask_depth_500": 245856.83,
      "imbalance": -0.2206,
      "score": 95.7
    },
    "DOT": {
      "tradeable": true,
      "spread_pct": 0.039002,
      "bid_depth_50": 82218.45,
      "ask_depth_50": 195184.32,
      "bid_depth_100": 82218.45,
      "ask_depth_100": 195184.32,
      "bid_depth_500": 82218.45,
      "ask_depth_500": 195184.32,
      "imbalance": -0.4072,
      "score": 61.1
    },
    "ENA": {
      "tradeable": true,
      "spread_pct": 0.009704,
      "bid_depth_50": 206733.37,
      "ask_depth_50": 244368.11,
      "bid_depth_100": 206733.37,
      "ask_depth_100": 244368.11,
      "bid_depth_500": 206733.37,
      "ask_depth_500": 244368.11,
      "imbalance": -0.0834,
      "score": 97.8
    },
    "ETH": {
      "tradeable": true,
      "spread_pct": 0.004617,
      "bid_depth_50": 7956002.93,
      "ask_depth_50": 9107341.7,
      "bid_depth_100": 7956002.93,
      "ask_depth_100": 9107341.7,
      "bid_depth_500": 7956002.93,
      "ask_depth_500": 9107341.7,
      "imbalance": -0.0675,
      "score": 100
    },
    "FARTCOIN": {
      "tradeable": true,
      "spread_pct": 0.005181,
      "bid_depth_50": 222914.98,
      "ask_depth_50": 33940.46,
      "bid_depth_100": 222914.98,
      "ask_depth_100": 33940.46,
      "bid_depth_500": 222914.98,
      "ask_depth_500": 33940.46,
      "imbalance": 0.7357,
      "score": 89.2
    },
    "HYPE": {
      "tradeable": true,
      "spread_pct": 0.002517,
      "bid_depth_50": 214487.16,
      "ask_depth_50": 142877.29,
      "bid_depth_100": 214487.16,
      "ask_depth_100": 142877.29,
      "bid_depth_500": 214487.16,
      "ask_depth_500": 142877.29,
      "imbalance": 0.2004,
      "score": 93.7
    },
    "INJ": {
      "tradeable": true,
      "spread_pct": 0.046622,
      "bid_depth_50": 19082.59,
      "ask_depth_50": 37998.37,
      "bid_depth_100": 19082.59,
      "ask_depth_100": 37998.37,
      "bid_depth_500": 19082.59,
      "ask_depth_500": 37998.37,
      "imbalance": -0.3314,
      "score": 43.7
    },
    "JUP": {
      "tradeable": true,
      "spread_pct": 0.049422,
      "bid_depth_50": 38667.68,
      "ask_depth_50": 34232.61,
      "bid_depth_100": 38667.68,
      "ask_depth_100": 34232.61,
      "bid_depth_500": 38667.68,
      "ask_depth_500": 34232.61,
      "imbalance": 0.0608,
      "score": 41.6
    },
    "LDO": {
      "tradeable": true,
      "spread_pct": 0.036786,
      "bid_depth_50": 44183.95,
      "ask_depth_50": 57975.97,
      "bid_depth_100": 44183.95,
      "ask_depth_100": 57975.97,
      "bid_depth_500": 44183.95,
      "ask_depth_500": 57975.97,
      "imbalance": -0.135,
      "score": 55.5
    },
    "LINK": {
      "tradeable": true,
      "spread_pct": 0.001099,
      "bid_depth_50": 143303.84,
      "ask_depth_50": 104536.97,
      "bid_depth_100": 143303.84,
      "ask_depth_100": 104536.97,
      "bid_depth_500": 143303.84,
      "ask_depth_500": 104536.97,
      "imbalance": 0.1564,
      "score": 88.8
    },
    "LTC": {
      "tradeable": true,
      "spread_pct": 0.010843,
      "bid_depth_50": 164946.22,
      "ask_depth_50": 170291.14,
      "bid_depth_100": 164946.22,
      "ask_depth_100": 170291.14,
      "bid_depth_500": 164946.22,
      "ask_depth_500": 170291.14,
      "imbalance": -0.0159,
      "score": 91.8
    },
    "NEAR": {
      "tradeable": true,
      "spread_pct": 0.014767,
      "bid_depth_50": 210761.49,
      "ask_depth_50": 124705.03,
      "bid_depth_100": 210761.49,
      "ask_depth_100": 124705.03,
      "bid_depth_500": 210761.49,
      "ask_depth_500": 124705.03,
      "imbalance": 0.2565,
      "score": 87.9
    },
    "ONDO": {
      "tradeable": true,
      "spread_pct": 0.003842,
      "bid_depth_50": 60388.04,
      "ask_depth_50": 78414.2,
      "bid_depth_100": 60388.04,
      "ask_depth_100": 78414.2,
      "bid_depth_500": 60388.04,
      "ask_depth_500": 78414.2,
      "imbalance": -0.1299,
      "score": 83.9
    },
    "OP": {
      "tradeable": true,
      "spread_pct": 0.040935,
      "bid_depth_50": 36935.7,
      "ask_depth_50": 100077.97,
      "bid_depth_100": 129716.59,
      "ask_depth_100": 100077.97,
      "bid_depth_500": 129716.59,
      "ask_depth_500": 100077.97,
      "imbalance": -0.4608,
      "score": 57.1
    },
    "PAXG": {
      "tradeable": true,
      "spread_pct": 0.002148,
      "bid_depth_50": 476273.23,
      "ask_depth_50": 577720.39,
      "bid_depth_100": 476273.23,
      "ask_depth_100": 577720.39,
      "bid_depth_500": 476273.23,
      "ask_depth_500": 577720.39,
      "imbalance": -0.0963,
      "score": 100
    },
    "PUMP": {
      "tradeable": false,
      "spread_pct": 0.10582,
      "bid_depth_50": 409158.91,
      "ask_depth_50": 376582.28,
      "bid_depth_100": 933987.05,