{
  "timestamp": "2026-03-19T19:17:19.576809+00:00",
  "coins": {
    "AAVE": {
      "tradeable": true,
      "spread_pct": 0.026696,
      "bid_depth_50": 243297.76,
      "ask_depth_50": 252284.31,
      "bid_depth_100": 243297.76,
      "ask_depth_100": 252284.31,
      "bid_depth_500": 243297.76,
      "ask_depth_500": 252284.31,
      "imbalance": -0.0181,
      "score": 83.1
    },
    "ADA": {
      "tradeable": true,
      "spread_pct": 0.033599,
      "bid_depth_50": 141179.6,
      "ask_depth_50": 83597.67,
      "bid_depth_100": 141179.6,
      "ask_depth_100": 83597.67,
      "bid_depth_500": 141179.6,
      "ask_depth_500": 83597.67,
      "imbalance": 0.2562,
      "score": 64.2
    },
    "APT": {
      "tradeable": true,
      "spread_pct": 0.031808,
      "bid_depth_50": 108143.9,
      "ask_depth_50": 94553.99,
      "bid_depth_100": 108143.9,
      "ask_depth_100": 94553.99,
      "bid_depth_500": 108143.9,
      "ask_depth_500": 94553.99,
      "imbalance": 0.067,
      "score": 65.0
    },
    "ARB": {
      "tradeable": true,
      "spread_pct": 0.040392,
      "bid_depth_50": 193245.62,
      "ask_depth_50": 174491.04,
      "bid_depth_100": 193245.62,
      "ask_depth_100": 174491.04,
      "bid_depth_500": 193245.62,
      "ask_depth_500": 174491.04,
      "imbalance": 0.051,
      "score": 63.7
    },
    "AVAX": {
      "tradeable": true,
      "spread_pct": 0.00944,
      "bid_depth_50": 74802.06,
      "ask_depth_50": 46702.08,
      "bid_depth_100": 74802.06,
      "ask_depth_100": 46702.08,
      "bid_depth_500": 74802.06,
      "ask_depth_500": 46702.08,
      "imbalance": 0.2313,
      "score": 83.2
    },
    "BCH": {
      "tradeable": true,
      "spread_pct": 0.019691,
      "bid_depth_50": 80630.06,
      "ask_depth_50": 105090.21,
      "bid_depth_100": 80630.06,
      "ask_depth_100": 105090.21,
      "bid_depth_500": 80630.06,
      "ask_depth_500": 105090.21,
      "imbalance": -0.1317,
      "score": 76.3
    },
    "BNB": {
      "tradeable": true,
      "spread_pct": 0.014056,
      "bid_depth_50": 74688.75,
      "ask_depth_50": 160492.53,
      "bid_depth_100": 74688.75,
      "ask_depth_100": 160492.53,
      "bid_depth_500": 74688.75,
      "ask_depth_500": 160492.53,
      "imbalance": -0.3648,
      "score": 84.2
    },
    "BTC": {
      "tradeable": true,
      "spread_pct": 0.001422,
      "bid_depth_50": 19880892.54,
      "ask_depth_50": 402846.04,
      "bid_depth_100": 19880892.54,
      "ask_depth_100": 402846.04,
      "bid_depth_500": 19880892.54,
      "ask_depth_500": 402846.04,
      "imbalance": 0.9603,
      "score": 100
    },
    "CRV": {
      "tradeable": false,
      "spread_pct": 0.0679,
      "bid_depth_50": 66700.48,
      "ask_depth_50": 99768.61,
      "bid_depth_100": 66700.48,
      "ask_depth_100": 99768.61,
      "bid_depth_500": 66700.48,
      "ask_depth_500": 99768.61,
      "imbalance": -0.1986,
      "score": 54.0
    },
    "DOGE": {
      "tradeable": true,
      "spread_pct": 0.016024,
      "bid_depth_50": 292495.87,
      "ask_depth_50": 189959.62,
      "bid_depth_100": 292495.87,
      "ask_depth_100": 189959.62,
      "bid_depth_500": 292495.87,
      "ask_depth_500": 189959.62,
      "imbalance": 0.2125,
      "score": 93.2
    },
    "DOT": {
      "tradeable": true,
      "spread_pct": 0.045822,
      "bid_depth_50": 70112.74,
      "ask_depth_50": 167727.64,
      "bid_depth_100": 70112.74,
      "ask_depth_100": 167727.64,
      "bid_depth_500": 70112.74,
      "ask_depth_500": 167727.64,
      "imbalance": -0.4104,
      "score": 52.5
    },
    "ENA": {
      "tradeable": true,
      "spread_pct": 0.038861,
      "bid_depth_50": 255098.48,
      "ask_depth_50": 191111.0,
      "bid_depth_100": 255098.48,
      "ask_depth_100": 191111.0,
      "bid_depth_500": 255098.48,
      "ask_depth_500": 191111.0,
      "imbalance": 0.1434,
      "score": 68.7
    },
    "ETH": {
      "tradeable": true,
      "spread_pct": 0.004666,
      "bid_depth_50": 6764319.26,
      "ask_depth_50": 8228136.79,
      "bid_depth_100": 6764319.26,
      "ask_depth_100": 8228136.79,
      "bid_depth_500": 6764319.26,
      "ask_depth_500": 8228136.79,
      "imbalance": -0.0976,
      "score": 100
    },
    "FARTCOIN": {
      "tradeable": true,
      "spread_pct": 0.025153,
      "bid_depth_50": 78209.19,
      "ask_depth_50": 64033.65,
      "bid_depth_100": 78209.19,
      "ask_depth_100": 64033.65,
      "bid_depth_500": 78209.19,
      "ask_depth_500": 64033.65,
      "imbalance": 0.0997,
      "score": 68.9
    },
    "HYPE": {
      "tradeable": true,
      "spread_pct": 0.00496,
      "bid_depth_50": 155568.31,
      "ask_depth_50": 108129.69,
      "bid_depth_100": 155568.31,
      "ask_depth_100": 108129.69,
      "bid_depth_500": 155568.31,
      "ask_depth_500": 108129.69,
      "imbalance": 0.1799,
      "score": 89.5
    },
    "INJ": {
      "tradeable": true,
      "spread_pct": 0.033239,
      "bid_depth_50": 39402.96,
      "ask_depth_50": 23709.94,
      "bid_depth_100": 39402.96,
      "ask_depth_100": 142255.02,
      "bid_depth_500": 39402.96,
      "ask_depth_500": 142255.02,
      "imbalance": 0.2486,
      "score": 62.6
    },
    "JUP": {
      "tradeable": false,
      "spread_pct": 0.056115,
      "bid_depth_50": 43614.92,
      "ask_depth_50": 47002.89,
      "bid_depth_100": 43614.92,
      "ask_depth_100": 47002.89,
      "bid_depth_500": 43614.92,
      "ask_depth_500": 47002.89,
      "imbalance": -0.0374,
      "score": 51.4
    },
    "LDO": {
      "tradeable": true,
      "spread_pct": 0.030252,
      "bid_depth_50": 38447.44,
      "ask_depth_50": 68142.92,
      "bid_depth_100": 38447.44,
      "ask_depth_100": 68142.92,
      "bid_depth_500": 38447.44,
      "ask_depth_500": 68142.92,
      "imbalance": -0.2786,
      "score": 62.3
    },
    "LINK": {
      "tradeable": true,
      "spread_pct": 0.016551,
      "bid_depth_50": 160172.66,
      "ask_depth_50": 102564.52,
      "bid_depth_100": 160172.66,
      "ask_depth_100": 102564.52,
      "bid_depth_500": 160172.66,
      "ask_depth_500": 102564.52,
      "imbalance": 0.2193,
      "score": 82.9
    },
    "LTC": {
      "tradeable": true,
      "spread_pct": 0.010793,
      "bid_depth_50": 103586.39,
      "ask_depth_50": 186020.01,
      "bid_depth_100": 103586.39,
      "ask_depth_100": 186020.01,
      "bid_depth_500": 103586.39,
      "ask_depth_500": 186020.01,
      "imbalance": -0.2846,
      "score": 89.9
    },
    "NEAR": {
      "tradeable": true,
      "spread_pct": 0.044603,
      "bid_depth_50": 146685.1,
      "ask_depth_50": 126557.93,
      "bid_depth_100": 146685.1,
      "ask_depth_100": 126557.93,
      "bid_depth_500": 146685.1,
      "ask_depth_500": 126557.93,
      "imbalance": 0.0737,
      "score": 55.3
    },
    "ONDO": {
      "tradeable": true,
      "spread_pct": 0.031149,
      "bid_depth_50": 55421.34,
      "ask_depth_50": 69007.96,
      "bid_depth_100": 55421.34,
      "ask_depth_100": 69007.96,
      "bid_depth_500": 55421.34,
      "ask_depth_500": 69007.96,
      "imbalance": -0.1092,
      "score": 62.2
    },
    "OP": {
      "tradeable": true,
      "spread_pct": 0.041269,
      "bid_depth_50": 48936.51,
      "ask_depth_50": 100258.32,
      "bid_depth_100": 50484.33,
      "ask_depth_100": 100258.32,
      "bid_depth_500": 50484.33,
      "ask_depth_500": 100258.32,
      "imbalance": -0.344,
      "score": 53.2
    },
    "PAXG": {
      "tradeable": true,
      "spread_pct": 0.015014,
      "bid_depth_50": 547638.68,
      "ask_depth_50": 446540.25,
      "bid_depth_100": 547638.68,
      "ask_depth_100": 446540.25,
      "bid_depth_500": 547638.68,
      "ask_depth_500": 446540.25,
      "imbalance": 0.1017,
      "score": 95.0
    },
    "PUMP": {
      "tradeable": false,
      "spread_pct": 0.053519,
      "bid_depth_50": 345860.69,
      "ask_depth_50": 324044.14,
      "bid_depth_100": 726615.48,