{
  "timestamp": "2026-03-19T03:12:52.161358+00:00",
  "coins": {
    "AAVE": {
      "tradeable": true,
      "spread_pct": 0.017042,
      "bid_depth_50": 287861.9,
      "ask_depth_50": 209266.33,
      "bid_depth_100": 287861.9,
      "ask_depth_100": 209266.33,
      "bid_depth_500": 287861.9,
      "ask_depth_500": 209266.33,
      "imbalance": 0.1581,
      "score": 92.8
    },
    "ADA": {
      "tradeable": true,
      "spread_pct": 0.003663,
      "bid_depth_50": 113908.21,
      "ask_depth_50": 109020.95,
      "bid_depth_100": 113908.21,
      "ask_depth_100": 109020.95,
      "bid_depth_500": 113908.21,
      "ask_depth_500": 109020.95,
      "imbalance": 0.0219,
      "score": 87.7
    },
    "APT": {
      "tradeable": true,
      "spread_pct": 0.020515,
      "bid_depth_50": 115156.75,
      "ask_depth_50": 87825.0,
      "bid_depth_100": 115156.75,
      "ask_depth_100": 87825.0,
      "bid_depth_500": 115156.75,
      "ask_depth_500": 87825.0,
      "imbalance": 0.1347,
      "score": 76.3
    },
    "ARB": {
      "tradeable": true,
      "spread_pct": 0.029281,
      "bid_depth_50": 208777.42,
      "ask_depth_50": 140353.25,
      "bid_depth_100": 208777.42,
      "ask_depth_100": 140353.25,
      "bid_depth_500": 208777.42,
      "ask_depth_500": 140353.25,
      "imbalance": 0.196,
      "score": 74.0
    },
    "AVAX": {
      "tradeable": true,
      "spread_pct": 0.011383,
      "bid_depth_50": 140718.91,
      "ask_depth_50": 147692.68,
      "bid_depth_100": 140718.91,
      "ask_depth_100": 147692.68,
      "bid_depth_500": 140718.91,
      "ask_depth_500": 147692.68,
      "imbalance": -0.0242,
      "score": 89.2
    },
    "BCH": {
      "tradeable": true,
      "spread_pct": 0.002182,
      "bid_depth_50": 127644.05,
      "ask_depth_50": 85729.87,
      "bid_depth_100": 127644.05,
      "ask_depth_100": 85729.87,
      "bid_depth_500": 127644.05,
      "ask_depth_500": 85729.87,
      "imbalance": 0.1964,
      "score": 87.3
    },
    "BNB": {
      "tradeable": true,
      "spread_pct": 0.007672,
      "bid_depth_50": 140440.74,
      "ask_depth_50": 70101.76,
      "bid_depth_100": 140440.74,
      "ask_depth_100": 70101.76,
      "bid_depth_500": 140440.74,
      "ask_depth_500": 70101.76,
      "imbalance": 0.3341,
      "score": 87.1
    },
    "BTC": {
      "tradeable": true,
      "spread_pct": 0.001405,
      "bid_depth_50": 4023098.43,
      "ask_depth_50": 2181336.82,
      "bid_depth_100": 4023098.43,
      "ask_depth_100": 2181336.82,
      "bid_depth_500": 4023098.43,
      "ask_depth_500": 2181336.82,
      "imbalance": 0.2968,
      "score": 100
    },
    "CRV": {
      "tradeable": true,
      "spread_pct": 0.012447,
      "bid_depth_50": 94548.22,
      "ask_depth_50": 95988.24,
      "bid_depth_100": 94548.22,
      "ask_depth_100": 95988.24,
      "bid_depth_500": 94548.22,
      "ask_depth_500": 95988.24,
      "imbalance": -0.0076,
      "score": 83.8
    },
    "DOGE": {
      "tradeable": true,
      "spread_pct": 0.001053,
      "bid_depth_50": 158996.71,
      "ask_depth_50": 166675.54,
      "bid_depth_100": 158996.71,
      "ask_depth_100": 166675.54,
      "bid_depth_500": 158996.71,
      "ask_depth_500": 166675.54,
      "imbalance": -0.0236,
      "score": 92.3
    },
    "DOT": {
      "tradeable": true,
      "spread_pct": 0.032222,
      "bid_depth_50": 98028.73,
      "ask_depth_50": 102198.15,
      "bid_depth_100": 98028.73,
      "ask_depth_100": 102198.15,
      "bid_depth_500": 98028.73,
      "ask_depth_500": 102198.15,
      "imbalance": -0.0208,
      "score": 64.5
    },
    "ENA": {
      "tradeable": true,
      "spread_pct": 0.027932,
      "bid_depth_50": 202936.16,
      "ask_depth_50": 256234.4,
      "bid_depth_100": 202936.16,
      "ask_depth_100": 256234.4,
      "bid_depth_500": 202936.16,
      "ask_depth_500": 256234.4,
      "imbalance": -0.1161,
      "score": 80.3
    },
    "ETH": {
      "tradeable": true,
      "spread_pct": 0.004534,
      "bid_depth_50": 6539468.05,
      "ask_depth_50": 10200420.15,
      "bid_depth_100": 6539468.05,
      "ask_depth_100": 10200420.15,
      "bid_depth_500": 6539468.05,
      "ask_depth_500": 10200420.15,
      "imbalance": -0.2187,
      "score": 100
    },
    "FARTCOIN": {
      "tradeable": true,
      "spread_pct": 0.034387,
      "bid_depth_50": 34882.38,
      "ask_depth_50": 79659.88,
      "bid_depth_100": 34882.38,
      "ask_depth_100": 79659.88,
      "bid_depth_500": 34882.38,
      "ask_depth_500": 79659.88,
      "imbalance": -0.3909,
      "score": 58.5
    },
    "HYPE": {
      "tradeable": true,
      "spread_pct": 0.00242,
      "bid_depth_50": 89219.23,
      "ask_depth_50": 206255.63,
      "bid_depth_100": 89219.23,
      "ask_depth_100": 206255.63,
      "bid_depth_500": 89219.23,
      "ask_depth_500": 206255.63,
      "imbalance": -0.3961,
      "score": 90.9
    },
    "INJ": {
      "tradeable": true,
      "spread_pct": 0.029482,
      "bid_depth_50": 39971.29,
      "ask_depth_50": 167717.94,
      "bid_depth_100": 43418.52,
      "ask_depth_100": 167717.94,
      "bid_depth_500": 43418.52,
      "ask_depth_500": 167717.94,
      "imbalance": -0.6151,
      "score": 67.7
    },
    "JUP": {
      "tradeable": true,
      "spread_pct": 0.03068,
      "bid_depth_50": 42854.28,
      "ask_depth_50": 39795.17,
      "bid_depth_100": 42854.28,
      "ask_depth_100": 39795.17,
      "bid_depth_500": 42854.28,
      "ask_depth_500": 39795.17,
      "imbalance": 0.037,
      "score": 60.8
    },
    "LDO": {
      "tradeable": true,
      "spread_pct": 0.016403,
      "bid_depth_50": 32078.65,
      "ask_depth_50": 58319.64,
      "bid_depth_100": 32078.65,
      "ask_depth_100": 58319.64,
      "bid_depth_500": 32078.65,
      "ask_depth_500": 58319.64,
      "imbalance": -0.2903,
      "score": 75.4
    },
    "LINK": {
      "tradeable": true,
      "spread_pct": 0.001083,
      "bid_depth_50": 79994.1,
      "ask_depth_50": 167108.47,
      "bid_depth_100": 79994.1,
      "ask_depth_100": 167108.47,
      "bid_depth_500": 79994.1,
      "ask_depth_500": 167108.47,
      "imbalance": -0.3525,
      "score": 88.8
    },
    "LTC": {
      "tradeable": true,
      "spread_pct": 0.001787,
      "bid_depth_50": 98556.97,
      "ask_depth_50": 128106.9,
      "bid_depth_100": 98556.97,
      "ask_depth_100": 128106.9,
      "bid_depth_500": 98556.97,
      "ask_depth_500": 128106.9,
      "imbalance": -0.1304,
      "score": 87.9
    },
    "NEAR": {
      "tradeable": false,
      "spread_pct": 0.050675,
      "bid_depth_50": 139336.01,
      "ask_depth_50": 146100.85,
      "bid_depth_100": 139336.01,
      "ask_depth_100": 146100.85,
      "bid_depth_500": 139336.01,
      "ask_depth_500": 146100.85,
      "imbalance": -0.0237,
      "score": 60.4
    },
    "ONDO": {
      "tradeable": true,
      "spread_pct": 0.026286,
      "bid_depth_50": 87275.32,
      "ask_depth_50": 51569.55,
      "bid_depth_100": 87275.32,
      "ask_depth_100": 51569.55,
      "bid_depth_500": 87275.32,
      "ask_depth_500": 51569.55,
      "imbalance": 0.2572,
      "score": 67.7
    },
    "OP": {
      "tradeable": true,
      "spread_pct": 0.039807,
      "bid_depth_50": 19373.3,
      "ask_depth_50": 93920.15,
      "bid_depth_100": 91896.83,
      "ask_depth_100": 93920.15,
      "bid_depth_500": 91896.83,
      "ask_depth_500": 93920.15,
      "imbalance": -0.658,
      "score": 56.2
    },
    "PAXG": {
      "tradeable": true,
      "spread_pct": 0.002062,
      "bid_depth_50": 461527.91,
      "ask_depth_50": 496084.05,
      "bid_depth_100": 461527.91,
      "ask_depth_100": 496084.05,
      "bid_depth_500": 461527.91,
      "ask_depth_500": 496084.05,
      "imbalance": -0.0361,
      "score": 100
    },
    "PUMP": {
      "tradeable": false,
      "spread_pct": 0.051033,
      "bid_depth_50": 404022.3,
      "ask_depth_50": 372720.61,
      "bid_depth_100": 740837.68,