{
  "timestamp": "2026-03-19T13:47:46.527523+00:00",
  "coins": {
    "AAVE": {
      "tradeable": true,
      "spread_pct": 0.026649,
      "bid_depth_50": 190391.54,
      "ask_depth_50": 263251.29,
      "bid_depth_100": 190391.54,
      "ask_depth_100": 263251.29,
      "bid_depth_500": 190391.54,
      "ask_depth_500": 263251.29,
      "imbalance": -0.1606,
      "score": 81.3
    },
    "ADA": {
      "tradeable": true,
      "spread_pct": 0.026366,
      "bid_depth_50": 96876.5,
      "ask_depth_50": 78297.59,
      "bid_depth_100": 96876.5,
      "ask_depth_100": 78297.59,
      "bid_depth_500": 96876.5,
      "ask_depth_500": 78297.59,
      "imbalance": 0.1061,
      "score": 69.2
    },
    "APT": {
      "tradeable": true,
      "spread_pct": 0.010487,
      "bid_depth_50": 86569.36,
      "ask_depth_50": 74023.74,
      "bid_depth_100": 86569.36,
      "ask_depth_100": 74023.74,
      "bid_depth_500": 86569.36,
      "ask_depth_500": 74023.74,
      "imbalance": 0.0781,
      "score": 84.4
    },
    "ARB": {
      "tradeable": true,
      "spread_pct": 0.040331,
      "bid_depth_50": 181297.35,
      "ask_depth_50": 266250.87,
      "bid_depth_100": 181297.35,
      "ask_depth_100": 266250.87,
      "bid_depth_500": 181297.35,
      "ask_depth_500": 266250.87,
      "imbalance": -0.1898,
      "score": 67.3
    },
    "AVAX": {
      "tradeable": true,
      "spread_pct": 0.029642,
      "bid_depth_50": 42799.15,
      "ask_depth_50": 71335.5,
      "bid_depth_100": 42799.15,
      "ask_depth_100": 71335.5,
      "bid_depth_500": 42799.15,
      "ask_depth_500": 71335.5,
      "imbalance": -0.25,
      "score": 63.2
    },
    "BCH": {
      "tradeable": true,
      "spread_pct": 0.017568,
      "bid_depth_50": 110514.23,
      "ask_depth_50": 97354.69,
      "bid_depth_100": 110514.23,
      "ask_depth_100": 97354.69,
      "bid_depth_500": 110514.23,
      "ask_depth_500": 97354.69,
      "imbalance": 0.0633,
      "score": 79.4
    },
    "BNB": {
      "tradeable": true,
      "spread_pct": 0.021886,
      "bid_depth_50": 146319.38,
      "ask_depth_50": 93303.78,
      "bid_depth_100": 146319.38,
      "ask_depth_100": 93303.78,
      "bid_depth_500": 146319.38,
      "ask_depth_500": 93303.78,
      "imbalance": 0.2212,
      "score": 76.5
    },
    "BTC": {
      "tradeable": true,
      "spread_pct": 0.001436,
      "bid_depth_50": 16164496.8,
      "ask_depth_50": 1002786.13,
      "bid_depth_100": 16164496.8,
      "ask_depth_100": 1002786.13,
      "bid_depth_500": 16164496.8,
      "ask_depth_500": 1002786.13,
      "imbalance": 0.8832,
      "score": 100
    },
    "CRV": {
      "tradeable": false,
      "spread_pct": 0.068764,
      "bid_depth_50": 89334.57,
      "ask_depth_50": 91048.86,
      "bid_depth_100": 89334.57,
      "ask_depth_100": 91048.86,
      "bid_depth_500": 89334.57,
      "ask_depth_500": 91048.86,
      "imbalance": -0.0095,
      "score": 54.5
    },
    "DOGE": {
      "tradeable": true,
      "spread_pct": 0.011799,
      "bid_depth_50": 94311.5,
      "ask_depth_50": 263520.69,
      "bid_depth_100": 94311.5,
      "ask_depth_100": 263520.69,
      "bid_depth_500": 94311.5,
      "ask_depth_500": 263520.69,
      "imbalance": -0.4729,
      "score": 91.9
    },
    "DOT": {
      "tradeable": true,
      "spread_pct": 0.045991,
      "bid_depth_50": 111449.71,
      "ask_depth_50": 168868.04,
      "bid_depth_100": 111449.71,
      "ask_depth_100": 168868.04,
      "bid_depth_500": 111449.71,
      "ask_depth_500": 168868.04,
      "imbalance": -0.2048,
      "score": 54.2
    },
    "ENA": {
      "tradeable": true,
      "spread_pct": 0.019482,
      "bid_depth_50": 161715.13,
      "ask_depth_50": 305118.32,
      "bid_depth_100": 161715.13,
      "ask_depth_100": 305118.32,
      "bid_depth_500": 161715.13,
      "ask_depth_500": 305118.32,
      "imbalance": -0.3072,
      "score": 89.0
    },
    "ETH": {
      "tradeable": true,
      "spread_pct": 0.004698,
      "bid_depth_50": 3471408.2,
      "ask_depth_50": 12672813.46,
      "bid_depth_100": 3471408.2,
      "ask_depth_100": 12672813.46,
      "bid_depth_500": 3471408.2,
      "ask_depth_500": 12672813.46,
      "imbalance": -0.57,
      "score": 100
    },
    "FARTCOIN": {
      "tradeable": true,
      "spread_pct": 0.005155,
      "bid_depth_50": 57351.4,
      "ask_depth_50": 53528.74,
      "bid_depth_100": 57351.4,
      "ask_depth_100": 53528.74,
      "bid_depth_500": 57351.4,
      "ask_depth_500": 53528.74,
      "imbalance": 0.0345,
      "score": 82.7
    },
    "HYPE": {
      "tradeable": true,
      "spread_pct": 0.015334,
      "bid_depth_50": 187978.52,
      "ask_depth_50": 149047.63,
      "bid_depth_100": 187978.52,
      "ask_depth_100": 149047.63,
      "bid_depth_500": 187978.52,
      "ask_depth_500": 149047.63,
      "imbalance": 0.1155,
      "score": 87.4
    },
    "INJ": {
      "tradeable": true,
      "spread_pct": 0.030278,
      "bid_depth_50": 42376.2,
      "ask_depth_50": 30426.97,
      "bid_depth_100": 42376.2,
      "ask_depth_100": 160575.86,
      "bid_depth_500": 42376.2,
      "ask_depth_500": 160575.86,
      "imbalance": 0.1641,
      "score": 66.5
    },
    "JUP": {
      "tradeable": true,
      "spread_pct": 0.018754,
      "bid_depth_50": 37377.31,
      "ask_depth_50": 57366.87,
      "bid_depth_100": 37377.31,
      "ask_depth_100": 57366.87,
      "bid_depth_500": 37377.31,
      "ask_depth_500": 57366.87,
      "imbalance": -0.211,
      "score": 73.2
    },
    "LDO": {
      "tradeable": true,
      "spread_pct": 0.037192,
      "bid_depth_50": 38228.56,
      "ask_depth_50": 53285.08,
      "bid_depth_100": 38228.56,
      "ask_depth_100": 53285.08,
      "bid_depth_500": 38228.56,
      "ask_depth_500": 53285.08,
      "imbalance": -0.1645,
      "score": 54.7
    },
    "LINK": {
      "tradeable": true,
      "spread_pct": 0.002233,
      "bid_depth_50": 117615.89,
      "ask_depth_50": 130861.59,
      "bid_depth_100": 117615.89,
      "ask_depth_100": 130861.59,
      "bid_depth_500": 117615.89,
      "ask_depth_500": 130861.59,
      "imbalance": -0.0533,
      "score": 88.8
    },
    "LTC": {
      "tradeable": true,
      "spread_pct": 0.03266,
      "bid_depth_50": 146016.11,
      "ask_depth_50": 196307.28,
      "bid_depth_100": 146016.11,
      "ask_depth_100": 196307.28,
      "bid_depth_500": 146016.11,
      "ask_depth_500": 196307.28,
      "imbalance": -0.1469,
      "score": 70.3
    },
    "NEAR": {
      "tradeable": true,
      "spread_pct": 0.014982,
      "bid_depth_50": 190445.87,
      "ask_depth_50": 167757.33,
      "bid_depth_100": 190445.87,
      "ask_depth_100": 167757.33,
      "bid_depth_500": 190445.87,
      "ask_depth_500": 167757.33,
      "imbalance": 0.0633,
      "score": 88.7
    },
    "ONDO": {
      "tradeable": true,
      "spread_pct": 0.027205,
      "bid_depth_50": 55919.84,
      "ask_depth_50": 72269.13,
      "bid_depth_100": 55919.84,
      "ask_depth_100": 72269.13,
      "bid_depth_500": 55919.84,
      "ask_depth_500": 72269.13,
      "imbalance": -0.1275,
      "score": 66.3
    },
    "OP": {
      "tradeable": false,
      "spread_pct": 0.091109,
      "bid_depth_50": 93170.99,
      "ask_depth_50": 66170.54,
      "bid_depth_100": 110707.43,
      "ask_depth_100": 66170.54,
      "bid_depth_500": 110707.43,
      "ask_depth_500": 66170.54,
      "imbalance": 0.1695,
      "score": 52.9
    },
    "PAXG": {
      "tradeable": true,
      "spread_pct": 0.032995,
      "bid_depth_50": 446902.52,
      "ask_depth_50": 372978.38,
      "bid_depth_100": 446902.52,
      "ask_depth_100": 372978.38,
      "bid_depth_500": 446902.52,
      "ask_depth_500": 372978.38,
      "imbalance": 0.0902,
      "score": 77.0
    },
    "PUMP": {
      "tradeable": false,
      "spread_pct": 0.054098,
      "bid_depth_50": 377482.78,
      "ask_depth_50": 367325.19,
      "bid_depth_100": 916778.26,
      "ask_depth_100": 746115.92,