{
  "timestamp": "2026-03-19T21:31:02.862314+00:00",
  "coins": {
    "AAVE": {
      "tradeable": true,
      "spread_pct": 0.026739,
      "bid_depth_50": 287717.24,
      "ask_depth_50": 267501.98,
      "bid_depth_100": 287717.24,
      "ask_depth_100": 267501.98,
      "bid_depth_500": 287717.24,
      "ask_depth_500": 267501.98,
      "imbalance": 0.0364,
      "score": 83.3
    },
    "ADA": {
      "tradeable": true,
      "spread_pct": 0.01494,
      "bid_depth_50": 186428.3,
      "ask_depth_50": 92034.19,
      "bid_depth_100": 186428.3,
      "ask_depth_100": 92034.19,
      "bid_depth_500": 186428.3,
      "ask_depth_500": 92034.19,
      "imbalance": 0.339,
      "score": 85.2
    },
    "APT": {
      "tradeable": true,
      "spread_pct": 0.02122,
      "bid_depth_50": 129683.0,
      "ask_depth_50": 67318.31,
      "bid_depth_100": 129683.0,
      "ask_depth_100": 67318.31,
      "bid_depth_500": 129683.0,
      "ask_depth_500": 67318.31,
      "imbalance": 0.3166,
      "score": 75.3
    },
    "ARB": {
      "tradeable": true,
      "spread_pct": 0.030247,
      "bid_depth_50": 199247.22,
      "ask_depth_50": 141775.91,
      "bid_depth_100": 199247.22,
      "ask_depth_100": 141775.91,
      "bid_depth_500": 199247.22,
      "ask_depth_500": 141775.91,
      "imbalance": 0.1685,
      "score": 72.7
    },
    "AVAX": {
      "tradeable": true,
      "spread_pct": 0.009459,
      "bid_depth_50": 54111.86,
      "ask_depth_50": 75906.14,
      "bid_depth_100": 54111.86,
      "ask_depth_100": 75906.14,
      "bid_depth_500": 54111.86,
      "ask_depth_500": 75906.14,
      "imbalance": -0.1676,
      "score": 83.6
    },
    "BCH": {
      "tradeable": true,
      "spread_pct": 0.030704,
      "bid_depth_50": 104455.02,
      "ask_depth_50": 93663.88,
      "bid_depth_100": 104455.02,
      "ask_depth_100": 93663.88,
      "bid_depth_500": 104455.02,
      "ask_depth_500": 93663.88,
      "imbalance": 0.0545,
      "score": 65.9
    },
    "BNB": {
      "tradeable": true,
      "spread_pct": 0.010892,
      "bid_depth_50": 117117.47,
      "ask_depth_50": 103534.1,
      "bid_depth_100": 117117.47,
      "ask_depth_100": 103534.1,
      "bid_depth_500": 117117.47,
      "ask_depth_500": 103534.1,
      "imbalance": 0.0616,
      "score": 86.7
    },
    "BTC": {
      "tradeable": true,
      "spread_pct": 0.001417,
      "bid_depth_50": 1483692.23,
      "ask_depth_50": 2745954.91,
      "bid_depth_100": 1483692.23,
      "ask_depth_100": 2745954.91,
      "bid_depth_500": 1483692.23,
      "ask_depth_500": 2745954.91,
      "imbalance": -0.2984,
      "score": 100
    },
    "CRV": {
      "tradeable": true,
      "spread_pct": 0.041831,
      "bid_depth_50": 94809.79,
      "ask_depth_50": 92612.75,
      "bid_depth_100": 94809.79,
      "ask_depth_100": 92612.75,
      "bid_depth_500": 94809.79,
      "ask_depth_500": 92612.75,
      "imbalance": 0.0117,
      "score": 54.3
    },
    "DOGE": {
      "tradeable": true,
      "spread_pct": 0.005344,
      "bid_depth_50": 253780.54,
      "ask_depth_50": 210855.64,
      "bid_depth_100": 253780.54,
      "ask_depth_100": 210855.64,
      "bid_depth_500": 253780.54,
      "ask_depth_500": 210855.64,
      "imbalance": 0.0924,
      "score": 98.4
    },
    "DOT": {
      "tradeable": true,
      "spread_pct": 0.039321,
      "bid_depth_50": 106894.74,
      "ask_depth_50": 122125.78,
      "bid_depth_100": 106894.74,
      "ask_depth_100": 122125.78,
      "bid_depth_500": 106894.74,
      "ask_depth_500": 122125.78,
      "imbalance": -0.0665,
      "score": 58.6
    },
    "ENA": {
      "tradeable": false,
      "spread_pct": 0.057982,
      "bid_depth_50": 275659.33,
      "ask_depth_50": 290439.26,
      "bid_depth_100": 275659.33,
      "ask_depth_100": 290439.26,
      "bid_depth_500": 275659.33,
      "ask_depth_500": 290439.26,
      "imbalance": -0.0261,
      "score": 69.5
    },
    "ETH": {
      "tradeable": true,
      "spread_pct": 0.004655,
      "bid_depth_50": 10565223.72,
      "ask_depth_50": 7191215.91,
      "bid_depth_100": 10565223.72,
      "ask_depth_100": 7191215.91,
      "bid_depth_500": 10565223.72,
      "ask_depth_500": 7191215.91,
      "imbalance": 0.19,
      "score": 100
    },
    "FARTCOIN": {
      "tradeable": true,
      "spread_pct": 0.044245,
      "bid_depth_50": 68925.92,
      "ask_depth_50": 34605.83,
      "bid_depth_100": 68925.92,
      "ask_depth_100": 34605.83,
      "bid_depth_500": 68925.92,
      "ask_depth_500": 34605.83,
      "imbalance": 0.3315,
      "score": 48.1
    },
    "HYPE": {
      "tradeable": true,
      "spread_pct": 0.020382,
      "bid_depth_50": 119162.53,
      "ask_depth_50": 69410.5,
      "bid_depth_100": 119162.53,
      "ask_depth_100": 69410.5,
      "bid_depth_500": 119162.53,
      "ask_depth_500": 69410.5,
      "imbalance": 0.2638,
      "score": 75.8
    },
    "INJ": {
      "tradeable": true,
      "spread_pct": 0.04296,
      "bid_depth_50": 55466.63,
      "ask_depth_50": 38985.08,
      "bid_depth_100": 55466.63,
      "ask_depth_100": 38985.08,
      "bid_depth_500": 55466.63,
      "ask_depth_500": 38985.08,
      "imbalance": 0.1745,
      "score": 49.0
    },
    "JUP": {
      "tradeable": false,
      "spread_pct": 0.056077,
      "bid_depth_50": 45603.88,
      "ask_depth_50": 50522.99,
      "bid_depth_100": 45603.88,
      "ask_depth_100": 50522.99,
      "bid_depth_500": 45603.88,
      "ask_depth_500": 50522.99,
      "imbalance": -0.0512,
      "score": 51.6
    },
    "LDO": {
      "tradeable": true,
      "spread_pct": 0.020172,
      "bid_depth_50": 42568.58,
      "ask_depth_50": 57623.99,
      "bid_depth_100": 42568.58,
      "ask_depth_100": 57623.99,
      "bid_depth_500": 42568.58,
      "ask_depth_500": 57623.99,
      "imbalance": -0.1503,
      "score": 72.1
    },
    "LINK": {
      "tradeable": true,
      "spread_pct": 0.016533,
      "bid_depth_50": 130916.97,
      "ask_depth_50": 78175.85,
      "bid_depth_100": 130916.97,
      "ask_depth_100": 78175.85,
      "bid_depth_500": 130916.97,
      "ask_depth_500": 78175.85,
      "imbalance": 0.2522,
      "score": 80.5
    },
    "LTC": {
      "tradeable": true,
      "spread_pct": 0.001796,
      "bid_depth_50": 144307.1,
      "ask_depth_50": 210430.15,
      "bid_depth_100": 144307.1,
      "ask_depth_100": 210430.15,
      "bid_depth_500": 144307.1,
      "ask_depth_500": 210430.15,
      "imbalance": -0.1864,
      "score": 93.5
    },
    "NEAR": {
      "tradeable": true,
      "spread_pct": 0.007505,
      "bid_depth_50": 161273.17,
      "ask_depth_50": 219913.72,
      "bid_depth_100": 161273.17,
      "ask_depth_100": 219913.72,
      "bid_depth_500": 161273.17,
      "ask_depth_500": 219913.72,
      "imbalance": -0.1538,
      "score": 94.7
    },
    "ONDO": {
      "tradeable": false,
      "spread_pct": 0.054297,
      "bid_depth_50": 48748.08,
      "ask_depth_50": 73953.82,
      "bid_depth_100": 48748.08,
      "ask_depth_100": 73953.82,
      "bid_depth_500": 48748.08,
      "ask_depth_500": 73953.82,
      "imbalance": -0.2054,
      "score": 52.9
    },
    "OP": {
      "tradeable": true,
      "spread_pct": 0.041358,
      "bid_depth_50": 89972.48,
      "ask_depth_50": 74895.01,
      "bid_depth_100": 173756.54,
      "ask_depth_100": 74895.01,
      "bid_depth_500": 173756.54,
      "ask_depth_500": 74895.01,
      "imbalance": 0.0915,
      "score": 57.5
    },
    "PAXG": {
      "tradeable": true,
      "spread_pct": 0.002147,
      "bid_depth_50": 147049.61,
      "ask_depth_50": 192939.13,
      "bid_depth_100": 147049.61,
      "ask_depth_100": 192939.13,
      "bid_depth_500": 147049.61,
      "ask_depth_500": 192939.13,
      "imbalance": -0.135,
      "score": 92.9
    },
    "PUMP": {
      "tradeable": false,
      "spread_pct": 0.053749,
      "bid_depth_50": 408790.79,
      "ask_depth_50": 291976.33,
      "bid_depth_100": 846370.74,
      "ask_depth_100": 733884.65,