{
  "timestamp": "2026-03-22T15:53:14.257516+00:00",
  "coins": {
    "AAVE": {
      "tradeable": true,
      "spread_pct": 0.01865,
      "bid_depth_50": 312056.31,
      "ask_depth_50": 260993.12,
      "bid_depth_100": 312056.31,
      "ask_depth_100": 260993.12,
      "bid_depth_500": 312056.31,
      "ask_depth_500": 260993.12,
      "imbalance": 0.0891,
      "score": 91.4
    },
    "ADA": {
      "tradeable": true,
      "spread_pct": 0.011757,
      "bid_depth_50": 111213.34,
      "ask_depth_50": 125605.77,
      "bid_depth_100": 111213.34,
      "ask_depth_100": 125605.77,
      "bid_depth_500": 111213.34,
      "ask_depth_500": 125605.77,
      "imbalance": -0.0608,
      "score": 86.5
    },
    "APT": {
      "tradeable": true,
      "spread_pct": 0.021559,
      "bid_depth_50": 111669.51,
      "ask_depth_50": 119231.19,
      "bid_depth_100": 111669.51,
      "ask_depth_100": 119231.19,
      "bid_depth_500": 111669.51,
      "ask_depth_500": 119231.19,
      "imbalance": -0.0327,
      "score": 76.5
    },
    "ARB": {
      "tradeable": true,
      "spread_pct": 0.02137,
      "bid_depth_50": 98252.98,
      "ask_depth_50": 237371.95,
      "bid_depth_100": 98252.98,
      "ask_depth_100": 237371.95,
      "bid_depth_500": 98252.98,
      "ask_depth_500": 237371.95,
      "imbalance": -0.4145,
      "score": 81.3
    },
    "AVAX": {
      "tradeable": true,
      "spread_pct": 0.005504,
      "bid_depth_50": 47705.03,
      "ask_depth_50": 52850.97,
      "bid_depth_100": 47705.03,
      "ask_depth_100": 52850.97,
      "bid_depth_500": 47705.03,
      "ask_depth_500": 52850.97,
      "imbalance": -0.0512,
      "score": 82.2
    },
    "BCH": {
      "tradeable": true,
      "spread_pct": 0.014944,
      "bid_depth_50": 73219.44,
      "ask_depth_50": 89057.21,
      "bid_depth_100": 73219.44,
      "ask_depth_100": 89057.21,
      "bid_depth_500": 73219.44,
      "ask_depth_500": 89057.21,
      "imbalance": -0.0976,
      "score": 80.0
    },
    "BNB": {
      "tradeable": true,
      "spread_pct": 0.006359,
      "bid_depth_50": 65626.03,
      "ask_depth_50": 43982.16,
      "bid_depth_100": 65626.03,
      "ask_depth_100": 43982.16,
      "bid_depth_500": 65626.03,
      "ask_depth_500": 43982.16,
      "imbalance": 0.1975,
      "score": 82.6
    },
    "BTC": {
      "tradeable": true,
      "spread_pct": 0.001454,
      "bid_depth_50": 5992066.63,
      "ask_depth_50": 3068517.32,
      "bid_depth_100": 5992066.63,
      "ask_depth_100": 3068517.32,
      "bid_depth_500": 5992066.63,
      "ask_depth_500": 3068517.32,
      "imbalance": 0.3227,
      "score": 100
    },
    "CRV": {
      "tradeable": false,
      "spread_pct": 0.050285,
      "bid_depth_50": 89438.49,
      "ask_depth_50": 100116.29,
      "bid_depth_100": 89438.49,
      "ask_depth_100": 100116.29,
      "bid_depth_500": 89438.49,
      "ask_depth_500": 100116.29,
      "imbalance": -0.0563,
      "score": 56.2
    },
    "DOGE": {
      "tradeable": true,
      "spread_pct": 0.013113,
      "bid_depth_50": 224304.91,
      "ask_depth_50": 241057.09,
      "bid_depth_100": 224304.91,
      "ask_depth_100": 241057.09,
      "bid_depth_500": 224304.91,
      "ask_depth_500": 241057.09,
      "imbalance": -0.036,
      "score": 95.3
    },
    "DOT": {
      "tradeable": true,
      "spread_pct": 0.041902,
      "bid_depth_50": 177301.9,
      "ask_depth_50": 301121.32,
      "bid_depth_100": 177301.9,
      "ask_depth_100": 301121.32,
      "bid_depth_500": 177301.9,
      "ask_depth_500": 301121.32,
      "imbalance": -0.2588,
      "score": 67.1
    },
    "ENA": {
      "tradeable": false,
      "spread_pct": 0.05932,
      "bid_depth_50": 116964.58,
      "ask_depth_50": 137617.38,
      "bid_depth_100": 116964.58,
      "ask_depth_100": 137617.38,
      "bid_depth_500": 116964.58,
      "ask_depth_500": 137617.38,
      "imbalance": -0.0811,
      "score": 58.5
    },
    "ETH": {
      "tradeable": true,
      "spread_pct": 0.004808,
      "bid_depth_50": 7591884.31,
      "ask_depth_50": 7901626.05,
      "bid_depth_100": 7591884.31,
      "ask_depth_100": 7901626.05,
      "bid_depth_500": 7591884.31,
      "ask_depth_500": 7901626.05,
      "imbalance": -0.02,
      "score": 100
    },
    "FARTCOIN": {
      "tradeable": true,
      "spread_pct": 0.042339,
      "bid_depth_50": 47452.17,
      "ask_depth_50": 148849.81,
      "bid_depth_100": 47452.17,
      "ask_depth_100": 148849.81,
      "bid_depth_500": 47452.17,
      "ask_depth_500": 148849.81,
      "imbalance": -0.5165,
      "score": 54.2
    },
    "HYPE": {
      "tradeable": true,
      "spread_pct": 0.013157,
      "bid_depth_50": 147092.83,
      "ask_depth_50": 79499.93,
      "bid_depth_100": 147092.83,
      "ask_depth_100": 79499.93,
      "bid_depth_500": 147092.83,
      "ask_depth_500": 79499.93,
      "imbalance": 0.2983,
      "score": 84.7
    },
    "INJ": {
      "tradeable": false,
      "spread_pct": 0.07726,
      "bid_depth_50": 33339.25,
      "ask_depth_50": 39275.67,
      "bid_depth_100": 33339.25,
      "ask_depth_100": 39275.67,
      "bid_depth_500": 33339.25,
      "ask_depth_500": 39275.67,
      "imbalance": -0.0818,
      "score": 49.2
    },
    "JUP": {
      "tradeable": true,
      "spread_pct": 0.006549,
      "bid_depth_50": 50721.19,
      "ask_depth_50": 49305.37,
      "bid_depth_100": 50721.19,
      "ask_depth_100": 49305.37,
      "bid_depth_500": 50721.19,
      "ask_depth_500": 49305.37,
      "imbalance": 0.0142,
      "score": 82.2
    },
    "LDO": {
      "tradeable": true,
      "spread_pct": 0.034975,
      "bid_depth_50": 52642.14,
      "ask_depth_50": 38752.1,
      "bid_depth_100": 52642.14,
      "ask_depth_100": 38752.1,
      "bid_depth_500": 52642.14,
      "ask_depth_500": 38752.1,
      "imbalance": 0.152,
      "score": 56.9
    },
    "LINK": {
      "tradeable": true,
      "spread_pct": 0.010243,
      "bid_depth_50": 114253.94,
      "ask_depth_50": 125776.33,
      "bid_depth_100": 114253.94,
      "ask_depth_100": 125776.33,
      "bid_depth_500": 114253.94,
      "ask_depth_500": 125776.33,
      "imbalance": -0.048,
      "score": 88.2
    },
    "LTC": {
      "tradeable": true,
      "spread_pct": 0.012917,
      "bid_depth_50": 118217.93,
      "ask_depth_50": 182015.74,
      "bid_depth_100": 118217.93,
      "ask_depth_100": 182015.74,
      "bid_depth_500": 118217.93,
      "ask_depth_500": 182015.74,
      "imbalance": -0.2125,
      "score": 88.2
    },
    "NEAR": {
      "tradeable": true,
      "spread_pct": 0.031099,
      "bid_depth_50": 110973.48,
      "ask_depth_50": 123847.77,
      "bid_depth_100": 110973.48,
      "ask_depth_100": 123847.77,
      "bid_depth_500": 110973.48,
      "ask_depth_500": 123847.77,
      "imbalance": -0.0548,
      "score": 67.1
    },
    "ONDO": {
      "tradeable": true,
      "spread_pct": 0.024189,
      "bid_depth_50": 57130.34,
      "ask_depth_50": 54343.13,
      "bid_depth_100": 57130.34,
      "ask_depth_100": 54343.13,
      "bid_depth_500": 57130.34,
      "ask_depth_500": 54343.13,
      "imbalance": 0.025,
      "score": 68.5
    },
    "OP": {
      "tradeable": true,
      "spread_pct": 0.034489,
      "bid_depth_50": 43132.4,
      "ask_depth_50": 92832.16,
      "bid_depth_100": 43132.4,
      "ask_depth_100": 92832.16,
      "bid_depth_500": 43132.4,
      "ask_depth_500": 92832.16,
      "imbalance": -0.3655,
      "score": 59.3
    },
    "PAXG": {
      "tradeable": true,
      "spread_pct": 0.002234,
      "bid_depth_50": 127654.53,
      "ask_depth_50": 230790.43,
      "bid_depth_100": 127654.53,
      "ask_depth_100": 230790.43,
      "bid_depth_500": 127654.53,
      "ask_depth_500": 230790.43,
      "imbalance": -0.2877,
      "score": 93.7
    },
    "PUMP": {
      "tradeable": false,
      "spread_pct": 0.111483,
      "bid_depth_50": 354606.93,
      "ask_depth_50": 391352.15,
      "bid_depth_100": 743337.72,