{
  "timestamp": "2026-03-21T22:08:17.989136+00:00",
  "coins": {
    "AAVE": {
      "tradeable": true,
      "spread_pct": 0.017952,
      "bid_depth_50": 295386.01,
      "ask_depth_50": 272056.7,
      "bid_depth_100": 295386.01,
      "ask_depth_100": 272056.7,
      "bid_depth_500": 295386.01,
      "ask_depth_500": 272056.7,
      "imbalance": 0.0411,
      "score": 92.0
    },
    "ADA": {
      "tradeable": true,
      "spread_pct": 0.03401,
      "bid_depth_50": 168014.23,
      "ask_depth_50": 162389.92,
      "bid_depth_100": 168014.23,
      "ask_depth_100": 162389.92,
      "bid_depth_500": 168014.23,
      "ask_depth_500": 162389.92,
      "imbalance": 0.017,
      "score": 68.5
    },
    "APT": {
      "tradeable": true,
      "spread_pct": 0.030041,
      "bid_depth_50": 82882.33,
      "ask_depth_50": 108832.12,
      "bid_depth_100": 82882.33,
      "ask_depth_100": 108832.12,
      "bid_depth_500": 82882.33,
      "ask_depth_500": 108832.12,
      "imbalance": -0.1354,
      "score": 66.3
    },
    "ARB": {
      "tradeable": true,
      "spread_pct": 0.030164,
      "bid_depth_50": 199433.12,
      "ask_depth_50": 230928.56,
      "bid_depth_100": 199433.12,
      "ask_depth_100": 230928.56,
      "bid_depth_500": 199433.12,
      "ask_depth_500": 230928.56,
      "imbalance": -0.0732,
      "score": 76.7
    },
    "AVAX": {
      "tradeable": true,
      "spread_pct": 0.008431,
      "bid_depth_50": 68051.95,
      "ask_depth_50": 80293.12,
      "bid_depth_100": 68051.95,
      "ask_depth_100": 80293.12,
      "bid_depth_500": 68051.95,
      "ask_depth_500": 80293.12,
      "imbalance": -0.0825,
      "score": 84.4
    },
    "BCH": {
      "tradeable": true,
      "spread_pct": 0.002133,
      "bid_depth_50": 67805.21,
      "ask_depth_50": 101084.83,
      "bid_depth_100": 67805.21,
      "ask_depth_100": 101084.83,
      "bid_depth_500": 67805.21,
      "ask_depth_500": 101084.83,
      "imbalance": -0.197,
      "score": 85.3
    },
    "BNB": {
      "tradeable": true,
      "spread_pct": 0.006238,
      "bid_depth_50": 108462.56,
      "ask_depth_50": 85423.59,
      "bid_depth_100": 108462.56,
      "ask_depth_100": 85423.59,
      "bid_depth_500": 108462.56,
      "ask_depth_500": 85423.59,
      "imbalance": 0.1188,
      "score": 86.4
    },
    "BTC": {
      "tradeable": true,
      "spread_pct": 0.001423,
      "bid_depth_50": 999504.17,
      "ask_depth_50": 6957590.95,
      "bid_depth_100": 999504.17,
      "ask_depth_100": 6957590.95,
      "bid_depth_500": 999504.17,
      "ask_depth_500": 6957590.95,
      "imbalance": -0.7488,
      "score": 100
    },
    "CRV": {
      "tradeable": false,
      "spread_pct": 0.06423,
      "bid_depth_50": 89229.13,
      "ask_depth_50": 97732.0,
      "bid_depth_100": 89229.13,
      "ask_depth_100": 97732.0,
      "bid_depth_500": 89229.13,
      "ask_depth_500": 97732.0,
      "imbalance": -0.0455,
      "score": 55.1
    },
    "DOGE": {
      "tradeable": true,
      "spread_pct": 0.001065,
      "bid_depth_50": 131794.72,
      "ask_depth_50": 161428.76,
      "bid_depth_100": 131794.72,
      "ask_depth_100": 161428.76,
      "bid_depth_500": 131794.72,
      "ask_depth_500": 161428.76,
      "imbalance": -0.1011,
      "score": 90.8
    },
    "DOT": {
      "tradeable": true,
      "spread_pct": 0.040161,
      "bid_depth_50": 71466.63,
      "ask_depth_50": 133517.54,
      "bid_depth_100": 71466.63,
      "ask_depth_100": 133517.54,
      "bid_depth_500": 71466.63,
      "ask_depth_500": 133517.54,
      "imbalance": -0.3027,
      "score": 56.7
    },
    "ENA": {
      "tradeable": false,
      "spread_pct": 0.068658,
      "bid_depth_50": 242241.25,
      "ask_depth_50": 258491.65,
      "bid_depth_100": 242241.25,
      "ask_depth_100": 258491.65,
      "bid_depth_500": 242241.25,
      "ask_depth_500": 258491.65,
      "imbalance": -0.0325,
      "score": 68.8
    },
    "ETH": {
      "tradeable": true,
      "spread_pct": 0.004649,
      "bid_depth_50": 8070225.07,
      "ask_depth_50": 7689532.46,
      "bid_depth_100": 8070225.07,
      "ask_depth_100": 7689532.46,
      "bid_depth_500": 8070225.07,
      "ask_depth_500": 7689532.46,
      "imbalance": 0.0242,
      "score": 100
    },
    "FARTCOIN": {
      "tradeable": true,
      "spread_pct": 0.005117,
      "bid_depth_50": 64394.27,
      "ask_depth_50": 35903.11,
      "bid_depth_100": 64394.27,
      "ask_depth_100": 35903.11,
      "bid_depth_500": 64394.27,
      "ask_depth_500": 35903.11,
      "imbalance": 0.2841,
      "score": 82.2
    },
    "HYPE": {
      "tradeable": true,
      "spread_pct": 0.002496,
      "bid_depth_50": 164086.02,
      "ask_depth_50": 61296.28,
      "bid_depth_100": 164086.02,
      "ask_depth_100": 61296.28,
      "bid_depth_500": 164086.02,
      "ask_depth_500": 61296.28,
      "imbalance": 0.4561,
      "score": 87.8
    },
    "INJ": {
      "tradeable": true,
      "spread_pct": 0.035489,
      "bid_depth_50": 46139.15,
      "ask_depth_50": 24042.68,
      "bid_depth_100": 46139.15,
      "ask_depth_100": 169017.73,
      "bid_depth_500": 46139.15,
      "ask_depth_500": 169017.73,
      "imbalance": 0.3148,
      "score": 61.9
    },
    "JUP": {
      "tradeable": false,
      "spread_pct": 0.050308,
      "bid_depth_50": 54197.41,
      "ask_depth_50": 47366.26,
      "bid_depth_100": 54197.41,
      "ask_depth_100": 47366.26,
      "bid_depth_500": 54197.41,
      "ask_depth_500": 47366.26,
      "imbalance": 0.0673,
      "score": 52.3
    },
    "LDO": {
      "tradeable": true,
      "spread_pct": 0.030282,
      "bid_depth_50": 41260.04,
      "ask_depth_50": 51630.06,
      "bid_depth_100": 41260.04,
      "ask_depth_100": 51630.06,
      "bid_depth_500": 41260.04,
      "ask_depth_500": 51630.06,
      "imbalance": -0.1116,
      "score": 61.6
    },
    "LINK": {
      "tradeable": true,
      "spread_pct": 0.007711,
      "bid_depth_50": 134779.79,
      "ask_depth_50": 89797.75,
      "bid_depth_100": 134779.79,
      "ask_depth_100": 89797.75,
      "bid_depth_500": 134779.79,
      "ask_depth_500": 89797.75,
      "imbalance": 0.2003,
      "score": 87.8
    },
    "LTC": {
      "tradeable": true,
      "spread_pct": 0.005375,
      "bid_depth_50": 121138.97,
      "ask_depth_50": 196328.85,
      "bid_depth_100": 121138.97,
      "ask_depth_100": 196328.85,
      "bid_depth_500": 121138.97,
      "ask_depth_500": 196328.85,
      "imbalance": -0.2368,
      "score": 91.9
    },
    "NEAR": {
      "tradeable": true,
      "spread_pct": 0.037952,
      "bid_depth_50": 131651.66,
      "ask_depth_50": 98096.38,
      "bid_depth_100": 131651.66,
      "ask_depth_100": 98096.38,
      "bid_depth_500": 131651.66,
      "ask_depth_500": 98096.38,
      "imbalance": 0.1461,
      "score": 60.0
    },
    "ONDO": {
      "tradeable": true,
      "spread_pct": 0.042369,
      "bid_depth_50": 52387.7,
      "ask_depth_50": 55435.74,
      "bid_depth_100": 52387.7,
      "ask_depth_100": 55435.74,
      "bid_depth_500": 52387.7,
      "ask_depth_500": 55435.74,
      "imbalance": -0.0283,
      "score": 50.2
    },
    "OP": {
      "tradeable": false,
      "spread_pct": 0.065617,
      "bid_depth_50": 83231.83,
      "ask_depth_50": 72381.41,
      "bid_depth_100": 83231.83,
      "ask_depth_100": 72381.41,
      "bid_depth_500": 83231.83,
      "ask_depth_500": 72381.41,
      "imbalance": 0.0697,
      "score": 53.7
    },
    "PAXG": {
      "tradeable": true,
      "spread_pct": 0.002218,
      "bid_depth_50": 217735.28,
      "ask_depth_50": 206639.22,
      "bid_depth_100": 217735.28,
      "ask_depth_100": 206639.22,
      "bid_depth_500": 217735.28,
      "ask_depth_500": 206639.22,
      "imbalance": 0.0261,
      "score": 96.6
    },
    "PUMP": {
      "tradeable": false,
      "spread_pct": 0.106952,
      "bid_depth_50": 463202.23,
      "ask_depth_50": 333163.34,
      "bid_depth_100": 784844.19,
      "ask_depth_100": 734394.56,