{
  "timestamp": "2026-03-27T01:13:07.885837+00:00",
  "coins": {
    "AAVE": {
      "tradeable": true,
      "spread_pct": 0.018907,
      "bid_depth_50": 320875.33,
      "ask_depth_50": 379591.49,
      "bid_depth_100": 320875.33,
      "ask_depth_100": 379591.49,
      "bid_depth_500": 320875.33,
      "ask_depth_500": 379591.49,
      "imbalance": -0.0838,
      "score": 91.1
    },
    "ADA": {
      "tradeable": true,
      "spread_pct": 0.019636,
      "bid_depth_50": 87625.73,
      "ask_depth_50": 115819.47,
      "bid_depth_100": 87625.73,
      "ask_depth_100": 115819.47,
      "bid_depth_500": 87625.73,
      "ask_depth_500": 115819.47,
      "imbalance": -0.1386,
      "score": 77.2
    },
    "APT": {
      "tradeable": true,
      "spread_pct": 0.009726,
      "bid_depth_50": 92099.77,
      "ask_depth_50": 96319.33,
      "bid_depth_100": 92099.77,
      "ask_depth_100": 96319.33,
      "bid_depth_500": 92099.77,
      "ask_depth_500": 96319.33,
      "imbalance": -0.0224,
      "score": 86.2
    },
    "ARB": {
      "tradeable": true,
      "spread_pct": 0.010589,
      "bid_depth_50": 210424.14,
      "ask_depth_50": 146576.04,
      "bid_depth_100": 210424.14,
      "ask_depth_100": 146576.04,
      "bid_depth_500": 210424.14,
      "ask_depth_500": 146576.04,
      "imbalance": 0.1788,
      "score": 93.1
    },
    "AVAX": {
      "tradeable": true,
      "spread_pct": 0.001099,
      "bid_depth_50": 79493.21,
      "ask_depth_50": 83027.06,
      "bid_depth_100": 79493.21,
      "ask_depth_100": 83027.06,
      "bid_depth_500": 79493.21,
      "ask_depth_500": 83027.06,
      "imbalance": -0.0217,
      "score": 85.0
    },
    "BCH": {
      "tradeable": true,
      "spread_pct": 0.006461,
      "bid_depth_50": 87221.99,
      "ask_depth_50": 55448.46,
      "bid_depth_100": 87221.99,
      "ask_depth_100": 55448.46,
      "bid_depth_500": 87221.99,
      "ask_depth_500": 55448.46,
      "imbalance": 0.2227,
      "score": 84.1
    },
    "BNB": {
      "tradeable": true,
      "spread_pct": 0.001588,
      "bid_depth_50": 62151.46,
      "ask_depth_50": 115278.1,
      "bid_depth_100": 62151.46,
      "ask_depth_100": 115278.1,
      "bid_depth_500": 62151.46,
      "ask_depth_500": 115278.1,
      "imbalance": -0.2994,
      "score": 85.7
    },
    "BTC": {
      "tradeable": true,
      "spread_pct": 0.001453,
      "bid_depth_50": 4016893.74,
      "ask_depth_50": 3788879.12,
      "bid_depth_100": 4016893.74,
      "ask_depth_100": 3788879.12,
      "bid_depth_500": 4016893.74,
      "ask_depth_500": 3788879.12,
      "imbalance": 0.0292,
      "score": 100
    },
    "CRV": {
      "tradeable": true,
      "spread_pct": 0.013544,
      "bid_depth_50": 56302.24,
      "ask_depth_50": 81118.9,
      "bid_depth_100": 56302.24,
      "ask_depth_100": 81118.9,
      "bid_depth_500": 56302.24,
      "ask_depth_500": 81118.9,
      "imbalance": -0.1806,
      "score": 80.3
    },
    "DOGE": {
      "tradeable": true,
      "spread_pct": 0.001085,
      "bid_depth_50": 136343.62,
      "ask_depth_50": 227662.99,
      "bid_depth_100": 136343.62,
      "ask_depth_100": 227662.99,
      "bid_depth_500": 136343.62,
      "ask_depth_500": 227662.99,
      "imbalance": -0.2509,
      "score": 94.0
    },
    "DOT": {
      "tradeable": true,
      "spread_pct": 0.022647,
      "bid_depth_50": 151900.83,
      "ask_depth_50": 137072.61,
      "bid_depth_100": 151900.83,
      "ask_depth_100": 137072.61,
      "bid_depth_500": 151900.83,
      "ask_depth_500": 137072.61,
      "imbalance": 0.0513,
      "score": 78.0
    },
    "ENA": {
      "tradeable": true,
      "spread_pct": 0.028752,
      "bid_depth_50": 64734.48,
      "ask_depth_50": 66428.62,
      "bid_depth_100": 64734.48,
      "ask_depth_100": 66428.62,
      "bid_depth_500": 64734.48,
      "ask_depth_500": 66428.62,
      "imbalance": -0.0129,
      "score": 64.9
    },
    "ETH": {
      "tradeable": true,
      "spread_pct": 0.004835,
      "bid_depth_50": 9164774.08,
      "ask_depth_50": 10219738.25,
      "bid_depth_100": 9164774.08,
      "ask_depth_100": 10219738.25,
      "bid_depth_500": 9164774.08,
      "ask_depth_500": 10219738.25,
      "imbalance": -0.0544,
      "score": 100
    },
    "FARTCOIN": {
      "tradeable": true,
      "spread_pct": 0.017069,
      "bid_depth_50": 68481.23,
      "ask_depth_50": 50249.45,
      "bid_depth_100": 68481.23,
      "ask_depth_100": 50249.45,
      "bid_depth_500": 68481.23,
      "ask_depth_500": 50249.45,
      "imbalance": 0.1536,
      "score": 76.0
    },
    "HYPE": {
      "tradeable": true,
      "spread_pct": 0.002564,
      "bid_depth_50": 166204.04,
      "ask_depth_50": 111347.31,
      "bid_depth_100": 166204.04,
      "ask_depth_100": 111347.31,
      "bid_depth_500": 166204.04,
      "ask_depth_500": 111347.31,
      "imbalance": 0.1976,
      "score": 90.1
    },
    "INJ": {
      "tradeable": true,
      "spread_pct": 0.033711,
      "bid_depth_50": 42172.06,
      "ask_depth_50": 36912.38,
      "bid_depth_100": 42172.06,
      "ask_depth_100": 36912.38,
      "bid_depth_500": 42172.06,
      "ask_depth_500": 36912.38,
      "imbalance": 0.0665,
      "score": 57.6
    },
    "JUP": {
      "tradeable": true,
      "spread_pct": 0.046612,
      "bid_depth_50": 66965.44,
      "ask_depth_50": 39587.8,
      "bid_depth_100": 66965.44,
      "ask_depth_100": 39587.8,
      "bid_depth_500": 66965.44,
      "ask_depth_500": 39587.8,
      "imbalance": 0.2569,
      "score": 45.9
    },
    "LDO": {
      "tradeable": true,
      "spread_pct": 0.027736,
      "bid_depth_50": 29148.52,
      "ask_depth_50": 72022.27,
      "bid_depth_100": 29148.52,
      "ask_depth_100": 72022.27,
      "bid_depth_500": 29148.52,
      "ask_depth_500": 72022.27,
      "imbalance": -0.4238,
      "score": 64.5
    },
    "LINK": {
      "tradeable": true,
      "spread_pct": 0.001119,
      "bid_depth_50": 138431.41,
      "ask_depth_50": 145701.68,
      "bid_depth_100": 138431.41,
      "ask_depth_100": 145701.68,
      "bid_depth_500": 138431.41,
      "ask_depth_500": 145701.68,
      "imbalance": -0.0256,
      "score": 90.4
    },
    "LTC": {
      "tradeable": true,
      "spread_pct": 0.001827,
      "bid_depth_50": 96085.9,
      "ask_depth_50": 93951.36,
      "bid_depth_100": 96085.9,
      "ask_depth_100": 93951.36,
      "bid_depth_500": 96085.9,
      "ask_depth_500": 93951.36,
      "imbalance": 0.0112,
      "score": 86.2
    },
    "NEAR": {
      "tradeable": true,
      "spread_pct": 0.024393,
      "bid_depth_50": 107485.24,
      "ask_depth_50": 148595.29,
      "bid_depth_100": 107485.24,
      "ask_depth_100": 148595.29,
      "bid_depth_500": 107485.24,
      "ask_depth_500": 148595.29,
      "imbalance": -0.1605,
      "score": 74.8
    },
    "ONDO": {
      "tradeable": true,
      "spread_pct": 0.018119,
      "bid_depth_50": 47494.28,
      "ask_depth_50": 46793.06,
      "bid_depth_100": 47494.28,
      "ask_depth_100": 46793.06,
      "bid_depth_500": 47494.28,
      "ask_depth_500": 46793.06,
      "imbalance": 0.0074,
      "score": 73.8
    },
    "OP": {
      "tradeable": false,
      "spread_pct": 0.064018,
      "bid_depth_50": 87441.76,
      "ask_depth_50": 76211.69,
      "bid_depth_100": 136601.48,
      "ask_depth_100": 76211.69,
      "bid_depth_500": 136601.48,
      "ask_depth_500": 76211.69,
      "imbalance": 0.0686,
      "score": 56.3
    },
    "PAXG": {
      "tradeable": true,
      "spread_pct": 0.002273,
      "bid_depth_50": 544648.97,
      "ask_depth_50": 425206.21,
      "bid_depth_100": 544648.97,
      "ask_depth_100": 425206.21,
      "bid_depth_500": 544648.97,
      "ask_depth_500": 425206.21,
      "imbalance": 0.1232,
      "score": 100
    },
    "PUMP": {
      "tradeable": false,
      "spread_pct": 0.056038,
      "bid_depth_50": 363529.76,
      "ask_depth_50": 410482.38,
      "bid_depth_100": 730720.37,
      "ask_depth_100": 802508.49,