{
  "timestamp": "2026-03-19T15:05:30.368864+00:00",
  "coins": {
    "AAVE": {
      "tradeable": true,
      "spread_pct": 0.017835,
      "bid_depth_50": 250838.41,
      "ask_depth_50": 279301.82,
      "bid_depth_100": 250838.41,
      "ask_depth_100": 279301.82,
      "bid_depth_500": 250838.41,
      "ask_depth_500": 279301.82,
      "imbalance": -0.0537,
      "score": 92.2
    },
    "ADA": {
      "tradeable": true,
      "spread_pct": 0.011258,
      "bid_depth_50": 112817.5,
      "ask_depth_50": 84109.91,
      "bid_depth_100": 112817.5,
      "ask_depth_100": 84109.91,
      "bid_depth_500": 112817.5,
      "ask_depth_500": 84109.91,
      "imbalance": 0.1458,
      "score": 85.3
    },
    "APT": {
      "tradeable": true,
      "spread_pct": 0.021354,
      "bid_depth_50": 84156.87,
      "ask_depth_50": 51745.38,
      "bid_depth_100": 84156.87,
      "ask_depth_100": 51745.38,
      "bid_depth_500": 84156.87,
      "ask_depth_500": 51745.38,
      "imbalance": 0.2385,
      "score": 72.5
    },
    "ARB": {
      "tradeable": true,
      "spread_pct": 0.030298,
      "bid_depth_50": 195248.26,
      "ask_depth_50": 204442.53,
      "bid_depth_100": 195248.26,
      "ask_depth_100": 204442.53,
      "bid_depth_500": 195248.26,
      "ask_depth_500": 204442.53,
      "imbalance": -0.023,
      "score": 75.2
    },
    "AVAX": {
      "tradeable": true,
      "spread_pct": 0.021135,
      "bid_depth_50": 95673.59,
      "ask_depth_50": 57742.45,
      "bid_depth_100": 95673.59,
      "ask_depth_100": 57742.45,
      "bid_depth_500": 95673.59,
      "ask_depth_500": 57742.45,
      "imbalance": 0.2472,
      "score": 73.5
    },
    "BCH": {
      "tradeable": true,
      "spread_pct": 0.019667,
      "bid_depth_50": 91003.83,
      "ask_depth_50": 53248.05,
      "bid_depth_100": 91003.83,
      "ask_depth_100": 53248.05,
      "bid_depth_500": 91003.83,
      "ask_depth_500": 53248.05,
      "imbalance": 0.2617,
      "score": 74.5
    },
    "BNB": {
      "tradeable": true,
      "spread_pct": 0.015634,
      "bid_depth_50": 124157.26,
      "ask_depth_50": 93460.22,
      "bid_depth_100": 124157.26,
      "ask_depth_100": 93460.22,
      "bid_depth_500": 124157.26,
      "ask_depth_500": 93460.22,
      "imbalance": 0.1411,
      "score": 81.8
    },
    "BTC": {
      "tradeable": true,
      "spread_pct": 0.001433,
      "bid_depth_50": 9334184.84,
      "ask_depth_50": 3168312.7,
      "bid_depth_100": 9334184.84,
      "ask_depth_100": 3168312.7,
      "bid_depth_500": 9334184.84,
      "ask_depth_500": 3168312.7,
      "imbalance": 0.4932,
      "score": 100
    },
    "CRV": {
      "tradeable": false,
      "spread_pct": 0.072804,
      "bid_depth_50": 103243.18,
      "ask_depth_50": 96373.32,
      "bid_depth_100": 103243.18,
      "ask_depth_100": 96373.32,
      "bid_depth_500": 103243.18,
      "ask_depth_500": 96373.32,
      "imbalance": 0.0344,
      "score": 55.1
    },
    "DOGE": {
      "tradeable": true,
      "spread_pct": 0.001072,
      "bid_depth_50": 106519.82,
      "ask_depth_50": 199447.29,
      "bid_depth_100": 106519.82,
      "ask_depth_100": 199447.29,
      "bid_depth_500": 106519.82,
      "ask_depth_500": 199447.29,
      "imbalance": -0.3037,
      "score": 91.4
    },
    "DOT": {
      "tradeable": true,
      "spread_pct": 0.026366,
      "bid_depth_50": 98167.08,
      "ask_depth_50": 151952.84,
      "bid_depth_100": 98167.08,
      "ask_depth_100": 151952.84,
      "bid_depth_500": 98167.08,
      "ask_depth_500": 151952.84,
      "imbalance": -0.215,
      "score": 72.5
    },
    "ENA": {
      "tradeable": true,
      "spread_pct": 0.029485,
      "bid_depth_50": 215521.37,
      "ask_depth_50": 300104.78,
      "bid_depth_100": 215521.37,
      "ask_depth_100": 300104.78,
      "bid_depth_500": 215521.37,
      "ask_depth_500": 300104.78,
      "imbalance": -0.164,
      "score": 80.5
    },
    "ETH": {
      "tradeable": true,
      "spread_pct": 0.004689,
      "bid_depth_50": 3023517.25,
      "ask_depth_50": 7278960.49,
      "bid_depth_100": 3023517.25,
      "ask_depth_100": 7278960.49,
      "bid_depth_500": 3023517.25,
      "ask_depth_500": 7278960.49,
      "imbalance": -0.4131,
      "score": 100
    },
    "FARTCOIN": {
      "tradeable": true,
      "spread_pct": 0.005232,
      "bid_depth_50": 30790.68,
      "ask_depth_50": 89814.29,
      "bid_depth_100": 30790.68,
      "ask_depth_100": 89814.29,
      "bid_depth_500": 30790.68,
      "ask_depth_500": 89814.29,
      "imbalance": -0.4894,
      "score": 83.1
    },
    "HYPE": {
      "tradeable": true,
      "spread_pct": 0.002513,
      "bid_depth_50": 176821.31,
      "ask_depth_50": 384341.61,
      "bid_depth_100": 176821.31,
      "ask_depth_100": 384341.61,
      "bid_depth_500": 176821.31,
      "ask_depth_500": 384341.61,
      "imbalance": -0.3698,
      "score": 100
    },
    "INJ": {
      "tradeable": true,
      "spread_pct": 0.046994,
      "bid_depth_50": 35914.36,
      "ask_depth_50": 40539.55,
      "bid_depth_100": 35914.36,
      "ask_depth_100": 40539.55,
      "bid_depth_500": 35914.36,
      "ask_depth_500": 40539.55,
      "imbalance": -0.0605,
      "score": 44.2
    },
    "JUP": {
      "tradeable": false,
      "spread_pct": 0.06252,
      "bid_depth_50": 50406.26,
      "ask_depth_50": 46039.91,
      "bid_depth_100": 50406.26,
      "ask_depth_100": 46039.91,
      "bid_depth_500": 50406.26,
      "ask_depth_500": 46039.91,
      "imbalance": 0.0453,
      "score": 51.2
    },
    "LDO": {
      "tradeable": true,
      "spread_pct": 0.013527,
      "bid_depth_50": 40529.8,
      "ask_depth_50": 70847.89,
      "bid_depth_100": 40529.8,
      "ask_depth_100": 70847.89,
      "bid_depth_500": 40529.8,
      "ask_depth_500": 70847.89,
      "imbalance": -0.2722,
      "score": 79.2
    },
    "LINK": {
      "tradeable": true,
      "spread_pct": 0.011136,
      "bid_depth_50": 129289.93,
      "ask_depth_50": 71033.02,
      "bid_depth_100": 129289.93,
      "ask_depth_100": 71033.02,
      "bid_depth_500": 129289.93,
      "ask_depth_500": 71033.02,
      "imbalance": 0.2908,
      "score": 85.5
    },
    "LTC": {
      "tradeable": true,
      "spread_pct": 0.001809,
      "bid_depth_50": 143754.44,
      "ask_depth_50": 125807.06,
      "bid_depth_100": 143754.44,
      "ask_depth_100": 125807.06,
      "bid_depth_500": 143754.44,
      "ask_depth_500": 125807.06,
      "imbalance": 0.0666,
      "score": 89.8
    },
    "NEAR": {
      "tradeable": true,
      "spread_pct": 0.022411,
      "bid_depth_50": 143186.5,
      "ask_depth_50": 169838.13,
      "bid_depth_100": 143186.5,
      "ask_depth_100": 169838.13,
      "bid_depth_500": 143186.5,
      "ask_depth_500": 169838.13,
      "imbalance": -0.0851,
      "score": 79.3
    },
    "ONDO": {
      "tradeable": true,
      "spread_pct": 0.01551,
      "bid_depth_50": 51748.48,
      "ask_depth_50": 75350.46,
      "bid_depth_100": 51748.48,
      "ask_depth_100": 75350.46,
      "bid_depth_500": 51748.48,
      "ask_depth_500": 75350.46,
      "imbalance": -0.1857,
      "score": 77.9
    },
    "OP": {
      "tradeable": true,
      "spread_pct": 0.0499,
      "bid_depth_50": 48632.41,
      "ask_depth_50": 91850.29,
      "bid_depth_100": 48632.41,
      "ask_depth_100": 91850.29,
      "bid_depth_500": 48632.41,
      "ask_depth_500": 91850.29,
      "imbalance": -0.3076,
      "score": 44.1
    },
    "PAXG": {
      "tradeable": true,
      "spread_pct": 0.002162,
      "bid_depth_50": 529226.21,
      "ask_depth_50": 358724.92,
      "bid_depth_100": 529226.21,
      "ask_depth_100": 358724.92,
      "bid_depth_500": 529226.21,
      "ask_depth_500": 358724.92,
      "imbalance": 0.192,
      "score": 100
    },
    "PUMP": {
      "tradeable": false,
      "spread_pct": 0.05454,
      "bid_depth_50": 391017.94,
      "ask_depth_50": 331341.29,
      "bid_depth_100": 712679.05,
      "ask_depth_100": 745273.0,