{
  "timestamp": "2026-03-19T23:28:28.158075+00:00",
  "coins": {
    "AAVE": {
      "tradeable": true,
      "spread_pct": 0.026885,
      "bid_depth_50": 304937.26,
      "ask_depth_50": 259829.3,
      "bid_depth_100": 304937.26,
      "ask_depth_100": 259829.3,
      "bid_depth_500": 304937.26,
      "ask_depth_500": 259829.3,
      "imbalance": 0.0799,
      "score": 83.1
    },
    "ADA": {
      "tradeable": true,
      "spread_pct": 0.014966,
      "bid_depth_50": 97728.72,
      "ask_depth_50": 115839.02,
      "bid_depth_100": 97728.72,
      "ask_depth_100": 115839.02,
      "bid_depth_500": 97728.72,
      "ask_depth_500": 115839.02,
      "imbalance": -0.0848,
      "score": 82.3
    },
    "APT": {
      "tradeable": true,
      "spread_pct": 0.010569,
      "bid_depth_50": 145067.99,
      "ask_depth_50": 207507.24,
      "bid_depth_100": 145067.99,
      "ask_depth_100": 207507.24,
      "bid_depth_500": 145067.99,
      "ask_depth_500": 207507.24,
      "imbalance": -0.1771,
      "score": 92.9
    },
    "ARB": {
      "tradeable": true,
      "spread_pct": 0.010091,
      "bid_depth_50": 172046.28,
      "ask_depth_50": 138201.99,
      "bid_depth_100": 172046.28,
      "ask_depth_100": 138201.99,
      "bid_depth_500": 172046.28,
      "ask_depth_500": 138201.99,
      "imbalance": 0.1091,
      "score": 91.5
    },
    "AVAX": {
      "tradeable": true,
      "spread_pct": 0.016898,
      "bid_depth_50": 67997.09,
      "ask_depth_50": 76332.73,
      "bid_depth_100": 67997.09,
      "ask_depth_100": 76332.73,
      "bid_depth_500": 67997.09,
      "ask_depth_500": 76332.73,
      "imbalance": -0.0578,
      "score": 77.3
    },
    "BCH": {
      "tradeable": true,
      "spread_pct": 0.030696,
      "bid_depth_50": 84133.77,
      "ask_depth_50": 83346.85,
      "bid_depth_100": 84133.77,
      "ask_depth_100": 83346.85,
      "bid_depth_500": 84133.77,
      "ask_depth_500": 83346.85,
      "imbalance": 0.0047,
      "score": 64.5
    },
    "BNB": {
      "tradeable": true,
      "spread_pct": 0.001563,
      "bid_depth_50": 88133.75,
      "ask_depth_50": 133800.63,
      "bid_depth_100": 88133.75,
      "ask_depth_100": 133800.63,
      "bid_depth_500": 88133.75,
      "ask_depth_500": 133800.63,
      "imbalance": -0.2058,
      "score": 87.6
    },
    "BTC": {
      "tradeable": true,
      "spread_pct": 0.001426,
      "bid_depth_50": 7257805.51,
      "ask_depth_50": 1476783.66,
      "bid_depth_100": 7257805.51,
      "ask_depth_100": 1476783.66,
      "bid_depth_500": 7257805.51,
      "ask_depth_500": 1476783.66,
      "imbalance": 0.6619,
      "score": 100
    },
    "CRV": {
      "tradeable": true,
      "spread_pct": 0.038051,
      "bid_depth_50": 125018.18,
      "ask_depth_50": 97065.27,
      "bid_depth_100": 125018.18,
      "ask_depth_100": 97065.27,
      "bid_depth_500": 125018.18,
      "ask_depth_500": 97065.27,
      "imbalance": 0.1259,
      "score": 59.6
    },
    "DOGE": {
      "tradeable": true,
      "spread_pct": 0.001069,
      "bid_depth_50": 288596.6,
      "ask_depth_50": 123916.71,
      "bid_depth_100": 288596.6,
      "ask_depth_100": 123916.71,
      "bid_depth_500": 288596.6,
      "ask_depth_500": 123916.71,
      "imbalance": 0.3992,
      "score": 96.1
    },
    "DOT": {
      "tradeable": true,
      "spread_pct": 0.039484,
      "bid_depth_50": 94057.42,
      "ask_depth_50": 273312.09,
      "bid_depth_100": 94057.42,
      "ask_depth_100": 273312.09,
      "bid_depth_500": 94057.42,
      "ask_depth_500": 273312.09,
      "imbalance": -0.4879,
      "score": 64.6
    },
    "ENA": {
      "tradeable": false,
      "spread_pct": 0.067984,
      "bid_depth_50": 279263.58,
      "ask_depth_50": 288377.71,
      "bid_depth_100": 279263.58,
      "ask_depth_100": 288377.71,
      "bid_depth_500": 279263.58,
      "ask_depth_500": 288377.71,
      "imbalance": -0.0161,
      "score": 68.8
    },
    "ETH": {
      "tradeable": true,
      "spread_pct": 0.00467,
      "bid_depth_50": 9406157.17,
      "ask_depth_50": 8556789.57,
      "bid_depth_100": 9406157.17,
      "ask_depth_100": 8556789.57,
      "bid_depth_500": 9406157.17,
      "ask_depth_500": 8556789.57,
      "imbalance": 0.0473,
      "score": 100
    },
    "FARTCOIN": {
      "tradeable": true,
      "spread_pct": 0.034968,
      "bid_depth_50": 42977.39,
      "ask_depth_50": 47140.04,
      "bid_depth_100": 42977.39,
      "ask_depth_100": 47140.04,
      "bid_depth_500": 42977.39,
      "ask_depth_500": 47140.04,
      "imbalance": -0.0462,
      "score": 56.8
    },
    "HYPE": {
      "tradeable": true,
      "spread_pct": 0.002543,
      "bid_depth_50": 146637.13,
      "ask_depth_50": 201697.28,
      "bid_depth_100": 146637.13,
      "ask_depth_100": 201697.28,
      "bid_depth_500": 146637.13,
      "ask_depth_500": 201697.28,
      "imbalance": -0.1581,
      "score": 93.3
    },
    "INJ": {
      "tradeable": false,
      "spread_pct": 0.082012,
      "bid_depth_50": 55034.14,
      "ask_depth_50": 36650.88,
      "bid_depth_100": 55034.14,
      "ask_depth_100": 36650.88,
      "bid_depth_500": 55034.14,
      "ask_depth_500": 36650.88,
      "imbalance": 0.2005,
      "score": 49.7
    },
    "JUP": {
      "tradeable": false,
      "spread_pct": 0.056379,
      "bid_depth_50": 51253.61,
      "ask_depth_50": 42481.54,
      "bid_depth_100": 51253.61,
      "ask_depth_100": 42481.54,
      "bid_depth_500": 51253.61,
      "ask_depth_500": 42481.54,
      "imbalance": 0.0936,
      "score": 51.5
    },
    "LDO": {
      "tradeable": true,
      "spread_pct": 0.030279,
      "bid_depth_50": 37345.09,
      "ask_depth_50": 59214.75,
      "bid_depth_100": 37345.09,
      "ask_depth_100": 59214.75,
      "bid_depth_500": 37345.09,
      "ask_depth_500": 59214.75,
      "imbalance": -0.2265,
      "score": 61.8
    },
    "LINK": {
      "tradeable": true,
      "spread_pct": 0.022089,
      "bid_depth_50": 141544.84,
      "ask_depth_50": 106633.45,
      "bid_depth_100": 141544.84,
      "ask_depth_100": 106633.45,
      "bid_depth_500": 141544.84,
      "ask_depth_500": 106633.45,
      "imbalance": 0.1407,
      "score": 76.7
    },
    "LTC": {
      "tradeable": true,
      "spread_pct": 0.007199,
      "bid_depth_50": 156582.29,
      "ask_depth_50": 135914.17,
      "bid_depth_100": 156582.29,
      "ask_depth_100": 135914.17,
      "bid_depth_500": 156582.29,
      "ask_depth_500": 135914.17,
      "imbalance": 0.0707,
      "score": 90.8
    },
    "NEAR": {
      "tradeable": true,
      "spread_pct": 0.045042,
      "bid_depth_50": 175145.29,
      "ask_depth_50": 201777.27,
      "bid_depth_100": 175145.29,
      "ask_depth_100": 201777.27,
      "bid_depth_500": 175145.29,
      "ask_depth_500": 201777.27,
      "imbalance": -0.0707,
      "score": 59.5
    },
    "ONDO": {
      "tradeable": true,
      "spread_pct": 0.023282,
      "bid_depth_50": 54478.28,
      "ask_depth_50": 68946.07,
      "bid_depth_100": 54478.28,
      "ask_depth_100": 68946.07,
      "bid_depth_500": 54478.28,
      "ask_depth_500": 68946.07,
      "imbalance": -0.1172,
      "score": 70.0
    },
    "OP": {
      "tradeable": true,
      "spread_pct": 0.02469,
      "bid_depth_50": 97963.45,
      "ask_depth_50": 123455.09,
      "bid_depth_100": 193829.87,
      "ask_depth_100": 123455.09,
      "bid_depth_500": 193829.87,
      "ask_depth_500": 123455.09,
      "imbalance": -0.1151,
      "score": 77.2
    },
    "PAXG": {
      "tradeable": true,
      "spread_pct": 0.00215,
      "bid_depth_50": 391425.71,
      "ask_depth_50": 439003.65,
      "bid_depth_100": 391425.71,
      "ask_depth_100": 439003.65,
      "bid_depth_500": 391425.71,
      "ask_depth_500": 439003.65,
      "imbalance": -0.0573,
      "score": 100
    },
    "PUMP": {
      "tradeable": false,
      "spread_pct": 0.054422,
      "bid_depth_50": 396020.71,
      "ask_depth_50": 354967.19,
      "bid_depth_100": 723240.5,