{
  "timestamp": "2026-03-18T12:33:48.121464+00:00",
  "coins": {
    "BTC": {
      "tradeable": true,
      "spread_pct": 0.005531,
      "bid_depth_50": 550922.48,
      "ask_depth_50": 8570213.54,
      "bid_depth_100": 550922.48,
      "ask_depth_100": 8570213.54,
      "bid_depth_500": 550922.48,
      "ask_depth_500": 8570213.54,
      "imbalance": -0.8792,
      "score": 100
    },
    "ETH": {
      "tradeable": true,
      "spread_pct": 0.00446,
      "bid_depth_50": 6980925.72,
      "ask_depth_50": 11872008.06,
      "bid_depth_100": 6980925.72,
      "ask_depth_100": 11872008.06,
      "bid_depth_500": 6980925.72,
      "ask_depth_500": 11872008.06,
      "imbalance": -0.2594,
      "score": 100
    },
    "SOL": {
      "tradeable": true,
      "spread_pct": 0.001106,
      "bid_depth_50": 253765.96,
      "ask_depth_50": 1148696.57,
      "bid_depth_100": 253765.96,
      "ask_depth_100": 1148696.57,
      "bid_depth_500": 253765.96,
      "ask_depth_500": 1148696.57,
      "imbalance": -0.6381,
      "score": 100
    },
    "DOGE": {
      "tradeable": true,
      "spread_pct": 0.001044,
      "bid_depth_50": 129151.08,
      "ask_depth_50": 231188.59,
      "bid_depth_100": 129151.08,
      "ask_depth_100": 231188.59,
      "bid_depth_500": 129151.08,
      "ask_depth_500": 231188.59,
      "imbalance": -0.2832,
      "score": 93.8
    },
    "AVAX": {
      "tradeable": true,
      "spread_pct": 0.013324,
      "bid_depth_50": 156318.85,
      "ask_depth_50": 87376.66,
      "bid_depth_100": 156318.85,
      "ask_depth_100": 87376.66,
      "bid_depth_500": 156318.85,
      "ask_depth_500": 87376.66,
      "imbalance": 0.2829,
      "score": 85.3
    },
    "LINK": {
      "tradeable": true,
      "spread_pct": 0.040553,
      "bid_depth_50": 92336.25,
      "ask_depth_50": 148031.69,
      "bid_depth_100": 92336.25,
      "ask_depth_100": 148031.69,
      "bid_depth_500": 92336.25,
      "ask_depth_500": 148031.69,
      "imbalance": -0.2317,
      "score": 57.9
    },
    "ARB": {
      "tradeable": false,
      "spread_pct": 0.058145,
      "bid_depth_50": 124395.4,
      "ask_depth_50": 170691.49,
      "bid_depth_100": 124395.4,
      "ask_depth_100": 170691.49,
      "bid_depth_500": 124395.4,
      "ask_depth_500": 170691.49,
      "imbalance": -0.1569,
      "score": 60.3
    },
    "NEAR": {
      "tradeable": false,
      "spread_pct": 0.063873,
      "bid_depth_50": 156184.27,
      "ask_depth_50": 103400.1,
      "bid_depth_100": 156184.27,
      "ask_depth_100": 103400.1,
      "bid_depth_500": 156184.27,
      "ask_depth_500": 103400.1,
      "imbalance": 0.2033,
      "score": 58.4
    },
    "SUI": {
      "tradeable": true,
      "spread_pct": 0.042446,
      "bid_depth_50": 224675.39,
      "ask_depth_50": 293406.55,
      "bid_depth_100": 224675.39,
      "ask_depth_100": 293406.55,
      "bid_depth_500": 224675.39,
      "ask_depth_500": 293406.55,
      "imbalance": -0.1327,
      "score": 67.6
    },
    "INJ": {
      "tradeable": false,
      "spread_pct": 0.089876,
      "bid_depth_50": 19479.2,
      "ask_depth_50": 38833.56,
      "bid_depth_100": 154154.45,
      "ask_depth_100": 38833.56,
      "bid_depth_500": 154154.45,
      "ask_depth_500": 38833.56,
      "imbalance": -0.3319,
      "score": 53.7
    }
  }
}