{
  "timestamp": "2026-03-18T12:36:18.003300+00:00",
  "coins": {
    "AAVE": {
      "tradeable": true,
      "spread_pct": 0.03445,
      "bid_depth_50": 187419.15,
      "ask_depth_50": 120642.69,
      "bid_depth_100": 187419.15,
      "ask_depth_100": 120642.69,
      "bid_depth_500": 187419.15,
      "ask_depth_500": 120642.69,
      "imbalance": 0.2168,
      "score": 67.0
    },
    "ADA": {
      "tradeable": true,
      "spread_pct": 0.039834,
      "bid_depth_50": 134401.67,
      "ask_depth_50": 115201.52,
      "bid_depth_100": 134401.67,
      "ask_depth_100": 115201.52,
      "bid_depth_500": 134401.67,
      "ask_depth_500": 115201.52,
      "imbalance": 0.0769,
      "score": 59.0
    },
    "APT": {
      "tradeable": false,
      "spread_pct": 0.072333,
      "bid_depth_50": 120750.81,
      "ask_depth_50": 70522.21,
      "bid_depth_100": 120750.81,
      "ask_depth_100": 70522.21,
      "bid_depth_500": 120750.81,
      "ask_depth_500": 70522.21,
      "imbalance": 0.2626,
      "score": 54.8
    },
    "ARB": {
      "tradeable": true,
      "spread_pct": 0.038688,
      "bid_depth_50": 150627.37,
      "ask_depth_50": 146337.45,
      "bid_depth_100": 150627.37,
      "ask_depth_100": 146337.45,
      "bid_depth_500": 150627.37,
      "ask_depth_500": 146337.45,
      "imbalance": 0.0144,
      "score": 62.3
    },
    "AVAX": {
      "tradeable": true,
      "spread_pct": 0.007159,
      "bid_depth_50": 178695.61,
      "ask_depth_50": 88912.84,
      "bid_depth_100": 178695.61,
      "ask_depth_100": 88912.84,
      "bid_depth_500": 178695.61,
      "ask_depth_500": 88912.84,
      "imbalance": 0.3355,
      "score": 89.7
    },
    "BCH": {
      "tradeable": true,
      "spread_pct": 0.013121,
      "bid_depth_50": 98450.55,
      "ask_depth_50": 75400.83,
      "bid_depth_100": 98450.55,
      "ask_depth_100": 75400.83,
      "bid_depth_500": 98450.55,
      "ask_depth_500": 75400.83,
      "imbalance": 0.1326,
      "score": 82.4
    },
    "BNB": {
      "tradeable": true,
      "spread_pct": 0.006084,
      "bid_depth_50": 123845.56,
      "ask_depth_50": 116048.7,
      "bid_depth_100": 123845.56,
      "ask_depth_100": 116048.7,
      "bid_depth_500": 123845.56,
      "ask_depth_500": 116048.7,
      "imbalance": 0.0325,
      "score": 88.4
    },
    "BTC": {
      "tradeable": true,
      "spread_pct": 0.001381,
      "bid_depth_50": 3948383.21,
      "ask_depth_50": 1650974.66,
      "bid_depth_100": 3948383.21,
      "ask_depth_100": 1650974.66,
      "bid_depth_500": 3948383.21,
      "ask_depth_500": 1650974.66,
      "imbalance": 0.4103,
      "score": 100
    },
    "CRV": {
      "tradeable": false,
      "spread_pct": 0.098522,
      "bid_depth_50": 75948.31,
      "ask_depth_50": 95100.93,
      "bid_depth_100": 75948.31,
      "ask_depth_100": 95100.93,
      "bid_depth_500": 75948.31,
      "ask_depth_500": 95100.93,
      "imbalance": -0.112,
      "score": 52.1
    },
    "DOGE": {
      "tradeable": true,
      "spread_pct": 0.004165,
      "bid_depth_50": 163391.84,
      "ask_depth_50": 270619.74,
      "bid_depth_100": 163391.84,
      "ask_depth_100": 270619.74,
      "bid_depth_500": 163391.84,
      "ask_depth_500": 270619.74,
      "imbalance": -0.2471,
      "score": 97.1
    },
    "DOT": {
      "tradeable": false,
      "spread_pct": 0.075595,
      "bid_depth_50": 73760.88,
      "ask_depth_50": 186265.22,
      "bid_depth_100": 73760.88,
      "ask_depth_100": 186265.22,
      "bid_depth_500": 73760.88,
      "ask_depth_500": 186265.22,
      "imbalance": -0.4327,
      "score": 57.6
    },
    "ENA": {
      "tradeable": true,
      "spread_pct": 0.027202,
      "bid_depth_50": 120131.75,
      "ask_depth_50": 185274.96,
      "bid_depth_100": 120131.75,
      "ask_depth_100": 185274.96,
      "bid_depth_500": 120131.75,
      "ask_depth_500": 185274.96,
      "imbalance": -0.2133,
      "score": 74.1
    },
    "ETH": {
      "tradeable": true,
      "spread_pct": 0.004455,
      "bid_depth_50": 6224960.24,
      "ask_depth_50": 3416751.53,
      "bid_depth_100": 6224960.24,
      "ask_depth_100": 3416751.53,
      "bid_depth_500": 6224960.24,
      "ask_depth_500": 3416751.53,
      "imbalance": 0.2913,
      "score": 100
    },
    "FARTCOIN": {
      "tradeable": true,
      "spread_pct": 0.044979,
      "bid_depth_50": 50925.25,
      "ask_depth_50": 98419.67,
      "bid_depth_100": 50925.25,
      "ask_depth_100": 98419.67,
      "bid_depth_500": 50925.25,
      "ask_depth_500": 98419.67,
      "imbalance": -0.318,
      "score": 49.4
    },
    "HYPE": {
      "tradeable": true,
      "spread_pct": 0.002457,
      "bid_depth_50": 198290.74,
      "ask_depth_50": 119140.74,
      "bid_depth_100": 198290.74,
      "ask_depth_100": 119140.74,
      "bid_depth_500": 198290.74,
      "ask_depth_500": 119140.74,
      "imbalance": 0.2493,
      "score": 91.9
    },
    "INJ": {
      "tradeable": false,
      "spread_pct": 0.096203,
      "bid_depth_50": 37245.63,
      "ask_depth_50": 158607.35,
      "bid_depth_100": 161904.16,
      "ask_depth_100": 161877.79,
      "bid_depth_500": 161904.16,
      "ask_depth_500": 161877.79,
      "imbalance": -0.6197,
      "score": 59.1
    },
    "JUP": {
      "tradeable": false,
      "spread_pct": 0.061237,
      "bid_depth_50": 58716.25,
      "ask_depth_50": 57285.65,
      "bid_depth_100": 58716.25,
      "ask_depth_100": 57285.65,
      "bid_depth_500": 58716.25,
      "ask_depth_500": 57285.65,
      "imbalance": 0.0123,
      "score": 52.2
    },
    "LDO": {
      "tradeable": false,
      "spread_pct": 0.054679,
      "bid_depth_50": 51757.61,
      "ask_depth_50": 57054.43,
      "bid_depth_100": 51757.61,
      "ask_depth_100": 57054.43,
      "bid_depth_500": 51757.61,
      "ask_depth_500": 57054.43,
      "imbalance": -0.0487,
      "score": 52.3
    },
    "LINK": {
      "tradeable": true,
      "spread_pct": 0.035083,
      "bid_depth_50": 156703.62,
      "ask_depth_50": 129642.36,
      "bid_depth_100": 156703.62,
      "ask_depth_100": 129642.36,
      "bid_depth_500": 156703.62,
      "ask_depth_500": 129642.36,
      "imbalance": 0.0945,
      "score": 65.4
    },
    "LTC": {
      "tradeable": true,
      "spread_pct": 0.023195,
      "bid_depth_50": 144499.5,
      "ask_depth_50": 127497.64,
      "bid_depth_100": 144499.5,
      "ask_depth_100": 127497.64,
      "bid_depth_500": 144499.5,
      "ask_depth_500": 127497.64,
      "imbalance": 0.0625,
      "score": 76.7
    },
    "NEAR": {
      "tradeable": true,
      "spread_pct": 0.028239,
      "bid_depth_50": 121907.26,
      "ask_depth_50": 108862.7,
      "bid_depth_100": 121907.26,
      "ask_depth_100": 108862.7,
      "bid_depth_500": 121907.26,
      "ask_depth_500": 108862.7,
      "imbalance": 0.0565,
      "score": 69.8
    },
    "ONDO": {
      "tradeable": false,
      "spread_pct": 0.088882,
      "bid_depth_50": 70139.2,
      "ask_depth_50": 65035.97,
      "bid_depth_100": 70139.2,
      "ask_depth_100": 65035.97,
      "bid_depth_500": 70139.2,
      "ask_depth_500": 65035.97,
      "imbalance": 0.0378,
      "score": 51.2
    },
    "OP": {
      "tradeable": true,
      "spread_pct": 0.007678,
      "bid_depth_50": 59261.85,
      "ask_depth_50": 80848.9,
      "bid_depth_100": 59261.85,
      "ask_depth_100": 80848.9,
      "bid_depth_500": 59261.85,
      "ask_depth_500": 80848.9,
      "imbalance": -0.1541,
      "score": 84.0
    },
    "PAXG": {
      "tradeable": true,
      "spread_pct": 0.00205,
      "bid_depth_50": 355048.38,
      "ask_depth_50": 530039.57,
      "bid_depth_100": 355048.38,
      "ask_depth_100": 530039.57,
      "bid_depth_500": 355048.38,
      "ask_depth_500": 530039.57,
      "imbalance": -0.1977,
      "score": 100
    },
    "PUMP": {
      "tradeable": false,
      "spread_pct": 0.05034,
      "bid_depth_50": 301560.75,
      "ask_depth_50": 536071.59,
      "bid_depth_100": 743706.11,