{
  "timestamp": "2026-03-25T16:11:27.569171+00:00",
  "coins": {
    "AAVE": {
      "tradeable": true,
      "spread_pct": 0.008729,
      "bid_depth_50": 355659.08,
      "ask_depth_50": 202829.53,
      "bid_depth_100": 355659.08,
      "ask_depth_100": 202829.53,
      "bid_depth_500": 355659.08,
      "ask_depth_500": 202829.53,
      "imbalance": 0.2736,
      "score": 100
    },
    "ADA": {
      "tradeable": true,
      "spread_pct": 0.044472,
      "bid_depth_50": 108870.13,
      "ask_depth_50": 122584.5,
      "bid_depth_100": 108870.13,
      "ask_depth_100": 122584.5,
      "bid_depth_500": 108870.13,
      "ask_depth_500": 122584.5,
      "imbalance": -0.0593,
      "score": 53.6
    },
    "APT": {
      "tradeable": true,
      "spread_pct": 0.009348,
      "bid_depth_50": 97078.59,
      "ask_depth_50": 93244.17,
      "bid_depth_100": 97078.59,
      "ask_depth_100": 93244.17,
      "bid_depth_500": 97078.59,
      "ask_depth_500": 93244.17,
      "imbalance": 0.0201,
      "score": 86.2
    },
    "ARB": {
      "tradeable": true,
      "spread_pct": 0.02027,
      "bid_depth_50": 236785.81,
      "ask_depth_50": 238737.39,
      "bid_depth_100": 236785.81,
      "ask_depth_100": 238737.39,
      "bid_depth_500": 236785.81,
      "ask_depth_500": 238737.39,
      "imbalance": -0.0041,
      "score": 88.6
    },
    "AVAX": {
      "tradeable": true,
      "spread_pct": 0.013457,
      "bid_depth_50": 61498.14,
      "ask_depth_50": 76397.3,
      "bid_depth_100": 61498.14,
      "ask_depth_100": 76397.3,
      "bid_depth_500": 61498.14,
      "ask_depth_500": 76397.3,
      "imbalance": -0.108,
      "score": 80.4
    },
    "BCH": {
      "tradeable": true,
      "spread_pct": 0.008381,
      "bid_depth_50": 54539.01,
      "ask_depth_50": 96150.56,
      "bid_depth_100": 54539.01,
      "ask_depth_100": 96150.56,
      "bid_depth_500": 54539.01,
      "ask_depth_500": 96150.56,
      "imbalance": -0.2761,
      "score": 84.5
    },
    "BNB": {
      "tradeable": true,
      "spread_pct": 0.006185,
      "bid_depth_50": 78850.38,
      "ask_depth_50": 67624.0,
      "bid_depth_100": 78850.38,
      "ask_depth_100": 67624.0,
      "bid_depth_500": 78850.38,
      "ask_depth_500": 67624.0,
      "imbalance": 0.0766,
      "score": 84.3
    },
    "BTC": {
      "tradeable": true,
      "spread_pct": 0.001411,
      "bid_depth_50": 2996795.7,
      "ask_depth_50": 5621385.09,
      "bid_depth_100": 2996795.7,
      "ask_depth_100": 5621385.09,
      "bid_depth_500": 2996795.7,
      "ask_depth_500": 5621385.09,
      "imbalance": -0.3045,
      "score": 100
    },
    "CRV": {
      "tradeable": true,
      "spread_pct": 0.025818,
      "bid_depth_50": 93663.6,
      "ask_depth_50": 57725.51,
      "bid_depth_100": 93663.6,
      "ask_depth_100": 57725.51,
      "bid_depth_500": 93663.6,
      "ask_depth_500": 57725.51,
      "imbalance": 0.2374,
      "score": 68.7
    },
    "DOGE": {
      "tradeable": true,
      "spread_pct": 0.001041,
      "bid_depth_50": 105744.85,
      "ask_depth_50": 304447.88,
      "bid_depth_100": 105744.85,
      "ask_depth_100": 304447.88,
      "bid_depth_500": 105744.85,
      "ask_depth_500": 304447.88,
      "imbalance": -0.4844,
      "score": 96.0
    },
    "DOT": {
      "tradeable": true,
      "spread_pct": 0.036599,
      "bid_depth_50": 143186.51,
      "ask_depth_50": 108667.45,
      "bid_depth_100": 143186.51,
      "ask_depth_100": 108667.45,
      "bid_depth_500": 143186.51,
      "ask_depth_500": 108667.45,
      "imbalance": 0.1371,
      "score": 62.4
    },
    "ENA": {
      "tradeable": true,
      "spread_pct": 0.047934,
      "bid_depth_50": 63515.08,
      "ask_depth_50": 147274.7,
      "bid_depth_100": 63515.08,
      "ask_depth_100": 147274.7,
      "bid_depth_500": 63515.08,
      "ask_depth_500": 147274.7,
      "imbalance": -0.3974,
      "score": 49.2
    },
    "ETH": {
      "tradeable": true,
      "spread_pct": 0.004631,
      "bid_depth_50": 10899079.07,
      "ask_depth_50": 8107602.35,
      "bid_depth_100": 10899079.07,
      "ask_depth_100": 8107602.35,
      "bid_depth_500": 10899079.07,
      "ask_depth_500": 8107602.35,
      "imbalance": 0.1469,
      "score": 100
    },
    "FARTCOIN": {
      "tradeable": true,
      "spread_pct": 0.03123,
      "bid_depth_50": 77613.86,
      "ask_depth_50": 68824.64,
      "bid_depth_100": 77613.86,
      "ask_depth_100": 68824.64,
      "bid_depth_500": 77613.86,
      "ask_depth_500": 68824.64,
      "imbalance": 0.06,
      "score": 63.1
    },
    "HYPE": {
      "tradeable": true,
      "spread_pct": 0.029658,
      "bid_depth_50": 178828.65,
      "ask_depth_50": 84109.9,
      "bid_depth_100": 178828.65,
      "ask_depth_100": 84109.9,
      "bid_depth_500": 178828.65,
      "ask_depth_500": 84109.9,
      "imbalance": 0.3602,
      "score": 69.8
    },
    "INJ": {
      "tradeable": true,
      "spread_pct": 0.025979,
      "bid_depth_50": 37981.26,
      "ask_depth_50": 37985.93,
      "bid_depth_100": 203860.69,
      "ask_depth_100": 37985.93,
      "bid_depth_500": 203860.69,
      "ask_depth_500": 37985.93,
      "imbalance": -0.0001,
      "score": 72.5
    },
    "JUP": {
      "tradeable": false,
      "spread_pct": 0.051345,
      "bid_depth_50": 57957.91,
      "ask_depth_50": 47200.99,
      "bid_depth_100": 57957.91,
      "ask_depth_100": 47200.99,
      "bid_depth_500": 57957.91,
      "ask_depth_500": 47200.99,
      "imbalance": 0.1023,
      "score": 52.4
    },
    "LDO": {
      "tradeable": true,
      "spread_pct": 0.020071,
      "bid_depth_50": 34812.72,
      "ask_depth_50": 67999.96,
      "bid_depth_100": 34812.72,
      "ask_depth_100": 67999.96,
      "bid_depth_500": 34812.72,
      "ask_depth_500": 67999.96,
      "imbalance": -0.3228,
      "score": 72.3
    },
    "LINK": {
      "tradeable": true,
      "spread_pct": 0.001068,
      "bid_depth_50": 137430.15,
      "ask_depth_50": 145795.53,
      "bid_depth_100": 137430.15,
      "ask_depth_100": 145795.53,
      "bid_depth_500": 137430.15,
      "ask_depth_500": 145795.53,
      "imbalance": -0.0295,
      "score": 90.4
    },
    "LTC": {
      "tradeable": true,
      "spread_pct": 0.00535,
      "bid_depth_50": 104341.16,
      "ask_depth_50": 86691.06,
      "bid_depth_100": 104341.16,
      "ask_depth_100": 86691.06,
      "bid_depth_500": 104341.16,
      "ask_depth_500": 86691.06,
      "imbalance": 0.0924,
      "score": 86.3
    },
    "NEAR": {
      "tradeable": true,
      "spread_pct": 0.031257,
      "bid_depth_50": 176944.76,
      "ask_depth_50": 58408.31,
      "bid_depth_100": 176944.76,
      "ask_depth_100": 58408.31,
      "bid_depth_500": 176944.76,
      "ask_depth_500": 58408.31,
      "imbalance": 0.5037,
      "score": 67.0
    },
    "ONDO": {
      "tradeable": true,
      "spread_pct": 0.031105,
      "bid_depth_50": 59494.29,
      "ask_depth_50": 61671.23,
      "bid_depth_100": 59494.29,
      "ask_depth_100": 61671.23,
      "bid_depth_500": 59494.29,
      "ask_depth_500": 61671.23,
      "imbalance": -0.018,
      "score": 62.1
    },
    "OP": {
      "tradeable": false,
      "spread_pct": 0.052938,
      "bid_depth_50": 48419.44,
      "ask_depth_50": 115823.4,
      "bid_depth_100": 108572.93,
      "ask_depth_100": 115823.4,
      "bid_depth_500": 108572.93,
      "ask_depth_500": 115823.4,
      "imbalance": -0.4104,
      "score": 57.6
    },
    "PAXG": {
      "tradeable": true,
      "spread_pct": 0.002194,
      "bid_depth_50": 538186.31,
      "ask_depth_50": 467456.67,
      "bid_depth_100": 538186.31,
      "ask_depth_100": 467456.67,
      "bid_depth_500": 538186.31,
      "ask_depth_500": 467456.67,
      "imbalance": 0.0703,
      "score": 100
    },
    "PUMP": {
      "tradeable": false,
      "spread_pct": 0.053952,
      "bid_depth_50": 657212.63,
      "ask_depth_50": 353428.54,
      "bid_depth_100": 1081658.15,
      "ask_depth_100": 804397.3,