{
  "timestamp": "2026-03-24T06:49:32.983557+00:00",
  "coins": {
    "AAVE": {
      "tradeable": true,
      "spread_pct": 0.018298,
      "bid_depth_50": 269765.34,
      "ask_depth_50": 336606.76,
      "bid_depth_100": 269765.34,
      "ask_depth_100": 336606.76,
      "bid_depth_500": 269765.34,
      "ask_depth_500": 336606.76,
      "imbalance": -0.1102,
      "score": 91.7
    },
    "ADA": {
      "tradeable": true,
      "spread_pct": 0.00767,
      "bid_depth_50": 114835.97,
      "ask_depth_50": 128019.73,
      "bid_depth_100": 114835.97,
      "ask_depth_100": 128019.73,
      "bid_depth_500": 114835.97,
      "ask_depth_500": 128019.73,
      "imbalance": -0.0543,
      "score": 88.6
    },
    "APT": {
      "tradeable": true,
      "spread_pct": 0.028576,
      "bid_depth_50": 64510.44,
      "ask_depth_50": 74247.55,
      "bid_depth_100": 64510.44,
      "ask_depth_100": 74247.55,
      "bid_depth_500": 64510.44,
      "ask_depth_500": 74247.55,
      "imbalance": -0.0702,
      "score": 65.4
    },
    "ARB": {
      "tradeable": true,
      "spread_pct": 0.010404,
      "bid_depth_50": 179981.58,
      "ask_depth_50": 204545.5,
      "bid_depth_100": 179981.58,
      "ask_depth_100": 204545.5,
      "bid_depth_500": 179981.58,
      "ask_depth_500": 204545.5,
      "imbalance": -0.0639,
      "score": 94.5
    },
    "AVAX": {
      "tradeable": true,
      "spread_pct": 0.0021,
      "bid_depth_50": 60470.59,
      "ask_depth_50": 43405.78,
      "bid_depth_100": 60470.59,
      "ask_depth_100": 43405.78,
      "bid_depth_500": 60470.59,
      "ask_depth_500": 43405.78,
      "imbalance": 0.1643,
      "score": 82.4
    },
    "BCH": {
      "tradeable": true,
      "spread_pct": 0.010507,
      "bid_depth_50": 48979.11,
      "ask_depth_50": 85311.84,
      "bid_depth_100": 48979.11,
      "ask_depth_100": 85311.84,
      "bid_depth_500": 48979.11,
      "ask_depth_500": 85311.84,
      "imbalance": -0.2706,
      "score": 83.2
    },
    "BNB": {
      "tradeable": true,
      "spread_pct": 0.009524,
      "bid_depth_50": 96001.09,
      "ask_depth_50": 114097.51,
      "bid_depth_100": 96001.09,
      "ask_depth_100": 114097.51,
      "bid_depth_500": 96001.09,
      "ask_depth_500": 114097.51,
      "imbalance": -0.0861,
      "score": 87.1
    },
    "BTC": {
      "tradeable": true,
      "spread_pct": 0.001419,
      "bid_depth_50": 2450766.86,
      "ask_depth_50": 5497757.55,
      "bid_depth_100": 2450766.86,
      "ask_depth_100": 5497757.55,
      "bid_depth_500": 2450766.86,
      "ask_depth_500": 5497757.55,
      "imbalance": -0.3833,
      "score": 100
    },
    "CRV": {
      "tradeable": true,
      "spread_pct": 0.02725,
      "bid_depth_50": 93989.41,
      "ask_depth_50": 105557.45,
      "bid_depth_100": 93989.41,
      "ask_depth_100": 105557.45,
      "bid_depth_500": 93989.41,
      "ask_depth_500": 105557.45,
      "imbalance": -0.058,
      "score": 69.4
    },
    "DOGE": {
      "tradeable": true,
      "spread_pct": 0.001069,
      "bid_depth_50": 175006.03,
      "ask_depth_50": 247414.09,
      "bid_depth_100": 175006.03,
      "ask_depth_100": 247414.09,
      "bid_depth_500": 175006.03,
      "ask_depth_500": 247414.09,
      "imbalance": -0.1714,
      "score": 96.6
    },
    "DOT": {
      "tradeable": true,
      "spread_pct": 0.042505,
      "bid_depth_50": 193907.24,
      "ask_depth_50": 178693.15,
      "bid_depth_100": 193907.24,
      "ask_depth_100": 178693.15,
      "bid_depth_500": 193907.24,
      "ask_depth_500": 178693.15,
      "imbalance": 0.0408,
      "score": 61.8
    },
    "ENA": {
      "tradeable": true,
      "spread_pct": 0.021595,
      "bid_depth_50": 29471.25,
      "ask_depth_50": 69698.38,
      "bid_depth_100": 29471.25,
      "ask_depth_100": 69698.38,
      "bid_depth_500": 29471.25,
      "ask_depth_500": 69698.38,
      "imbalance": -0.4056,
      "score": 70.6
    },
    "ETH": {
      "tradeable": true,
      "spread_pct": 0.004669,
      "bid_depth_50": 7738230.97,
      "ask_depth_50": 9204715.67,
      "bid_depth_100": 7738230.97,
      "ask_depth_100": 9204715.67,
      "bid_depth_500": 7738230.97,
      "ask_depth_500": 9204715.67,
      "imbalance": -0.0866,
      "score": 100
    },
    "FARTCOIN": {
      "tradeable": true,
      "spread_pct": 0.039679,
      "bid_depth_50": 45206.62,
      "ask_depth_50": 73340.04,
      "bid_depth_100": 45206.62,
      "ask_depth_100": 73340.04,
      "bid_depth_500": 45206.62,
      "ask_depth_500": 73340.04,
      "imbalance": -0.2373,
      "score": 53.4
    },
    "HYPE": {
      "tradeable": true,
      "spread_pct": 0.002628,
      "bid_depth_50": 142533.92,
      "ask_depth_50": 124128.43,
      "bid_depth_100": 142533.92,
      "ask_depth_100": 124128.43,
      "bid_depth_500": 142533.92,
      "ask_depth_500": 124128.43,
      "imbalance": 0.069,
      "score": 89.6
    },
    "INJ": {
      "tradeable": true,
      "spread_pct": 0.042597,
      "bid_depth_50": 42105.36,
      "ask_depth_50": 38506.69,
      "bid_depth_100": 42105.36,
      "ask_depth_100": 42533.43,
      "bid_depth_500": 42105.36,
      "ask_depth_500": 42533.43,
      "imbalance": 0.0446,
      "score": 48.9
    },
    "JUP": {
      "tradeable": true,
      "spread_pct": 0.045643,
      "bid_depth_50": 44800.46,
      "ask_depth_50": 63328.95,
      "bid_depth_100": 44800.46,
      "ask_depth_100": 63328.95,
      "bid_depth_500": 44800.46,
      "ask_depth_500": 63328.95,
      "imbalance": -0.1714,
      "score": 46.9
    },
    "LDO": {
      "tradeable": true,
      "spread_pct": 0.023986,
      "bid_depth_50": 58664.19,
      "ask_depth_50": 39387.08,
      "bid_depth_100": 58664.19,
      "ask_depth_100": 39387.08,
      "bid_depth_500": 58664.19,
      "ask_depth_500": 39387.08,
      "imbalance": 0.1966,
      "score": 68.1
    },
    "LINK": {
      "tradeable": true,
      "spread_pct": 0.00879,
      "bid_depth_50": 89108.73,
      "ask_depth_50": 116551.07,
      "bid_depth_100": 89108.73,
      "ask_depth_100": 116551.07,
      "bid_depth_500": 89108.73,
      "ask_depth_500": 116551.07,
      "imbalance": -0.1334,
      "score": 86.9
    },
    "LTC": {
      "tradeable": true,
      "spread_pct": 0.001797,
      "bid_depth_50": 141513.04,
      "ask_depth_50": 127789.52,
      "bid_depth_100": 141513.04,
      "ask_depth_100": 127789.52,
      "bid_depth_500": 141513.04,
      "ask_depth_500": 127789.52,
      "imbalance": 0.051,
      "score": 89.7
    },
    "NEAR": {
      "tradeable": true,
      "spread_pct": 0.015317,
      "bid_depth_50": 117318.64,
      "ask_depth_50": 82832.27,
      "bid_depth_100": 117318.64,
      "ask_depth_100": 82832.27,
      "bid_depth_500": 117318.64,
      "ask_depth_500": 82832.27,
      "imbalance": 0.1723,
      "score": 81.4
    },
    "ONDO": {
      "tradeable": true,
      "spread_pct": 0.043515,
      "bid_depth_50": 46887.57,
      "ask_depth_50": 79922.95,
      "bid_depth_100": 46887.57,
      "ask_depth_100": 79922.95,
      "bid_depth_500": 46887.57,
      "ask_depth_500": 79922.95,
      "imbalance": -0.2605,
      "score": 49.9
    },
    "OP": {
      "tradeable": true,
      "spread_pct": 0.044055,
      "bid_depth_50": 60698.53,
      "ask_depth_50": 76619.37,
      "bid_depth_100": 123128.54,
      "ask_depth_100": 76630.38,
      "bid_depth_500": 123128.54,
      "ask_depth_500": 76630.38,
      "imbalance": -0.1159,
      "score": 52.6
    },
    "PAXG": {
      "tradeable": true,
      "spread_pct": 0.002279,
      "bid_depth_50": 423788.5,
      "ask_depth_50": 465401.57,
      "bid_depth_100": 423788.5,
      "ask_depth_100": 465401.57,
      "bid_depth_500": 423788.5,
      "ask_depth_500": 465401.57,
      "imbalance": -0.0468,
      "score": 100
    },
    "PUMP": {
      "tradeable": false,
      "spread_pct": 0.056038,
      "bid_depth_50": 301946.51,
      "ask_depth_50": 358295.71,
      "bid_depth_100": 596830.62,
      "ask_depth_100": 662726.53,