{
  "timestamp": "2026-03-18T15:46:25.591842+00:00",
  "coins": {
    "AAVE": {
      "tradeable": true,
      "spread_pct": 0.008802,
      "bid_depth_50": 302115.13,
      "ask_depth_50": 185180.08,
      "bid_depth_100": 302115.13,
      "ask_depth_100": 185180.08,
      "bid_depth_500": 302115.13,
      "ask_depth_500": 185180.08,
      "imbalance": 0.24,
      "score": 99.4
    },
    "ADA": {
      "tradeable": true,
      "spread_pct": 0.025797,
      "bid_depth_50": 150473.99,
      "ask_depth_50": 100406.78,
      "bid_depth_100": 150473.99,
      "ask_depth_100": 100406.78,
      "bid_depth_500": 150473.99,
      "ask_depth_500": 100406.78,
      "imbalance": 0.1996,
      "score": 73.1
    },
    "APT": {
      "tradeable": true,
      "spread_pct": 0.021055,
      "bid_depth_50": 59957.69,
      "ask_depth_50": 55334.94,
      "bid_depth_100": 59957.69,
      "ask_depth_100": 55334.94,
      "bid_depth_500": 59957.69,
      "ask_depth_500": 55334.94,
      "imbalance": 0.0401,
      "score": 71.8
    },
    "ARB": {
      "tradeable": true,
      "spread_pct": 0.009844,
      "bid_depth_50": 157254.76,
      "ask_depth_50": 181832.93,
      "bid_depth_100": 157254.76,
      "ask_depth_100": 181832.93,
      "bid_depth_500": 157254.76,
      "ask_depth_500": 181832.93,
      "imbalance": -0.0725,
      "score": 92.8
    },
    "AVAX": {
      "tradeable": true,
      "spread_pct": 0.010477,
      "bid_depth_50": 103531.13,
      "ask_depth_50": 91900.49,
      "bid_depth_100": 103531.13,
      "ask_depth_100": 91900.49,
      "bid_depth_500": 103531.13,
      "ask_depth_500": 91900.49,
      "imbalance": 0.0595,
      "score": 86.0
    },
    "BCH": {
      "tradeable": true,
      "spread_pct": 0.017834,
      "bid_depth_50": 115434.64,
      "ask_depth_50": 67945.28,
      "bid_depth_100": 115434.64,
      "ask_depth_100": 67945.28,
      "bid_depth_500": 115434.64,
      "ask_depth_500": 67945.28,
      "imbalance": 0.259,
      "score": 78.1
    },
    "BNB": {
      "tradeable": true,
      "spread_pct": 0.027785,
      "bid_depth_50": 92066.27,
      "ask_depth_50": 135862.56,
      "bid_depth_100": 92066.27,
      "ask_depth_100": 135862.56,
      "bid_depth_500": 92066.27,
      "ask_depth_500": 135862.56,
      "imbalance": -0.1921,
      "score": 70.1
    },
    "BTC": {
      "tradeable": true,
      "spread_pct": 0.001402,
      "bid_depth_50": 9959345.62,
      "ask_depth_50": 2821251.24,
      "bid_depth_100": 9959345.62,
      "ask_depth_100": 2821251.24,
      "bid_depth_500": 9959345.62,
      "ask_depth_500": 2821251.24,
      "imbalance": 0.5585,
      "score": 100
    },
    "CRV": {
      "tradeable": true,
      "spread_pct": 0.045678,
      "bid_depth_50": 87121.53,
      "ask_depth_50": 103489.85,
      "bid_depth_100": 87121.53,
      "ask_depth_100": 103489.85,
      "bid_depth_500": 87121.53,
      "ask_depth_500": 103489.85,
      "imbalance": -0.0859,
      "score": 50.6
    },
    "DOGE": {
      "tradeable": true,
      "spread_pct": 0.001061,
      "bid_depth_50": 186046.1,
      "ask_depth_50": 219294.66,
      "bid_depth_100": 186046.1,
      "ask_depth_100": 219294.66,
      "bid_depth_500": 186046.1,
      "ask_depth_500": 219294.66,
      "imbalance": -0.082,
      "score": 95.8
    },
    "DOT": {
      "tradeable": true,
      "spread_pct": 0.006416,
      "bid_depth_50": 119882.04,
      "ask_depth_50": 78602.81,
      "bid_depth_100": 119882.04,
      "ask_depth_100": 78602.81,
      "bid_depth_500": 119882.04,
      "ask_depth_500": 78602.81,
      "imbalance": 0.208,
      "score": 86.6
    },
    "ENA": {
      "tradeable": true,
      "spread_pct": 0.018575,
      "bid_depth_50": 187006.87,
      "ask_depth_50": 199589.35,
      "bid_depth_100": 187006.87,
      "ask_depth_100": 199589.35,
      "bid_depth_500": 187006.87,
      "ask_depth_500": 199589.35,
      "imbalance": -0.0325,
      "score": 86.4
    },
    "ETH": {
      "tradeable": true,
      "spread_pct": 0.004582,
      "bid_depth_50": 8537801.44,
      "ask_depth_50": 8285922.51,
      "bid_depth_100": 8537801.44,
      "ask_depth_100": 8285922.51,
      "bid_depth_500": 8537801.44,
      "ask_depth_500": 8285922.51,
      "imbalance": 0.015,
      "score": 100
    },
    "FARTCOIN": {
      "tradeable": true,
      "spread_pct": 0.005039,
      "bid_depth_50": 50275.56,
      "ask_depth_50": 31419.88,
      "bid_depth_100": 50275.56,
      "ask_depth_100": 31419.88,
      "bid_depth_500": 50275.56,
      "ask_depth_500": 31419.88,
      "imbalance": 0.2308,
      "score": 81.4
    },
    "HYPE": {
      "tradeable": true,
      "spread_pct": 0.02667,
      "bid_depth_50": 242056.24,
      "ask_depth_50": 341734.9,
      "bid_depth_100": 242056.24,
      "ask_depth_100": 341734.9,
      "bid_depth_500": 242056.24,
      "ask_depth_500": 341734.9,
      "imbalance": -0.1707,
      "score": 83.3
    },
    "INJ": {
      "tradeable": true,
      "spread_pct": 0.049144,
      "bid_depth_50": 45748.65,
      "ask_depth_50": 25208.06,
      "bid_depth_100": 45748.65,
      "ask_depth_100": 183247.76,
      "bid_depth_500": 45748.65,
      "ask_depth_500": 183247.76,
      "imbalance": 0.2895,
      "score": 48.8
    },
    "JUP": {
      "tradeable": true,
      "spread_pct": 0.049252,
      "bid_depth_50": 41387.03,
      "ask_depth_50": 46678.01,
      "bid_depth_100": 41387.03,
      "ask_depth_100": 46678.01,
      "bid_depth_500": 41387.03,
      "ask_depth_500": 46678.01,
      "imbalance": -0.0601,
      "score": 42.4
    },
    "LDO": {
      "tradeable": true,
      "spread_pct": 0.016614,
      "bid_depth_50": 46088.54,
      "ask_depth_50": 71259.48,
      "bid_depth_100": 46088.54,
      "ask_depth_100": 71259.48,
      "bid_depth_500": 46088.54,
      "ask_depth_500": 71259.48,
      "imbalance": -0.2145,
      "score": 76.4
    },
    "LINK": {
      "tradeable": true,
      "spread_pct": 0.017393,
      "bid_depth_50": 142581.05,
      "ask_depth_50": 144645.24,
      "bid_depth_100": 142581.05,
      "ask_depth_100": 144645.24,
      "bid_depth_500": 142581.05,
      "ask_depth_500": 144645.24,
      "imbalance": -0.0072,
      "score": 83.2
    },
    "LTC": {
      "tradeable": true,
      "spread_pct": 0.001799,
      "bid_depth_50": 144004.73,
      "ask_depth_50": 116861.9,
      "bid_depth_100": 144004.73,
      "ask_depth_100": 116861.9,
      "bid_depth_500": 144004.73,
      "ask_depth_500": 116861.9,
      "imbalance": 0.104,
      "score": 89.4
    },
    "NEAR": {
      "tradeable": true,
      "spread_pct": 0.028988,
      "bid_depth_50": 161903.99,
      "ask_depth_50": 144375.75,
      "bid_depth_100": 161903.99,
      "ask_depth_100": 144375.75,
      "bid_depth_500": 161903.99,
      "ask_depth_500": 144375.75,
      "imbalance": 0.0572,
      "score": 72.4
    },
    "ONDO": {
      "tradeable": true,
      "spread_pct": 0.003779,
      "bid_depth_50": 73602.65,
      "ask_depth_50": 48611.86,
      "bid_depth_100": 73602.65,
      "ask_depth_100": 48611.86,
      "bid_depth_500": 73602.65,
      "ask_depth_500": 48611.86,
      "imbalance": 0.2045,
      "score": 83.2
    },
    "OP": {
      "tradeable": true,
      "spread_pct": 0.007886,
      "bid_depth_50": 67194.91,
      "ask_depth_50": 77760.27,
      "bid_depth_100": 67270.8,
      "ask_depth_100": 77760.27,
      "bid_depth_500": 67270.8,
      "ask_depth_500": 77760.27,
      "imbalance": -0.0729,
      "score": 84.2
    },
    "PAXG": {
      "tradeable": true,
      "spread_pct": 0.002059,
      "bid_depth_50": 323896.07,
      "ask_depth_50": 586768.81,
      "bid_depth_100": 323896.07,
      "ask_depth_100": 586768.81,
      "bid_depth_500": 323896.07,
      "ask_depth_500": 586768.81,
      "imbalance": -0.2887,
      "score": 100
    },
    "PUMP": {
      "tradeable": false,
      "spread_pct": 0.051586,
      "bid_depth_50": 438375.53,
      "ask_depth_50": 423033.53,
      "bid_depth_100": 662509.66,