{
  "timestamp": "2026-03-19T03:20:22.850106+00:00",
  "coins": {
    "AAVE": {
      "tradeable": true,
      "spread_pct": 0.025294,
      "bid_depth_50": 268130.61,
      "ask_depth_50": 185061.5,
      "bid_depth_100": 268130.61,
      "ask_depth_100": 185061.5,
      "bid_depth_500": 268130.61,
      "ask_depth_500": 185061.5,
      "imbalance": 0.1833,
      "score": 82.6
    },
    "ADA": {
      "tradeable": true,
      "spread_pct": 0.007268,
      "bid_depth_50": 177084.92,
      "ask_depth_50": 94344.45,
      "bid_depth_100": 177084.92,
      "ask_depth_100": 94344.45,
      "bid_depth_500": 177084.92,
      "ask_depth_500": 94344.45,
      "imbalance": 0.3048,
      "score": 89.8
    },
    "APT": {
      "tradeable": true,
      "spread_pct": 0.040646,
      "bid_depth_50": 60508.78,
      "ask_depth_50": 58296.69,
      "bid_depth_100": 60508.78,
      "ask_depth_100": 58296.69,
      "bid_depth_500": 60508.78,
      "ask_depth_500": 58296.69,
      "imbalance": 0.0186,
      "score": 52.4
    },
    "ARB": {
      "tradeable": true,
      "spread_pct": 0.009669,
      "bid_depth_50": 168196.75,
      "ask_depth_50": 105528.14,
      "bid_depth_100": 168196.75,
      "ask_depth_100": 105528.14,
      "bid_depth_500": 168196.75,
      "ask_depth_500": 105528.14,
      "imbalance": 0.2289,
      "score": 89.9
    },
    "AVAX": {
      "tradeable": true,
      "spread_pct": 0.001028,
      "bid_depth_50": 87868.03,
      "ask_depth_50": 142659.03,
      "bid_depth_100": 87868.03,
      "ask_depth_100": 142659.03,
      "bid_depth_500": 87868.03,
      "ask_depth_500": 142659.03,
      "imbalance": -0.2377,
      "score": 88.0
    },
    "BCH": {
      "tradeable": true,
      "spread_pct": 0.023957,
      "bid_depth_50": 146005.12,
      "ask_depth_50": 62857.74,
      "bid_depth_100": 146005.12,
      "ask_depth_100": 62857.74,
      "bid_depth_500": 146005.12,
      "ask_depth_500": 62857.74,
      "imbalance": 0.3981,
      "score": 73.1
    },
    "BNB": {
      "tradeable": true,
      "spread_pct": 0.001528,
      "bid_depth_50": 96639.52,
      "ask_depth_50": 66731.48,
      "bid_depth_100": 96639.52,
      "ask_depth_100": 66731.48,
      "bid_depth_500": 96639.52,
      "ask_depth_500": 66731.48,
      "imbalance": 0.1831,
      "score": 85.0
    },
    "BTC": {
      "tradeable": true,
      "spread_pct": 0.001399,
      "bid_depth_50": 3642308.68,
      "ask_depth_50": 1776348.56,
      "bid_depth_100": 3642308.68,
      "ask_depth_100": 1776348.56,
      "bid_depth_500": 3642308.68,
      "ask_depth_500": 1776348.56,
      "imbalance": 0.3444,
      "score": 100
    },
    "CRV": {
      "tradeable": true,
      "spread_pct": 0.032952,
      "bid_depth_50": 109454.77,
      "ask_depth_50": 99961.78,
      "bid_depth_100": 109454.77,
      "ask_depth_100": 99961.78,
      "bid_depth_500": 109454.77,
      "ask_depth_500": 99961.78,
      "imbalance": 0.0453,
      "score": 64.1
    },
    "DOGE": {
      "tradeable": true,
      "spread_pct": 0.001047,
      "bid_depth_50": 259126.41,
      "ask_depth_50": 285680.88,
      "bid_depth_100": 259126.41,
      "ask_depth_100": 285680.88,
      "bid_depth_500": 259126.41,
      "ask_depth_500": 285680.88,
      "imbalance": -0.0487,
      "score": 100
    },
    "DOT": {
      "tradeable": true,
      "spread_pct": 0.025595,
      "bid_depth_50": 111653.87,
      "ask_depth_50": 169669.51,
      "bid_depth_100": 111653.87,
      "ask_depth_100": 169669.51,
      "bid_depth_500": 111653.87,
      "ask_depth_500": 169669.51,
      "imbalance": -0.2062,
      "score": 74.7
    },
    "ENA": {
      "tradeable": true,
      "spread_pct": 0.009235,
      "bid_depth_50": 168737.8,
      "ask_depth_50": 233619.64,
      "bid_depth_100": 168737.8,
      "ask_depth_100": 233619.64,
      "bid_depth_500": 168737.8,
      "ask_depth_500": 233619.64,
      "imbalance": -0.1613,
      "score": 95.7
    },
    "ETH": {
      "tradeable": true,
      "spread_pct": 0.0045,
      "bid_depth_50": 7840053.92,
      "ask_depth_50": 6735724.36,
      "bid_depth_100": 7840053.92,
      "ask_depth_100": 6735724.36,
      "bid_depth_500": 7840053.92,
      "ask_depth_500": 6735724.36,
      "imbalance": 0.0758,
      "score": 100
    },
    "FARTCOIN": {
      "tradeable": true,
      "spread_pct": 0.033621,
      "bid_depth_50": 35539.65,
      "ask_depth_50": 83508.32,
      "bid_depth_100": 35539.65,
      "ask_depth_100": 83508.32,
      "bid_depth_500": 35539.65,
      "ask_depth_500": 83508.32,
      "imbalance": -0.4029,
      "score": 59.4
    },
    "HYPE": {
      "tradeable": true,
      "spread_pct": 0.002404,
      "bid_depth_50": 99070.4,
      "ask_depth_50": 134729.36,
      "bid_depth_100": 99070.4,
      "ask_depth_100": 134729.36,
      "bid_depth_500": 99070.4,
      "ask_depth_500": 134729.36,
      "imbalance": -0.1525,
      "score": 88.2
    },
    "INJ": {
      "tradeable": true,
      "spread_pct": 0.045542,
      "bid_depth_50": 158388.39,
      "ask_depth_50": 29659.1,
      "bid_depth_100": 158388.39,
      "ask_depth_100": 153152.79,
      "bid_depth_500": 158388.39,
      "ask_depth_500": 153152.79,
      "imbalance": 0.6846,
      "score": 56.1
    },
    "JUP": {
      "tradeable": true,
      "spread_pct": 0.030379,
      "bid_depth_50": 45145.16,
      "ask_depth_50": 42510.32,
      "bid_depth_100": 45145.16,
      "ask_depth_100": 42510.32,
      "bid_depth_500": 45145.16,
      "ask_depth_500": 42510.32,
      "imbalance": 0.0301,
      "score": 61.3
    },
    "LDO": {
      "tradeable": true,
      "spread_pct": 0.048846,
      "bid_depth_50": 29470.43,
      "ask_depth_50": 56842.37,
      "bid_depth_100": 29470.43,
      "ask_depth_100": 56842.37,
      "bid_depth_500": 29470.43,
      "ask_depth_500": 56842.37,
      "imbalance": -0.3171,
      "score": 42.8
    },
    "LINK": {
      "tradeable": true,
      "spread_pct": 0.017224,
      "bid_depth_50": 143173.84,
      "ask_depth_50": 122337.21,
      "bid_depth_100": 143173.84,
      "ask_depth_100": 122337.21,
      "bid_depth_500": 143173.84,
      "ask_depth_500": 122337.21,
      "imbalance": 0.0785,
      "score": 82.4
    },
    "LTC": {
      "tradeable": true,
      "spread_pct": 0.012461,
      "bid_depth_50": 119927.43,
      "ask_depth_50": 135549.42,
      "bid_depth_100": 119927.43,
      "ask_depth_100": 135549.42,
      "bid_depth_500": 119927.43,
      "ask_depth_500": 135549.42,
      "imbalance": -0.0611,
      "score": 86.7
    },
    "NEAR": {
      "tradeable": true,
      "spread_pct": 0.014356,
      "bid_depth_50": 171713.0,
      "ask_depth_50": 143407.8,
      "bid_depth_100": 171713.0,
      "ask_depth_100": 143407.8,
      "bid_depth_500": 171713.0,
      "ask_depth_500": 143407.8,
      "imbalance": 0.0898,
      "score": 87.4
    },
    "ONDO": {
      "tradeable": true,
      "spread_pct": 0.041007,
      "bid_depth_50": 113401.51,
      "ask_depth_50": 44288.15,
      "bid_depth_100": 113401.51,
      "ask_depth_100": 44288.15,
      "bid_depth_500": 113401.51,
      "ask_depth_500": 44288.15,
      "imbalance": 0.4383,
      "score": 53.8
    },
    "OP": {
      "tradeable": true,
      "spread_pct": 0.023651,
      "bid_depth_50": 53785.73,
      "ask_depth_50": 104465.83,
      "bid_depth_100": 53785.73,
      "ask_depth_100": 157144.09,
      "bid_depth_500": 53785.73,
      "ask_depth_500": 157144.09,
      "imbalance": -0.3203,
      "score": 73.5
    },
    "PAXG": {
      "tradeable": true,
      "spread_pct": 0.002061,
      "bid_depth_50": 367226.16,
      "ask_depth_50": 499106.51,
      "bid_depth_100": 367226.16,
      "ask_depth_100": 499106.51,
      "bid_depth_500": 367226.16,
      "ask_depth_500": 499106.51,
      "imbalance": -0.1522,
      "score": 100
    },
    "PUMP": {
      "tradeable": false,
      "spread_pct": 0.050723,
      "bid_depth_50": 475917.68,
      "ask_depth_50": 275865.32,
      "bid_depth_100": 737474.67,