{
  "timestamp": "2026-03-18T08:04:51.437363+00:00",
  "coins": {
    "BTC": {
      "tradeable": true,
      "spread_pct": 0.001353,
      "bid_depth_50": 5157470.49,
      "ask_depth_50": 1151749.82,
      "bid_depth_100": 5157470.49,
      "ask_depth_100": 1151749.82,
      "bid_depth_500": 5157470.49,
      "ask_depth_500": 1151749.82,
      "imbalance": 0.6349,
      "score": 100
    },
    "ETH": {
      "tradeable": true,
      "spread_pct": 0.00431,
      "bid_depth_50": 8390331.45,
      "ask_depth_50": 7294925.17,
      "bid_depth_100": 8390331.45,
      "ask_depth_100": 7294925.17,
      "bid_depth_500": 8390331.45,
      "ask_depth_500": 7294925.17,
      "imbalance": 0.0698,
      "score": 100
    },
    "SOL": {
      "tradeable": true,
      "spread_pct": 0.001063,
      "bid_depth_50": 307819.93,
      "ask_depth_50": 332808.84,
      "bid_depth_100": 307819.93,
      "ask_depth_100": 332808.84,
      "bid_depth_500": 307819.93,
      "ask_depth_500": 332808.84,
      "imbalance": -0.039,
      "score": 100
    },
    "DOGE": {
      "tradeable": true,
      "spread_pct": 0.001002,
      "bid_depth_50": 268577.49,
      "ask_depth_50": 377816.77,
      "bid_depth_100": 268577.49,
      "ask_depth_100": 377816.77,
      "bid_depth_500": 268577.49,
      "ask_depth_500": 377816.77,
      "imbalance": -0.169,
      "score": 100
    },
    "AVAX": {
      "tradeable": true,
      "spread_pct": 0.009739,
      "bid_depth_50": 355436.1,
      "ask_depth_50": 330695.91,
      "bid_depth_100": 355436.1,
      "ask_depth_100": 330695.91,
      "bid_depth_500": 355436.1,
      "ask_depth_500": 330695.91,
      "imbalance": 0.0361,
      "score": 100
    },
    "LINK": {
      "tradeable": true,
      "spread_pct": 0.001017,
      "bid_depth_50": 117129.28,
      "ask_depth_50": 131454.28,
      "bid_depth_100": 117129.28,
      "ask_depth_100": 131454.28,
      "bid_depth_500": 117129.28,
      "ask_depth_500": 131454.28,
      "imbalance": -0.0576,
      "score": 88.8
    },
    "ARB": {
      "tradeable": true,
      "spread_pct": 0.018505,
      "bid_depth_50": 140518.01,
      "ask_depth_50": 265465.89,
      "bid_depth_100": 140518.01,
      "ask_depth_100": 265465.89,
      "bid_depth_500": 140518.01,
      "ask_depth_500": 265465.89,
      "imbalance": -0.3078,
      "score": 87.3
    },
    "NEAR": {
      "tradeable": true,
      "spread_pct": 0.006922,
      "bid_depth_50": 199274.13,
      "ask_depth_50": 60011.36,
      "bid_depth_100": 199274.13,
      "ask_depth_100": 60011.36,
      "bid_depth_500": 199274.13,
      "ask_depth_500": 60011.36,
      "imbalance": 0.5371,
      "score": 89.3
    },
    "SUI": {
      "tradeable": true,
      "spread_pct": 0.009705,
      "bid_depth_50": 423137.01,
      "ask_depth_50": 633395.82,
      "bid_depth_100": 423137.01,
      "ask_depth_100": 633395.82,
      "bid_depth_500": 423137.01,
      "ask_depth_500": 633395.82,
      "imbalance": -0.199,
      "score": 100
    },
    "INJ": {
      "tradeable": true,
      "spread_pct": 0.02478,
      "bid_depth_50": 66280.12,
      "ask_depth_50": 38811.16,
      "bid_depth_100": 66280.12,
      "ask_depth_100": 202923.31,
      "bid_depth_500": 66280.12,
      "ask_depth_500": 202923.31,
      "imbalance": 0.2614,
      "score": 75.0
    }
  }
}