{
  "timestamp": "2026-03-18T16:37:00.002162+00:00",
  "coins": {
    "AAVE": {
      "tradeable": true,
      "spread_pct": 0.017668,
      "bid_depth_50": 369349.91,
      "ask_depth_50": 106031.01,
      "bid_depth_100": 369349.91,
      "ask_depth_100": 106031.01,
      "bid_depth_500": 369349.91,
      "ask_depth_500": 106031.01,
      "imbalance": 0.5539,
      "score": 91.2
    },
    "ADA": {
      "tradeable": true,
      "spread_pct": 0.0074,
      "bid_depth_50": 122424.07,
      "ask_depth_50": 91784.33,
      "bid_depth_100": 122424.07,
      "ask_depth_100": 91784.33,
      "bid_depth_500": 122424.07,
      "ask_depth_500": 91784.33,
      "imbalance": 0.143,
      "score": 87.3
    },
    "APT": {
      "tradeable": true,
      "spread_pct": 0.031748,
      "bid_depth_50": 116310.75,
      "ask_depth_50": 92495.73,
      "bid_depth_100": 116310.75,
      "ask_depth_100": 92495.73,
      "bid_depth_500": 116310.75,
      "ask_depth_500": 92495.73,
      "imbalance": 0.1141,
      "score": 65.3
    },
    "ARB": {
      "tradeable": true,
      "spread_pct": 0.019835,
      "bid_depth_50": 227485.36,
      "ask_depth_50": 178658.73,
      "bid_depth_100": 227485.36,
      "ask_depth_100": 178658.73,
      "bid_depth_500": 227485.36,
      "ask_depth_500": 178658.73,
      "imbalance": 0.1202,
      "score": 86.0
    },
    "AVAX": {
      "tradeable": true,
      "spread_pct": 0.005259,
      "bid_depth_50": 75724.23,
      "ask_depth_50": 78935.55,
      "bid_depth_100": 75724.23,
      "ask_depth_100": 78935.55,
      "bid_depth_500": 75724.23,
      "ask_depth_500": 78935.55,
      "imbalance": -0.0208,
      "score": 84.7
    },
    "BCH": {
      "tradeable": true,
      "spread_pct": 0.002235,
      "bid_depth_50": 77266.35,
      "ask_depth_50": 82207.56,
      "bid_depth_100": 77266.35,
      "ask_depth_100": 82207.56,
      "bid_depth_500": 77266.35,
      "ask_depth_500": 82207.56,
      "imbalance": -0.031,
      "score": 84.9
    },
    "BNB": {
      "tradeable": true,
      "spread_pct": 0.006175,
      "bid_depth_50": 185102.48,
      "ask_depth_50": 91400.13,
      "bid_depth_100": 185102.48,
      "ask_depth_100": 91400.13,
      "bid_depth_500": 185102.48,
      "ask_depth_500": 91400.13,
      "imbalance": 0.3389,
      "score": 90.1
    },
    "BTC": {
      "tradeable": true,
      "spread_pct": 0.001405,
      "bid_depth_50": 2970325.37,
      "ask_depth_50": 15129569.21,
      "bid_depth_100": 2970325.37,
      "ask_depth_100": 15129569.21,
      "bid_depth_500": 2970325.37,
      "ask_depth_500": 15129569.21,
      "imbalance": -0.6718,
      "score": 100
    },
    "CRV": {
      "tradeable": true,
      "spread_pct": 0.046123,
      "bid_depth_50": 77011.14,
      "ask_depth_50": 100296.9,
      "bid_depth_100": 77011.14,
      "ask_depth_100": 100296.9,
      "bid_depth_500": 77011.14,
      "ask_depth_500": 100296.9,
      "imbalance": -0.1313,
      "score": 49.5
    },
    "DOGE": {
      "tradeable": true,
      "spread_pct": 0.001068,
      "bid_depth_50": 135200.62,
      "ask_depth_50": 295688.33,
      "bid_depth_100": 135200.62,
      "ask_depth_100": 295688.33,
      "bid_depth_500": 135200.62,
      "ask_depth_500": 295688.33,
      "imbalance": -0.3725,
      "score": 96.9
    },
    "DOT": {
      "tradeable": true,
      "spread_pct": 0.025753,
      "bid_depth_50": 117668.62,
      "ask_depth_50": 108791.52,
      "bid_depth_100": 117668.62,
      "ask_depth_100": 108791.52,
      "bid_depth_500": 117668.62,
      "ask_depth_500": 108791.52,
      "imbalance": 0.0392,
      "score": 72.1
    },
    "ENA": {
      "tradeable": true,
      "spread_pct": 0.037327,
      "bid_depth_50": 202855.95,
      "ask_depth_50": 230164.79,
      "bid_depth_100": 202855.95,
      "ask_depth_100": 230164.79,
      "bid_depth_500": 202855.95,
      "ask_depth_500": 230164.79,
      "imbalance": -0.0631,
      "score": 69.7
    },
    "ETH": {
      "tradeable": true,
      "spread_pct": 0.004602,
      "bid_depth_50": 7705627.13,
      "ask_depth_50": 8177436.73,
      "bid_depth_100": 7705627.13,
      "ask_depth_100": 8177436.73,
      "bid_depth_500": 7705627.13,
      "ask_depth_500": 8177436.73,
      "imbalance": -0.0297,
      "score": 100
    },
    "FARTCOIN": {
      "tradeable": true,
      "spread_pct": 0.024651,
      "bid_depth_50": 55011.48,
      "ask_depth_50": 44832.85,
      "bid_depth_100": 55011.48,
      "ask_depth_100": 44832.85,
      "bid_depth_500": 55011.48,
      "ask_depth_500": 44832.85,
      "imbalance": 0.1019,
      "score": 67.6
    },
    "HYPE": {
      "tradeable": true,
      "spread_pct": 0.002389,
      "bid_depth_50": 93980.99,
      "ask_depth_50": 73800.76,
      "bid_depth_100": 93980.99,
      "ask_depth_100": 73800.76,
      "bid_depth_500": 93980.99,
      "ask_depth_500": 73800.76,
      "imbalance": 0.1203,
      "score": 85.2
    },
    "INJ": {
      "tradeable": false,
      "spread_pct": 0.052609,
      "bid_depth_50": 54323.66,
      "ask_depth_50": 27613.49,
      "bid_depth_100": 54323.66,
      "ask_depth_100": 155343.01,
      "bid_depth_500": 54323.66,
      "ask_depth_500": 155343.01,
      "imbalance": 0.326,
      "score": 56.9
    },
    "JUP": {
      "tradeable": true,
      "spread_pct": 0.049606,
      "bid_depth_50": 44783.17,
      "ask_depth_50": 39280.59,
      "bid_depth_100": 44783.17,
      "ask_depth_100": 39280.59,
      "bid_depth_500": 44783.17,
      "ask_depth_500": 39280.59,
      "imbalance": 0.0655,
      "score": 41.9
    },
    "LDO": {
      "tradeable": true,
      "spread_pct": 0.013333,
      "bid_depth_50": 28865.69,
      "ask_depth_50": 80009.89,
      "bid_depth_100": 28865.69,
      "ask_depth_100": 80009.89,
      "bid_depth_500": 28865.69,
      "ask_depth_500": 80009.89,
      "imbalance": -0.4697,
      "score": 79.3
    },
    "LINK": {
      "tradeable": true,
      "spread_pct": 0.018643,
      "bid_depth_50": 142558.89,
      "ask_depth_50": 86938.21,
      "bid_depth_100": 142558.89,
      "ask_depth_100": 86938.21,
      "bid_depth_500": 142558.89,
      "ask_depth_500": 86938.21,
      "imbalance": 0.2424,
      "score": 79.3
    },
    "LTC": {
      "tradeable": true,
      "spread_pct": 0.012607,
      "bid_depth_50": 144872.39,
      "ask_depth_50": 168919.26,
      "bid_depth_100": 144872.39,
      "ask_depth_100": 168919.26,
      "bid_depth_500": 144872.39,
      "ask_depth_500": 168919.26,
      "imbalance": -0.0766,
      "score": 89.1
    },
    "NEAR": {
      "tradeable": true,
      "spread_pct": 0.036281,
      "bid_depth_50": 165956.64,
      "ask_depth_50": 110575.09,
      "bid_depth_100": 165956.64,
      "ask_depth_100": 110575.09,
      "bid_depth_500": 165956.64,
      "ask_depth_500": 110575.09,
      "imbalance": 0.2003,
      "score": 63.8
    },
    "ONDO": {
      "tradeable": true,
      "spread_pct": 0.049546,
      "bid_depth_50": 85714.79,
      "ask_depth_50": 59564.49,
      "bid_depth_100": 85714.79,
      "ask_depth_100": 59564.49,
      "bid_depth_500": 85714.79,
      "ask_depth_500": 59564.49,
      "imbalance": 0.18,
      "score": 44.7
    },
    "OP": {
      "tradeable": true,
      "spread_pct": 0.023926,
      "bid_depth_50": 53405.68,
      "ask_depth_50": 137336.17,
      "bid_depth_100": 53405.68,
      "ask_depth_100": 152327.29,
      "bid_depth_500": 53405.68,
      "ask_depth_500": 152327.29,
      "imbalance": -0.44,
      "score": 73.0
    },
    "PAXG": {
      "tradeable": true,
      "spread_pct": 0.002055,
      "bid_depth_50": 367825.62,
      "ask_depth_50": 493936.28,
      "bid_depth_100": 367825.62,
      "ask_depth_100": 493936.28,
      "bid_depth_500": 367825.62,
      "ask_depth_500": 493936.28,
      "imbalance": -0.1463,
      "score": 100
    },
    "PUMP": {
      "tradeable": false,
      "spread_pct": 0.051666,
      "bid_depth_50": 428590.19,
      "ask_depth_50": 416172.51,
      "bid_depth_100": 682664.68,