{
  "timestamp": "2026-03-21T08:44:08.556377+00:00",
  "coins": {
    "AAVE": {
      "tradeable": true,
      "spread_pct": 0.026941,
      "bid_depth_50": 299739.05,
      "ask_depth_50": 276217.02,
      "bid_depth_100": 299739.05,
      "ask_depth_100": 276217.02,
      "bid_depth_500": 299739.05,
      "ask_depth_500": 276217.02,
      "imbalance": 0.0408,
      "score": 83.1
    },
    "ADA": {
      "tradeable": true,
      "spread_pct": 0.033989,
      "bid_depth_50": 123297.22,
      "ask_depth_50": 144226.3,
      "bid_depth_100": 123297.22,
      "ask_depth_100": 144226.3,
      "bid_depth_500": 123297.22,
      "ask_depth_500": 144226.3,
      "imbalance": -0.0782,
      "score": 65.7
    },
    "APT": {
      "tradeable": true,
      "spread_pct": 0.029602,
      "bid_depth_50": 117273.7,
      "ask_depth_50": 56464.9,
      "bid_depth_100": 117273.7,
      "ask_depth_100": 56464.9,
      "bid_depth_500": 117273.7,
      "ask_depth_500": 56464.9,
      "imbalance": 0.35,
      "score": 65.9
    },
    "ARB": {
      "tradeable": true,
      "spread_pct": 0.010035,
      "bid_depth_50": 198366.88,
      "ask_depth_50": 196184.39,
      "bid_depth_100": 198366.88,
      "ask_depth_100": 196184.39,
      "bid_depth_500": 198366.88,
      "ask_depth_500": 196184.39,
      "imbalance": 0.0055,
      "score": 95.3
    },
    "AVAX": {
      "tradeable": true,
      "spread_pct": 0.008371,
      "bid_depth_50": 45101.49,
      "ask_depth_50": 56853.07,
      "bid_depth_100": 45101.49,
      "ask_depth_100": 56853.07,
      "bid_depth_500": 45101.49,
      "ask_depth_500": 56853.07,
      "imbalance": -0.1153,
      "score": 82.3
    },
    "BCH": {
      "tradeable": true,
      "spread_pct": 0.023468,
      "bid_depth_50": 107154.21,
      "ask_depth_50": 101175.88,
      "bid_depth_100": 107154.21,
      "ask_depth_100": 101175.88,
      "bid_depth_500": 107154.21,
      "ask_depth_500": 101175.88,
      "imbalance": 0.0287,
      "score": 73.6
    },
    "BNB": {
      "tradeable": true,
      "spread_pct": 0.001557,
      "bid_depth_50": 111293.46,
      "ask_depth_50": 88027.59,
      "bid_depth_100": 111293.46,
      "ask_depth_100": 88027.59,
      "bid_depth_500": 111293.46,
      "ask_depth_500": 88027.59,
      "imbalance": 0.1167,
      "score": 86.6
    },
    "BTC": {
      "tradeable": true,
      "spread_pct": 0.001416,
      "bid_depth_50": 2170595.12,
      "ask_depth_50": 4836848.05,
      "bid_depth_100": 2170595.12,
      "ask_depth_100": 4836848.05,
      "bid_depth_500": 2170595.12,
      "ask_depth_500": 4836848.05,
      "imbalance": -0.3805,
      "score": 100
    },
    "CRV": {
      "tradeable": true,
      "spread_pct": 0.029999,
      "bid_depth_50": 91405.28,
      "ask_depth_50": 66941.23,
      "bid_depth_100": 91405.28,
      "ask_depth_100": 66941.23,
      "bid_depth_500": 91405.28,
      "ask_depth_500": 66941.23,
      "imbalance": 0.1545,
      "score": 64.8
    },
    "DOGE": {
      "tradeable": true,
      "spread_pct": 0.00106,
      "bid_depth_50": 234560.89,
      "ask_depth_50": 87915.91,
      "bid_depth_100": 234560.89,
      "ask_depth_100": 87915.91,
      "bid_depth_500": 234560.89,
      "ask_depth_500": 87915.91,
      "imbalance": 0.4547,
      "score": 92.1
    },
    "DOT": {
      "tradeable": true,
      "spread_pct": 0.026681,
      "bid_depth_50": 91776.26,
      "ask_depth_50": 331163.24,
      "bid_depth_100": 91776.26,
      "ask_depth_100": 331163.24,
      "bid_depth_500": 91776.26,
      "ask_depth_500": 331163.24,
      "imbalance": -0.566,
      "score": 79.9
    },
    "ENA": {
      "tradeable": true,
      "spread_pct": 0.029405,
      "bid_depth_50": 272869.41,
      "ask_depth_50": 209354.31,
      "bid_depth_100": 272869.41,
      "ask_depth_100": 209354.31,
      "bid_depth_500": 272869.41,
      "ask_depth_500": 209354.31,
      "imbalance": 0.1317,
      "score": 79.8
    },
    "ETH": {
      "tradeable": true,
      "spread_pct": 0.004646,
      "bid_depth_50": 8747092.8,
      "ask_depth_50": 9033243.11,
      "bid_depth_100": 8747092.8,
      "ask_depth_100": 9033243.11,
      "bid_depth_500": 8747092.8,
      "ask_depth_500": 9033243.11,
      "imbalance": -0.0161,
      "score": 100
    },
    "FARTCOIN": {
      "tradeable": true,
      "spread_pct": 0.005027,
      "bid_depth_50": 53454.19,
      "ask_depth_50": 59331.36,
      "bid_depth_100": 53454.19,
      "ask_depth_100": 59331.36,
      "bid_depth_500": 53454.19,
      "ask_depth_500": 59331.36,
      "imbalance": -0.0521,
      "score": 82.8
    },
    "HYPE": {
      "tradeable": true,
      "spread_pct": 0.002529,
      "bid_depth_50": 90143.15,
      "ask_depth_50": 143533.86,
      "bid_depth_100": 90143.15,
      "ask_depth_100": 143533.86,
      "bid_depth_500": 90143.15,
      "ask_depth_500": 143533.86,
      "imbalance": -0.2285,
      "score": 88.2
    },
    "INJ": {
      "tradeable": false,
      "spread_pct": 0.051758,
      "bid_depth_50": 41485.98,
      "ask_depth_50": 50144.85,
      "bid_depth_100": 41485.98,
      "ask_depth_100": 50144.85,
      "bid_depth_500": 41485.98,
      "ask_depth_500": 50144.85,
      "imbalance": -0.0945,
      "score": 51.7
    },
    "JUP": {
      "tradeable": true,
      "spread_pct": 0.037493,
      "bid_depth_50": 50659.15,
      "ask_depth_50": 44225.06,
      "bid_depth_100": 50659.15,
      "ask_depth_100": 44225.06,
      "bid_depth_500": 50659.15,
      "ask_depth_500": 44225.06,
      "imbalance": 0.0678,
      "score": 54.5
    },
    "LDO": {
      "tradeable": true,
      "spread_pct": 0.026742,
      "bid_depth_50": 35133.38,
      "ask_depth_50": 59961.78,
      "bid_depth_100": 35133.38,
      "ask_depth_100": 59961.78,
      "bid_depth_500": 35133.38,
      "ask_depth_500": 59961.78,
      "imbalance": -0.2611,
      "score": 65.3
    },
    "LINK": {
      "tradeable": true,
      "spread_pct": 0.012067,
      "bid_depth_50": 127585.05,
      "ask_depth_50": 124299.48,
      "bid_depth_100": 127585.05,
      "ask_depth_100": 124299.48,
      "bid_depth_500": 127585.05,
      "ask_depth_500": 124299.48,
      "imbalance": 0.013,
      "score": 86.9
    },
    "LTC": {
      "tradeable": true,
      "spread_pct": 0.00533,
      "bid_depth_50": 109936.08,
      "ask_depth_50": 130330.78,
      "bid_depth_100": 109936.08,
      "ask_depth_100": 130330.78,
      "bid_depth_500": 109936.08,
      "ask_depth_500": 130330.78,
      "imbalance": -0.0849,
      "score": 88.5
    },
    "NEAR": {
      "tradeable": true,
      "spread_pct": 0.007591,
      "bid_depth_50": 176094.81,
      "ask_depth_50": 59790.83,
      "bid_depth_100": 176094.81,
      "ask_depth_100": 59790.83,
      "bid_depth_500": 176094.81,
      "ask_depth_500": 59790.83,
      "imbalance": 0.4931,
      "score": 88.3
    },
    "ONDO": {
      "tradeable": true,
      "spread_pct": 0.003837,
      "bid_depth_50": 36231.85,
      "ask_depth_50": 37981.35,
      "bid_depth_100": 36231.85,
      "ask_depth_100": 37981.35,
      "bid_depth_500": 36231.85,
      "ask_depth_500": 37981.35,
      "imbalance": -0.0236,
      "score": 81.1
    },
    "OP": {
      "tradeable": true,
      "spread_pct": 0.032672,
      "bid_depth_50": 69063.64,
      "ask_depth_50": 172378.12,
      "bid_depth_100": 69063.64,
      "ask_depth_100": 175664.84,
      "bid_depth_500": 69063.64,
      "ask_depth_500": 175664.84,
      "imbalance": -0.4279,
      "score": 66.0
    },
    "PAXG": {
      "tradeable": true,
      "spread_pct": 0.00666,
      "bid_depth_50": 150786.46,
      "ask_depth_50": 219312.67,
      "bid_depth_100": 150786.46,
      "ask_depth_100": 219312.67,
      "bid_depth_500": 150786.46,
      "ask_depth_500": 219312.67,
      "imbalance": -0.1852,
      "score": 94.2
    },
    "PUMP": {
      "tradeable": false,
      "spread_pct": 0.053262,
      "bid_depth_50": 338649.07,
      "ask_depth_50": 377317.41,
      "bid_depth_100": 753647.52,
      "ask_depth_100": 757583.98,