{
  "timestamp": "2026-03-19T18:57:53.115012+00:00",
  "coins": {
    "AAVE": {
      "tradeable": true,
      "spread_pct": 0.017907,
      "bid_depth_50": 231886.36,
      "ask_depth_50": 232781.84,
      "bid_depth_100": 231886.36,
      "ask_depth_100": 232781.84,
      "bid_depth_500": 231886.36,
      "ask_depth_500": 232781.84,
      "imbalance": -0.0019,
      "score": 90.5
    },
    "ADA": {
      "tradeable": true,
      "spread_pct": 0.011317,
      "bid_depth_50": 139386.8,
      "ask_depth_50": 120898.93,
      "bid_depth_100": 139386.8,
      "ask_depth_100": 120898.93,
      "bid_depth_500": 139386.8,
      "ask_depth_500": 120898.93,
      "imbalance": 0.071,
      "score": 88.0
    },
    "APT": {
      "tradeable": true,
      "spread_pct": 0.021354,
      "bid_depth_50": 107769.03,
      "ask_depth_50": 68851.71,
      "bid_depth_100": 107769.03,
      "ask_depth_100": 68851.71,
      "bid_depth_500": 107769.03,
      "ask_depth_500": 68851.71,
      "imbalance": 0.2203,
      "score": 74.3
    },
    "ARB": {
      "tradeable": true,
      "spread_pct": 0.010181,
      "bid_depth_50": 226020.78,
      "ask_depth_50": 331946.84,
      "bid_depth_100": 226020.78,
      "ask_depth_100": 331946.84,
      "bid_depth_500": 226020.78,
      "ask_depth_500": 331946.84,
      "imbalance": -0.1898,
      "score": 99.8
    },
    "AVAX": {
      "tradeable": true,
      "spread_pct": 0.015884,
      "bid_depth_50": 33640.65,
      "ask_depth_50": 80563.65,
      "bid_depth_100": 33640.65,
      "ask_depth_100": 80563.65,
      "bid_depth_500": 33640.65,
      "ask_depth_500": 80563.65,
      "imbalance": -0.4109,
      "score": 77.0
    },
    "BCH": {
      "tradeable": true,
      "spread_pct": 0.010982,
      "bid_depth_50": 108055.15,
      "ask_depth_50": 77962.29,
      "bid_depth_100": 108055.15,
      "ask_depth_100": 77962.29,
      "bid_depth_500": 108055.15,
      "ask_depth_500": 77962.29,
      "imbalance": 0.1618,
      "score": 85.1
    },
    "BNB": {
      "tradeable": true,
      "spread_pct": 0.009417,
      "bid_depth_50": 81134.22,
      "ask_depth_50": 146662.88,
      "bid_depth_100": 81134.22,
      "ask_depth_100": 146662.88,
      "bid_depth_500": 81134.22,
      "ask_depth_500": 146662.88,
      "imbalance": -0.2877,
      "score": 87.9
    },
    "BTC": {
      "tradeable": true,
      "spread_pct": 0.001433,
      "bid_depth_50": 4185014.6,
      "ask_depth_50": 2435318.16,
      "bid_depth_100": 4185014.6,
      "ask_depth_100": 2435318.16,
      "bid_depth_500": 4185014.6,
      "ask_depth_500": 2435318.16,
      "imbalance": 0.2643,
      "score": 100
    },
    "CRV": {
      "tradeable": false,
      "spread_pct": 0.051571,
      "bid_depth_50": 94894.38,
      "ask_depth_50": 95991.64,
      "bid_depth_100": 94894.38,
      "ask_depth_100": 95991.64,
      "bid_depth_500": 94894.38,
      "ask_depth_500": 95991.64,
      "imbalance": -0.0057,
      "score": 56.2
    },
    "DOGE": {
      "tradeable": true,
      "spread_pct": 0.001079,
      "bid_depth_50": 125302.72,
      "ask_depth_50": 268478.13,
      "bid_depth_100": 125302.72,
      "ask_depth_100": 268478.13,
      "bid_depth_500": 125302.72,
      "ask_depth_500": 268478.13,
      "imbalance": -0.3636,
      "score": 95.3
    },
    "DOT": {
      "tradeable": true,
      "spread_pct": 0.01322,
      "bid_depth_50": 108515.2,
      "ask_depth_50": 138558.78,
      "bid_depth_100": 108515.2,
      "ask_depth_100": 138558.78,
      "bid_depth_500": 108515.2,
      "ask_depth_500": 138558.78,
      "imbalance": -0.1216,
      "score": 85.5
    },
    "ENA": {
      "tradeable": true,
      "spread_pct": 0.049118,
      "bid_depth_50": 247981.03,
      "ask_depth_50": 288646.72,
      "bid_depth_100": 247981.03,
      "ask_depth_100": 288646.72,
      "bid_depth_500": 247981.03,
      "ask_depth_500": 288646.72,
      "imbalance": -0.0758,
      "score": 60.9
    },
    "ETH": {
      "tradeable": true,
      "spread_pct": 0.004712,
      "bid_depth_50": 15813263.01,
      "ask_depth_50": 9824287.38,
      "bid_depth_100": 15813263.01,
      "ask_depth_100": 9824287.38,
      "bid_depth_500": 15813263.01,
      "ask_depth_500": 9824287.38,
      "imbalance": 0.2336,
      "score": 100
    },
    "FARTCOIN": {
      "tradeable": true,
      "spread_pct": 0.041269,
      "bid_depth_50": 61700.09,
      "ask_depth_50": 30087.88,
      "bid_depth_100": 61700.09,
      "ask_depth_100": 30087.88,
      "bid_depth_500": 61700.09,
      "ask_depth_500": 30087.88,
      "imbalance": 0.3444,
      "score": 50.6
    },
    "HYPE": {
      "tradeable": true,
      "spread_pct": 0.035048,
      "bid_depth_50": 138862.05,
      "ask_depth_50": 81341.82,
      "bid_depth_100": 138862.05,
      "ask_depth_100": 81341.82,
      "bid_depth_500": 138862.05,
      "ask_depth_500": 81341.82,
      "imbalance": 0.2612,
      "score": 62.5
    },
    "INJ": {
      "tradeable": false,
      "spread_pct": 0.050294,
      "bid_depth_50": 57302.29,
      "ask_depth_50": 132194.83,
      "bid_depth_100": 57302.29,
      "ask_depth_100": 140139.7,
      "bid_depth_500": 57302.29,
      "ask_depth_500": 140139.7,
      "imbalance": -0.3952,
      "score": 56.5
    },
    "JUP": {
      "tradeable": false,
      "spread_pct": 0.056695,
      "bid_depth_50": 40529.17,
      "ask_depth_50": 57528.04,
      "bid_depth_100": 40529.17,
      "ask_depth_100": 57528.04,
      "bid_depth_500": 40529.17,
      "ask_depth_500": 57528.04,
      "imbalance": -0.1734,
      "score": 51.7
    },
    "LDO": {
      "tradeable": true,
      "spread_pct": 0.010182,
      "bid_depth_50": 32375.2,
      "ask_depth_50": 61972.01,
      "bid_depth_100": 32375.2,
      "ask_depth_100": 61972.01,
      "bid_depth_500": 32375.2,
      "ask_depth_500": 61972.01,
      "imbalance": -0.3137,
      "score": 81.8
    },
    "LINK": {
      "tradeable": true,
      "spread_pct": 0.007795,
      "bid_depth_50": 128763.75,
      "ask_depth_50": 66064.74,
      "bid_depth_100": 128763.75,
      "ask_depth_100": 66064.74,
      "bid_depth_500": 128763.75,
      "ask_depth_500": 66064.74,
      "imbalance": 0.3218,
      "score": 86.4
    },
    "LTC": {
      "tradeable": true,
      "spread_pct": 0.009044,
      "bid_depth_50": 197556.08,
      "ask_depth_50": 156361.79,
      "bid_depth_100": 197556.08,
      "ask_depth_100": 156361.79,
      "bid_depth_500": 197556.08,
      "ask_depth_500": 156361.79,
      "imbalance": 0.1164,
      "score": 93.5
    },
    "NEAR": {
      "tradeable": true,
      "spread_pct": 0.037516,
      "bid_depth_50": 225076.3,
      "ask_depth_50": 159219.93,
      "bid_depth_100": 225076.3,
      "ask_depth_100": 159219.93,
      "bid_depth_500": 225076.3,
      "ask_depth_500": 159219.93,
      "imbalance": 0.1714,
      "score": 67.3
    },
    "ONDO": {
      "tradeable": true,
      "spread_pct": 0.027513,
      "bid_depth_50": 45969.43,
      "ask_depth_50": 90607.8,
      "bid_depth_100": 45969.43,
      "ask_depth_100": 90607.8,
      "bid_depth_500": 45969.43,
      "ask_depth_500": 90607.8,
      "imbalance": -0.3268,
      "score": 66.3
    },
    "OP": {
      "tradeable": true,
      "spread_pct": 0.041568,
      "bid_depth_50": 47750.95,
      "ask_depth_50": 168456.62,
      "bid_depth_100": 55219.6,
      "ask_depth_100": 173519.83,
      "bid_depth_500": 55219.6,
      "ask_depth_500": 173519.83,
      "imbalance": -0.5583,
      "score": 56.4
    },
    "PAXG": {
      "tradeable": true,
      "spread_pct": 0.00866,
      "bid_depth_50": 567422.89,
      "ask_depth_50": 361478.25,
      "bid_depth_100": 567422.89,
      "ask_depth_100": 361478.25,
      "bid_depth_500": 567422.89,
      "ask_depth_500": 361478.25,
      "imbalance": 0.2217,
      "score": 100
    },
    "PUMP": {
      "tradeable": false,
      "spread_pct": 0.053865,
      "bid_depth_50": 391423.88,
      "ask_depth_50": 327340.41,
      "bid_depth_100": 718556.23,