{
  "timestamp": "2026-03-20T09:39:33.228685+00:00",
  "coins": {
    "AAVE": {
      "tradeable": true,
      "spread_pct": 0.008922,
      "bid_depth_50": 242817.0,
      "ask_depth_50": 283487.56,
      "bid_depth_100": 242817.0,
      "ask_depth_100": 283487.56,
      "bid_depth_500": 242817.0,
      "ask_depth_500": 283487.56,
      "imbalance": -0.0773,
      "score": 100
    },
    "ADA": {
      "tradeable": true,
      "spread_pct": 0.029738,
      "bid_depth_50": 95351.31,
      "ask_depth_50": 131131.8,
      "bid_depth_100": 95351.31,
      "ask_depth_100": 131131.8,
      "bid_depth_500": 95351.31,
      "ask_depth_500": 131131.8,
      "imbalance": -0.158,
      "score": 68.1
    },
    "APT": {
      "tradeable": true,
      "spread_pct": 0.020008,
      "bid_depth_50": 66257.8,
      "ask_depth_50": 77450.41,
      "bid_depth_100": 66257.8,
      "ask_depth_100": 77450.41,
      "bid_depth_500": 66257.8,
      "ask_depth_500": 77450.41,
      "imbalance": -0.0779,
      "score": 74.2
    },
    "ARB": {
      "tradeable": true,
      "spread_pct": 0.019847,
      "bid_depth_50": 213120.04,
      "ask_depth_50": 263769.22,
      "bid_depth_100": 213120.04,
      "ask_depth_100": 263769.22,
      "bid_depth_500": 213120.04,
      "ask_depth_500": 263769.22,
      "imbalance": -0.1062,
      "score": 89.1
    },
    "AVAX": {
      "tradeable": true,
      "spread_pct": 0.008392,
      "bid_depth_50": 62995.86,
      "ask_depth_50": 57292.78,
      "bid_depth_100": 62995.86,
      "ask_depth_100": 57292.78,
      "bid_depth_500": 62995.86,
      "ask_depth_500": 57292.78,
      "imbalance": 0.0474,
      "score": 83.1
    },
    "BCH": {
      "tradeable": true,
      "spread_pct": 0.002162,
      "bid_depth_50": 58067.65,
      "ask_depth_50": 114545.81,
      "bid_depth_100": 58067.65,
      "ask_depth_100": 114545.81,
      "bid_depth_500": 58067.65,
      "ask_depth_500": 114545.81,
      "imbalance": -0.3272,
      "score": 85.4
    },
    "BNB": {
      "tradeable": true,
      "spread_pct": 0.015559,
      "bid_depth_50": 107625.87,
      "ask_depth_50": 152456.37,
      "bid_depth_100": 107625.87,
      "ask_depth_100": 152456.37,
      "bid_depth_500": 107625.87,
      "ask_depth_500": 152456.37,
      "imbalance": -0.1724,
      "score": 83.8
    },
    "BTC": {
      "tradeable": true,
      "spread_pct": 0.001415,
      "bid_depth_50": 1647819.25,
      "ask_depth_50": 6746353.05,
      "bid_depth_100": 1647819.25,
      "ask_depth_100": 6746353.05,
      "bid_depth_500": 1647819.25,
      "ask_depth_500": 6746353.05,
      "imbalance": -0.6074,
      "score": 100
    },
    "CRV": {
      "tradeable": true,
      "spread_pct": 0.004223,
      "bid_depth_50": 99587.24,
      "ask_depth_50": 80075.11,
      "bid_depth_100": 99587.24,
      "ask_depth_100": 80075.11,
      "bid_depth_500": 99587.24,
      "ask_depth_500": 80075.11,
      "imbalance": 0.1086,
      "score": 85.8
    },
    "DOGE": {
      "tradeable": true,
      "spread_pct": 0.001063,
      "bid_depth_50": 212934.58,
      "ask_depth_50": 220864.02,
      "bid_depth_100": 212934.58,
      "ask_depth_100": 220864.02,
      "bid_depth_500": 212934.58,
      "ask_depth_500": 220864.02,
      "imbalance": -0.0183,
      "score": 97.1
    },
    "DOT": {
      "tradeable": true,
      "spread_pct": 0.039308,
      "bid_depth_50": 76336.84,
      "ask_depth_50": 206605.96,
      "bid_depth_100": 76336.84,
      "ask_depth_100": 206605.96,
      "bid_depth_500": 76336.84,
      "ask_depth_500": 206605.96,
      "imbalance": -0.4604,
      "score": 61.0
    },
    "ENA": {
      "tradeable": true,
      "spread_pct": 0.047699,
      "bid_depth_50": 244005.28,
      "ask_depth_50": 245199.38,
      "bid_depth_100": 244005.28,
      "ask_depth_100": 245199.38,
      "bid_depth_500": 244005.28,
      "ask_depth_500": 245199.38,
      "imbalance": -0.0024,
      "score": 61.8
    },
    "ETH": {
      "tradeable": true,
      "spread_pct": 0.004661,
      "bid_depth_50": 9650285.28,
      "ask_depth_50": 7726189.24,
      "bid_depth_100": 9650285.28,
      "ask_depth_100": 7726189.24,
      "bid_depth_500": 9650285.28,
      "ask_depth_500": 7726189.24,
      "imbalance": 0.1107,
      "score": 100
    },
    "FARTCOIN": {
      "tradeable": true,
      "spread_pct": 0.039421,
      "bid_depth_50": 53673.52,
      "ask_depth_50": 68220.82,
      "bid_depth_100": 53673.52,
      "ask_depth_100": 68220.82,
      "bid_depth_500": 53673.52,
      "ask_depth_500": 68220.82,
      "imbalance": -0.1193,
      "score": 53.8
    },
    "HYPE": {
      "tradeable": true,
      "spread_pct": 0.007543,
      "bid_depth_50": 132631.97,
      "ask_depth_50": 231872.94,
      "bid_depth_100": 132631.97,
      "ask_depth_100": 231872.94,
      "bid_depth_500": 132631.97,
      "ask_depth_500": 231872.94,
      "imbalance": -0.2723,
      "score": 94.0
    },
    "INJ": {
      "tradeable": true,
      "spread_pct": 0.04169,
      "bid_depth_50": 38147.91,
      "ask_depth_50": 42954.67,
      "bid_depth_100": 38147.91,
      "ask_depth_100": 45254.19,
      "bid_depth_500": 38147.91,
      "ask_depth_500": 45254.19,
      "imbalance": -0.0593,
      "score": 49.8
    },
    "JUP": {
      "tradeable": true,
      "spread_pct": 0.024984,
      "bid_depth_50": 38598.77,
      "ask_depth_50": 44074.75,
      "bid_depth_100": 38598.77,
      "ask_depth_100": 44074.75,
      "bid_depth_500": 38598.77,
      "ask_depth_500": 44074.75,
      "imbalance": -0.0662,
      "score": 66.5
    },
    "LDO": {
      "tradeable": true,
      "spread_pct": 0.033441,
      "bid_depth_50": 46792.31,
      "ask_depth_50": 68529.64,
      "bid_depth_100": 46792.31,
      "ask_depth_100": 68529.64,
      "bid_depth_500": 46792.31,
      "ask_depth_500": 68529.64,
      "imbalance": -0.1885,
      "score": 59.5
    },
    "LINK": {
      "tradeable": true,
      "spread_pct": 0.009882,
      "bid_depth_50": 93764.18,
      "ask_depth_50": 104251.09,
      "bid_depth_100": 93764.18,
      "ask_depth_100": 104251.09,
      "bid_depth_500": 93764.18,
      "ask_depth_500": 104251.09,
      "imbalance": -0.053,
      "score": 86.6
    },
    "LTC": {
      "tradeable": true,
      "spread_pct": 0.001796,
      "bid_depth_50": 147667.19,
      "ask_depth_50": 211594.05,
      "bid_depth_100": 147667.19,
      "ask_depth_100": 211594.05,
      "bid_depth_500": 147667.19,
      "ask_depth_500": 211594.05,
      "imbalance": -0.1779,
      "score": 93.7
    },
    "NEAR": {
      "tradeable": true,
      "spread_pct": 0.037157,
      "bid_depth_50": 149783.34,
      "ask_depth_50": 139687.57,
      "bid_depth_100": 149783.34,
      "ask_depth_100": 139687.57,
      "bid_depth_500": 149783.34,
      "ask_depth_500": 139687.57,
      "imbalance": 0.0349,
      "score": 63.5
    },
    "ONDO": {
      "tradeable": true,
      "spread_pct": 0.030741,
      "bid_depth_50": 58947.69,
      "ask_depth_50": 83233.91,
      "bid_depth_100": 58947.69,
      "ask_depth_100": 83233.91,
      "bid_depth_500": 58947.69,
      "ask_depth_500": 83233.91,
      "imbalance": -0.1708,
      "score": 63.4
    },
    "OP": {
      "tradeable": true,
      "spread_pct": 0.048027,
      "bid_depth_50": 110623.01,
      "ask_depth_50": 54233.12,
      "bid_depth_100": 174471.57,
      "ask_depth_100": 54233.12,
      "bid_depth_500": 174471.57,
      "ask_depth_500": 54233.12,
      "imbalance": 0.3421,
      "score": 49.9
    },
    "PAXG": {
      "tradeable": true,
      "spread_pct": 0.002137,
      "bid_depth_50": 356842.28,
      "ask_depth_50": 439948.3,
      "bid_depth_100": 356842.28,
      "ask_depth_100": 439948.3,
      "bid_depth_500": 356842.28,
      "ask_depth_500": 439948.3,
      "imbalance": -0.1043,
      "score": 100
    },
    "PUMP": {
      "tradeable": false,
      "spread_pct": 0.05284,
      "bid_depth_50": 425392.88,
      "ask_depth_50": 347280.85,
      "bid_depth_100": 739476.09,