{
  "timestamp": "2026-03-19T15:04:02.523689+00:00",
  "coins": {
    "AAVE": {
      "tradeable": true,
      "spread_pct": 0.017879,
      "bid_depth_50": 279648.06,
      "ask_depth_50": 260897.38,
      "bid_depth_100": 279648.06,
      "ask_depth_100": 260897.38,
      "bid_depth_500": 279648.06,
      "ask_depth_500": 260897.38,
      "imbalance": 0.0347,
      "score": 92.1
    },
    "ADA": {
      "tradeable": true,
      "spread_pct": 0.018794,
      "bid_depth_50": 89152.76,
      "ask_depth_50": 85526.14,
      "bid_depth_100": 89152.76,
      "ask_depth_100": 85526.14,
      "bid_depth_500": 89152.76,
      "ask_depth_500": 85526.14,
      "imbalance": 0.0208,
      "score": 76.7
    },
    "APT": {
      "tradeable": false,
      "spread_pct": 0.05341,
      "bid_depth_50": 72711.87,
      "ask_depth_50": 81427.46,
      "bid_depth_100": 72711.87,
      "ask_depth_100": 81427.46,
      "bid_depth_500": 72711.87,
      "ask_depth_500": 81427.46,
      "imbalance": -0.0565,
      "score": 54.4
    },
    "ARB": {
      "tradeable": true,
      "spread_pct": 0.01012,
      "bid_depth_50": 189662.32,
      "ask_depth_50": 235188.73,
      "bid_depth_100": 189662.32,
      "ask_depth_100": 235188.73,
      "bid_depth_500": 189662.32,
      "ask_depth_500": 235188.73,
      "imbalance": -0.1072,
      "score": 96.5
    },
    "AVAX": {
      "tradeable": true,
      "spread_pct": 0.011649,
      "bid_depth_50": 113468.48,
      "ask_depth_50": 56050.02,
      "bid_depth_100": 113468.48,
      "ask_depth_100": 56050.02,
      "bid_depth_500": 113468.48,
      "ask_depth_500": 56050.02,
      "imbalance": 0.3387,
      "score": 83.7
    },
    "BCH": {
      "tradeable": true,
      "spread_pct": 0.006566,
      "bid_depth_50": 83770.8,
      "ask_depth_50": 86292.18,
      "bid_depth_100": 83770.8,
      "ask_depth_100": 86292.18,
      "bid_depth_500": 83770.8,
      "ask_depth_500": 86292.18,
      "imbalance": -0.0148,
      "score": 85.3
    },
    "BNB": {
      "tradeable": true,
      "spread_pct": 0.004695,
      "bid_depth_50": 114865.98,
      "ask_depth_50": 111440.19,
      "bid_depth_100": 114865.98,
      "ask_depth_100": 111440.19,
      "bid_depth_500": 114865.98,
      "ask_depth_500": 111440.19,
      "imbalance": 0.0151,
      "score": 87.8
    },
    "BTC": {
      "tradeable": true,
      "spread_pct": 0.004306,
      "bid_depth_50": 20447914.42,
      "ask_depth_50": 2025643.42,
      "bid_depth_100": 20447914.42,
      "ask_depth_100": 2025643.42,
      "bid_depth_500": 20447914.42,
      "ask_depth_500": 2025643.42,
      "imbalance": 0.8197,
      "score": 100
    },
    "CRV": {
      "tradeable": true,
      "spread_pct": 0.004292,
      "bid_depth_50": 67009.89,
      "ask_depth_50": 62546.62,
      "bid_depth_100": 67009.89,
      "ask_depth_100": 62546.62,
      "bid_depth_500": 67009.89,
      "ask_depth_500": 62546.62,
      "imbalance": 0.0345,
      "score": 83.5
    },
    "DOGE": {
      "tradeable": true,
      "spread_pct": 0.018258,
      "bid_depth_50": 129506.18,
      "ask_depth_50": 165122.1,
      "bid_depth_100": 129506.18,
      "ask_depth_100": 165122.1,
      "bid_depth_500": 129506.18,
      "ask_depth_500": 165122.1,
      "imbalance": -0.1209,
      "score": 82.6
    },
    "DOT": {
      "tradeable": true,
      "spread_pct": 0.046221,
      "bid_depth_50": 78526.53,
      "ask_depth_50": 149161.65,
      "bid_depth_100": 78526.53,
      "ask_depth_100": 149161.65,
      "bid_depth_500": 78526.53,
      "ask_depth_500": 149161.65,
      "imbalance": -0.3102,
      "score": 51.7
    },
    "ENA": {
      "tradeable": true,
      "spread_pct": 0.0295,
      "bid_depth_50": 235188.88,
      "ask_depth_50": 205066.6,
      "bid_depth_100": 235188.88,
      "ask_depth_100": 205066.6,
      "bid_depth_500": 235188.88,
      "ask_depth_500": 205066.6,
      "imbalance": 0.0684,
      "score": 77.8
    },
    "ETH": {
      "tradeable": true,
      "spread_pct": 0.004699,
      "bid_depth_50": 4390397.12,
      "ask_depth_50": 8300297.89,
      "bid_depth_100": 4390397.12,
      "ask_depth_100": 8300297.89,
      "bid_depth_500": 4390397.12,
      "ask_depth_500": 8300297.89,
      "imbalance": -0.3081,
      "score": 100
    },
    "FARTCOIN": {
      "tradeable": true,
      "spread_pct": 0.036554,
      "bid_depth_50": 34416.31,
      "ask_depth_50": 61186.7,
      "bid_depth_100": 34416.31,
      "ask_depth_100": 61186.7,
      "bid_depth_500": 34416.31,
      "ask_depth_500": 61186.7,
      "imbalance": -0.28,
      "score": 55.5
    },
    "HYPE": {
      "tradeable": true,
      "spread_pct": 0.002512,
      "bid_depth_50": 119000.0,
      "ask_depth_50": 320239.58,
      "bid_depth_100": 119000.0,
      "ask_depth_100": 320239.58,
      "bid_depth_500": 119000.0,
      "ask_depth_500": 320239.58,
      "imbalance": -0.4582,
      "score": 97.3
    },
    "INJ": {
      "tradeable": true,
      "spread_pct": 0.036961,
      "bid_depth_50": 51857.98,
      "ask_depth_50": 147470.84,
      "bid_depth_100": 51857.98,
      "ask_depth_100": 395822.36,
      "bid_depth_500": 51857.98,
      "ask_depth_500": 395822.36,
      "imbalance": -0.4797,
      "score": 70.7
    },
    "JUP": {
      "tradeable": false,
      "spread_pct": 0.062563,
      "bid_depth_50": 51904.11,
      "ask_depth_50": 56404.56,
      "bid_depth_100": 51904.11,
      "ask_depth_100": 56404.56,
      "bid_depth_500": 51904.11,
      "ask_depth_500": 56404.56,
      "imbalance": -0.0416,
      "score": 51.8
    },
    "LDO": {
      "tradeable": true,
      "spread_pct": 0.030466,
      "bid_depth_50": 33907.62,
      "ask_depth_50": 69248.28,
      "bid_depth_100": 33907.62,
      "ask_depth_100": 69248.28,
      "bid_depth_500": 33907.62,
      "ask_depth_500": 69248.28,
      "imbalance": -0.3426,
      "score": 61.9
    },
    "LINK": {
      "tradeable": true,
      "spread_pct": 0.030127,
      "bid_depth_50": 122685.88,
      "ask_depth_50": 97613.16,
      "bid_depth_100": 122685.88,
      "ask_depth_100": 97613.16,
      "bid_depth_500": 122685.88,
      "ask_depth_500": 97613.16,
      "imbalance": 0.1138,
      "score": 67.4
    },
    "LTC": {
      "tradeable": true,
      "spread_pct": 0.016304,
      "bid_depth_50": 128851.63,
      "ask_depth_50": 126463.27,
      "bid_depth_100": 128851.63,
      "ask_depth_100": 126463.27,
      "bid_depth_500": 128851.63,
      "ask_depth_500": 126463.27,
      "imbalance": 0.0094,
      "score": 82.8
    },
    "NEAR": {
      "tradeable": true,
      "spread_pct": 0.007477,
      "bid_depth_50": 143001.15,
      "ask_depth_50": 137693.82,
      "bid_depth_100": 143001.15,
      "ask_depth_100": 137693.82,
      "bid_depth_500": 143001.15,
      "ask_depth_500": 137693.82,
      "imbalance": 0.0189,
      "score": 90.3
    },
    "ONDO": {
      "tradeable": true,
      "spread_pct": 0.023285,
      "bid_depth_50": 43784.56,
      "ask_depth_50": 84063.63,
      "bid_depth_100": 43784.56,
      "ask_depth_100": 84063.63,
      "bid_depth_500": 43784.56,
      "ask_depth_500": 84063.63,
      "imbalance": -0.3151,
      "score": 70.2
    },
    "OP": {
      "tradeable": true,
      "spread_pct": 0.008327,
      "bid_depth_50": 54349.98,
      "ask_depth_50": 93033.02,
      "bid_depth_100": 54349.98,
      "ask_depth_100": 93044.02,
      "bid_depth_500": 54349.98,
      "ask_depth_500": 93044.02,
      "imbalance": -0.2625,
      "score": 84.3
    },
    "PAXG": {
      "tradeable": true,
      "spread_pct": 0.00217,
      "bid_depth_50": 596781.27,
      "ask_depth_50": 468955.79,
      "bid_depth_100": 596781.27,
      "ask_depth_100": 468955.79,
      "bid_depth_500": 596781.27,
      "ask_depth_500": 468955.79,
      "imbalance": 0.1199,
      "score": 100
    },
    "PUMP": {
      "tradeable": false,
      "spread_pct": 0.05457,
      "bid_depth_50": 375926.07,
      "ask_depth_50": 437284.47,
      "bid_depth_100": 725783.78,
      "ask_depth_100": 793311.31,