{
  "timestamp": "2026-03-18T11:32:24.072363+00:00",
  "coins": {
    "BTC": {
      "tradeable": true,
      "spread_pct": 0.001367,
      "bid_depth_50": 2846525.73,
      "ask_depth_50": 256703.21,
      "bid_depth_100": 2846525.73,
      "ask_depth_100": 256703.21,
      "bid_depth_500": 2846525.73,
      "ask_depth_500": 256703.21,
      "imbalance": 0.8346,
      "score": 100
    },
    "ETH": {
      "tradeable": true,
      "spread_pct": 0.017569,
      "bid_depth_50": 3905063.75,
      "ask_depth_50": 3613338.37,
      "bid_depth_100": 3905063.75,
      "ask_depth_100": 3613338.37,
      "bid_depth_500": 3905063.75,
      "ask_depth_500": 3613338.37,
      "imbalance": 0.0388,
      "score": 92.4
    },
    "SOL": {
      "tradeable": true,
      "spread_pct": 0.001082,
      "bid_depth_50": 336786.76,
      "ask_depth_50": 173272.97,
      "bid_depth_100": 336786.76,
      "ask_depth_100": 173272.97,
      "bid_depth_500": 336786.76,
      "ask_depth_500": 173272.97,
      "imbalance": 0.3206,
      "score": 100
    },
    "DOGE": {
      "tradeable": true,
      "spread_pct": 0.003075,
      "bid_depth_50": 388026.88,
      "ask_depth_50": 447438.92,
      "bid_depth_100": 388026.88,
      "ask_depth_100": 447438.92,
      "bid_depth_500": 388026.88,
      "ask_depth_500": 447438.92,
      "imbalance": -0.0711,
      "score": 100
    },
    "AVAX": {
      "tradeable": true,
      "spread_pct": 0.01982,
      "bid_depth_50": 302434.71,
      "ask_depth_50": 154800.38,
      "bid_depth_100": 302434.71,
      "ask_depth_100": 154800.38,
      "bid_depth_500": 302434.71,
      "ask_depth_500": 154800.38,
      "imbalance": 0.3229,
      "score": 88.3
    },
    "LINK": {
      "tradeable": true,
      "spread_pct": 0.019745,
      "bid_depth_50": 184075.49,
      "ask_depth_50": 97081.66,
      "bid_depth_100": 184075.49,
      "ask_depth_100": 97081.66,
      "bid_depth_500": 184075.49,
      "ask_depth_500": 97081.66,
      "imbalance": 0.3094,
      "score": 80.5
    },
    "ARB": {
      "tradeable": false,
      "spread_pct": 0.084958,
      "bid_depth_50": 130442.92,
      "ask_depth_50": 185428.86,
      "bid_depth_100": 130442.92,
      "ask_depth_100": 185428.86,
      "bid_depth_500": 130442.92,
      "ask_depth_500": 185428.86,
      "imbalance": -0.1741,
      "score": 59.5
    },
    "NEAR": {
      "tradeable": true,
      "spread_pct": 0.048572,
      "bid_depth_50": 81449.71,
      "ask_depth_50": 53992.0,
      "bid_depth_100": 81449.71,
      "ask_depth_100": 53992.0,
      "bid_depth_500": 81449.71,
      "ask_depth_500": 53992.0,
      "imbalance": 0.2027,
      "score": 45.2
    },
    "SUI": {
      "tradeable": true,
      "spread_pct": 0.039675,
      "bid_depth_50": 307830.05,
      "ask_depth_50": 678164.95,
      "bid_depth_100": 307830.05,
      "ask_depth_100": 678164.95,
      "bid_depth_500": 307830.05,
      "ask_depth_500": 678164.95,
      "imbalance": -0.3756,
      "score": 70.3
    },
    "INJ": {
      "tradeable": false,
      "spread_pct": 0.094694,
      "bid_depth_50": 24730.0,
      "ask_depth_50": 34124.25,
      "bid_depth_100": 26861.02,
      "ask_depth_100": 34124.25,
      "bid_depth_500": 26861.02,
      "ask_depth_500": 34124.25,
      "imbalance": -0.1596,
      "score": 47.5
    }
  }
}