{
  "timestamp": "2026-03-24T05:54:32.999200+00:00",
  "coins": {
    "AAVE": {
      "tradeable": true,
      "spread_pct": 0.018342,
      "bid_depth_50": 235178.25,
      "ask_depth_50": 297895.16,
      "bid_depth_100": 235178.25,
      "ask_depth_100": 297895.16,
      "bid_depth_500": 235178.25,
      "ask_depth_500": 297895.16,
      "imbalance": -0.1177,
      "score": 91.7
    },
    "ADA": {
      "tradeable": true,
      "spread_pct": 0.003834,
      "bid_depth_50": 138877.21,
      "ask_depth_50": 120637.92,
      "bid_depth_100": 138877.21,
      "ask_depth_100": 120637.92,
      "bid_depth_500": 138877.21,
      "ask_depth_500": 120637.92,
      "imbalance": 0.0703,
      "score": 89.3
    },
    "APT": {
      "tradeable": true,
      "spread_pct": 0.018697,
      "bid_depth_50": 81309.57,
      "ask_depth_50": 63971.65,
      "bid_depth_100": 81309.57,
      "ask_depth_100": 63971.65,
      "bid_depth_500": 81309.57,
      "ask_depth_500": 63971.65,
      "imbalance": 0.1193,
      "score": 75.5
    },
    "ARB": {
      "tradeable": true,
      "spread_pct": 0.030997,
      "bid_depth_50": 101875.73,
      "ask_depth_50": 194097.56,
      "bid_depth_100": 101875.73,
      "ask_depth_100": 194097.56,
      "bid_depth_500": 101875.73,
      "ask_depth_500": 194097.56,
      "imbalance": -0.3116,
      "score": 69.9
    },
    "AVAX": {
      "tradeable": true,
      "spread_pct": 0.001049,
      "bid_depth_50": 46219.52,
      "ask_depth_50": 31531.29,
      "bid_depth_100": 46219.52,
      "ask_depth_100": 31531.29,
      "bid_depth_500": 46219.52,
      "ask_depth_500": 31531.29,
      "imbalance": 0.1889,
      "score": 81.2
    },
    "BCH": {
      "tradeable": true,
      "spread_pct": 0.002106,
      "bid_depth_50": 41873.12,
      "ask_depth_50": 54221.97,
      "bid_depth_100": 41873.12,
      "ask_depth_100": 54221.97,
      "bid_depth_500": 41873.12,
      "ask_depth_500": 54221.97,
      "imbalance": -0.1285,
      "score": 82.0
    },
    "BNB": {
      "tradeable": true,
      "spread_pct": 0.011126,
      "bid_depth_50": 111049.26,
      "ask_depth_50": 79597.64,
      "bid_depth_100": 111049.26,
      "ask_depth_100": 79597.64,
      "bid_depth_500": 111049.26,
      "ask_depth_500": 79597.64,
      "imbalance": 0.165,
      "score": 85.1
    },
    "BTC": {
      "tradeable": true,
      "spread_pct": 0.001422,
      "bid_depth_50": 10703369.73,
      "ask_depth_50": 4490305.52,
      "bid_depth_100": 10703369.73,
      "ask_depth_100": 4490305.52,
      "bid_depth_500": 10703369.73,
      "ask_depth_500": 4490305.52,
      "imbalance": 0.4089,
      "score": 100
    },
    "CRV": {
      "tradeable": true,
      "spread_pct": 0.02735,
      "bid_depth_50": 103667.67,
      "ask_depth_50": 87437.32,
      "bid_depth_100": 103667.67,
      "ask_depth_100": 87437.32,
      "bid_depth_500": 103667.67,
      "ask_depth_500": 87437.32,
      "imbalance": 0.0849,
      "score": 68.9
    },
    "DOGE": {
      "tradeable": true,
      "spread_pct": 0.001069,
      "bid_depth_50": 134637.05,
      "ask_depth_50": 282826.85,
      "bid_depth_100": 134637.05,
      "ask_depth_100": 282826.85,
      "bid_depth_500": 134637.05,
      "ask_depth_500": 282826.85,
      "imbalance": -0.355,
      "score": 96.3
    },
    "DOT": {
      "tradeable": true,
      "spread_pct": 0.021195,
      "bid_depth_50": 172265.72,
      "ask_depth_50": 141920.22,
      "bid_depth_100": 172265.72,
      "ask_depth_100": 141920.22,
      "bid_depth_500": 172265.72,
      "ask_depth_500": 141920.22,
      "imbalance": 0.0966,
      "score": 80.5
    },
    "ENA": {
      "tradeable": true,
      "spread_pct": 0.023863,
      "bid_depth_50": 16911.0,
      "ask_depth_50": 42728.66,
      "bid_depth_100": 16911.0,
      "ask_depth_100": 42728.66,
      "bid_depth_500": 16911.0,
      "ask_depth_500": 42728.66,
      "imbalance": -0.4329,
      "score": 66.6
    },
    "ETH": {
      "tradeable": true,
      "spread_pct": 0.004684,
      "bid_depth_50": 8021873.57,
      "ask_depth_50": 9192843.3,
      "bid_depth_100": 8021873.57,
      "ask_depth_100": 9192843.3,
      "bid_depth_500": 8021873.57,
      "ask_depth_500": 9192843.3,
      "imbalance": -0.068,
      "score": 100
    },
    "FARTCOIN": {
      "tradeable": true,
      "spread_pct": 0.039603,
      "bid_depth_50": 74305.88,
      "ask_depth_50": 70218.9,
      "bid_depth_100": 74305.88,
      "ask_depth_100": 70218.9,
      "bid_depth_500": 74305.88,
      "ask_depth_500": 70218.9,
      "imbalance": 0.0283,
      "score": 54.6
    },
    "HYPE": {
      "tradeable": true,
      "spread_pct": 0.002637,
      "bid_depth_50": 148946.76,
      "ask_depth_50": 422885.56,
      "bid_depth_100": 148946.76,
      "ask_depth_100": 422885.56,
      "bid_depth_500": 148946.76,
      "ask_depth_500": 422885.56,
      "imbalance": -0.4791,
      "score": 100
    },
    "INJ": {
      "tradeable": true,
      "spread_pct": 0.029469,
      "bid_depth_50": 24327.49,
      "ask_depth_50": 37625.99,
      "bid_depth_100": 24327.49,
      "ask_depth_100": 37625.99,
      "bid_depth_500": 24327.49,
      "ask_depth_500": 37625.99,
      "imbalance": -0.2147,
      "score": 61.1
    },
    "JUP": {
      "tradeable": true,
      "spread_pct": 0.045921,
      "bid_depth_50": 54934.11,
      "ask_depth_50": 50479.5,
      "bid_depth_100": 54934.11,
      "ask_depth_100": 50479.5,
      "bid_depth_500": 54934.11,
      "ask_depth_500": 50479.5,
      "imbalance": 0.0423,
      "score": 46.5
    },
    "LDO": {
      "tradeable": true,
      "spread_pct": 0.03088,
      "bid_depth_50": 58202.23,
      "ask_depth_50": 37156.05,
      "bid_depth_100": 58202.23,
      "ask_depth_100": 37156.05,
      "bid_depth_500": 58202.23,
      "ask_depth_500": 37156.05,
      "imbalance": 0.2207,
      "score": 61.1
    },
    "LINK": {
      "tradeable": true,
      "spread_pct": 0.013196,
      "bid_depth_50": 99989.3,
      "ask_depth_50": 91288.2,
      "bid_depth_100": 99989.3,
      "ask_depth_100": 91288.2,
      "bid_depth_500": 99989.3,
      "ask_depth_500": 91288.2,
      "imbalance": 0.0455,
      "score": 83.1
    },
    "LTC": {
      "tradeable": true,
      "spread_pct": 0.007213,
      "bid_depth_50": 116770.9,
      "ask_depth_50": 143338.44,
      "bid_depth_100": 116770.9,
      "ask_depth_100": 143338.44,
      "bid_depth_500": 116770.9,
      "ask_depth_500": 143338.44,
      "imbalance": -0.1021,
      "score": 89.3
    },
    "NEAR": {
      "tradeable": true,
      "spread_pct": 0.022926,
      "bid_depth_50": 108937.87,
      "ask_depth_50": 125035.36,
      "bid_depth_100": 108937.87,
      "ask_depth_100": 125035.36,
      "bid_depth_500": 108937.87,
      "ask_depth_500": 125035.36,
      "imbalance": -0.0688,
      "score": 75.3
    },
    "ONDO": {
      "tradeable": false,
      "spread_pct": 0.051543,
      "bid_depth_50": 61503.15,
      "ask_depth_50": 78960.93,
      "bid_depth_100": 61503.15,
      "ask_depth_100": 78960.93,
      "bid_depth_500": 61503.15,
      "ask_depth_500": 78960.93,
      "imbalance": -0.1243,
      "score": 53.9
    },
    "OP": {
      "tradeable": true,
      "spread_pct": 0.035336,
      "bid_depth_50": 51430.78,
      "ask_depth_50": 95145.64,
      "bid_depth_100": 51430.78,
      "ask_depth_100": 158522.85,
      "bid_depth_500": 51430.78,
      "ask_depth_500": 158522.85,
      "imbalance": -0.2982,
      "score": 61.8
    },
    "PAXG": {
      "tradeable": true,
      "spread_pct": 0.013753,
      "bid_depth_50": 326251.14,
      "ask_depth_50": 496938.09,
      "bid_depth_100": 326251.14,
      "ask_depth_100": 496938.09,
      "bid_depth_500": 326251.14,
      "ask_depth_500": 496938.09,
      "imbalance": -0.2073,
      "score": 96.2
    },
    "PUMP": {
      "tradeable": false,
      "spread_pct": 0.055975,
      "bid_depth_50": 311427.73,
      "ask_depth_50": 391882.17,
      "bid_depth_100": 599008.8,
      "ask_depth_100": 665215.14,