{
  "timestamp": "2026-03-20T02:10:13.340930+00:00",
  "coins": {
    "AAVE": {
      "tradeable": true,
      "spread_pct": 0.008931,
      "bid_depth_50": 264684.99,
      "ask_depth_50": 252991.77,
      "bid_depth_100": 264684.99,
      "ask_depth_100": 252991.77,
      "bid_depth_500": 264684.99,
      "ask_depth_500": 252991.77,
      "imbalance": 0.0226,
      "score": 100
    },
    "ADA": {
      "tradeable": true,
      "spread_pct": 0.011133,
      "bid_depth_50": 74174.27,
      "ask_depth_50": 101773.83,
      "bid_depth_100": 74174.27,
      "ask_depth_100": 101773.83,
      "bid_depth_500": 74174.27,
      "ask_depth_500": 101773.83,
      "imbalance": -0.1569,
      "score": 84.5
    },
    "APT": {
      "tradeable": true,
      "spread_pct": 0.020721,
      "bid_depth_50": 77139.48,
      "ask_depth_50": 107603.86,
      "bid_depth_100": 77139.48,
      "ask_depth_100": 107603.86,
      "bid_depth_500": 77139.48,
      "ask_depth_500": 107603.86,
      "imbalance": -0.1649,
      "score": 75.3
    },
    "ARB": {
      "tradeable": true,
      "spread_pct": 0.009981,
      "bid_depth_50": 141690.35,
      "ask_depth_50": 193449.46,
      "bid_depth_100": 141690.35,
      "ask_depth_100": 193449.46,
      "bid_depth_500": 141690.35,
      "ask_depth_500": 193449.46,
      "imbalance": -0.1544,
      "score": 92.7
    },
    "AVAX": {
      "tradeable": true,
      "spread_pct": 0.004193,
      "bid_depth_50": 96463.85,
      "ask_depth_50": 85036.45,
      "bid_depth_100": 96463.85,
      "ask_depth_100": 85036.45,
      "bid_depth_500": 96463.85,
      "ask_depth_500": 85036.45,
      "imbalance": 0.063,
      "score": 85.8
    },
    "BCH": {
      "tradeable": true,
      "spread_pct": 0.026055,
      "bid_depth_50": 115415.8,
      "ask_depth_50": 95770.26,
      "bid_depth_100": 115415.8,
      "ask_depth_100": 95770.26,
      "bid_depth_500": 115415.8,
      "ask_depth_500": 95770.26,
      "imbalance": 0.093,
      "score": 71.1
    },
    "BNB": {
      "tradeable": true,
      "spread_pct": 0.001559,
      "bid_depth_50": 63138.05,
      "ask_depth_50": 112583.01,
      "bid_depth_100": 63138.05,
      "ask_depth_100": 112583.01,
      "bid_depth_500": 63138.05,
      "ask_depth_500": 112583.01,
      "imbalance": -0.2814,
      "score": 85.6
    },
    "BTC": {
      "tradeable": true,
      "spread_pct": 0.001421,
      "bid_depth_50": 13664126.95,
      "ask_depth_50": 762061.9,
      "bid_depth_100": 13664126.95,
      "ask_depth_100": 762061.9,
      "bid_depth_500": 13664126.95,
      "ask_depth_500": 762061.9,
      "imbalance": 0.8944,
      "score": 100
    },
    "CRV": {
      "tradeable": true,
      "spread_pct": 0.020954,
      "bid_depth_50": 109318.1,
      "ask_depth_50": 85741.71,
      "bid_depth_100": 109318.1,
      "ask_depth_100": 85741.71,
      "bid_depth_500": 109318.1,
      "ask_depth_500": 85741.71,
      "imbalance": 0.1209,
      "score": 75.5
    },
    "DOGE": {
      "tradeable": true,
      "spread_pct": 0.006373,
      "bid_depth_50": 167004.15,
      "ask_depth_50": 248412.25,
      "bid_depth_100": 167004.15,
      "ask_depth_100": 248412.25,
      "bid_depth_500": 167004.15,
      "ask_depth_500": 248412.25,
      "imbalance": -0.196,
      "score": 96.2
    },
    "DOT": {
      "tradeable": true,
      "spread_pct": 0.006511,
      "bid_depth_50": 100573.91,
      "ask_depth_50": 90169.56,
      "bid_depth_100": 100573.91,
      "ask_depth_100": 90169.56,
      "bid_depth_500": 100573.91,
      "ask_depth_500": 90169.56,
      "imbalance": 0.0545,
      "score": 86.3
    },
    "ENA": {
      "tradeable": true,
      "spread_pct": 0.009613,
      "bid_depth_50": 225464.78,
      "ask_depth_50": 257462.91,
      "bid_depth_100": 225464.78,
      "ask_depth_100": 257462.91,
      "bid_depth_500": 225464.78,
      "ask_depth_500": 257462.91,
      "imbalance": -0.0663,
      "score": 99.2
    },
    "ETH": {
      "tradeable": true,
      "spread_pct": 0.004659,
      "bid_depth_50": 9241519.34,
      "ask_depth_50": 8664019.74,
      "bid_depth_100": 9241519.34,
      "ask_depth_100": 8664019.74,
      "bid_depth_500": 9241519.34,
      "ask_depth_500": 8664019.74,
      "imbalance": 0.0323,
      "score": 100
    },
    "FARTCOIN": {
      "tradeable": true,
      "spread_pct": 0.005018,
      "bid_depth_50": 55195.57,
      "ask_depth_50": 34055.26,
      "bid_depth_100": 55195.57,
      "ask_depth_100": 34055.26,
      "bid_depth_500": 55195.57,
      "ask_depth_500": 34055.26,
      "imbalance": 0.2369,
      "score": 81.7
    },
    "HYPE": {
      "tradeable": true,
      "spread_pct": 0.0125,
      "bid_depth_50": 139157.11,
      "ask_depth_50": 91121.26,
      "bid_depth_100": 139157.11,
      "ask_depth_100": 91121.26,
      "bid_depth_500": 139157.11,
      "ask_depth_500": 91121.26,
      "imbalance": 0.2086,
      "score": 85.5
    },
    "INJ": {
      "tradeable": true,
      "spread_pct": 0.038447,
      "bid_depth_50": 45621.14,
      "ask_depth_50": 30706.95,
      "bid_depth_100": 45621.14,
      "ask_depth_100": 30706.95,
      "bid_depth_500": 45621.14,
      "ask_depth_500": 30706.95,
      "imbalance": 0.1954,
      "score": 52.7
    },
    "JUP": {
      "tradeable": true,
      "spread_pct": 0.037332,
      "bid_depth_50": 48223.99,
      "ask_depth_50": 41327.55,
      "bid_depth_100": 48223.99,
      "ask_depth_100": 41327.55,
      "bid_depth_500": 48223.99,
      "ask_depth_500": 41327.55,
      "imbalance": 0.077,
      "score": 54.4
    },
    "LDO": {
      "tradeable": true,
      "spread_pct": 0.016648,
      "bid_depth_50": 40153.67,
      "ask_depth_50": 48240.83,
      "bid_depth_100": 40153.67,
      "ask_depth_100": 48240.83,
      "bid_depth_500": 40153.67,
      "ask_depth_500": 48240.83,
      "imbalance": -0.0915,
      "score": 75.1
    },
    "LINK": {
      "tradeable": true,
      "spread_pct": 0.021974,
      "bid_depth_50": 128684.36,
      "ask_depth_50": 72524.58,
      "bid_depth_100": 128684.36,
      "ask_depth_100": 72524.58,
      "bid_depth_500": 128684.36,
      "ask_depth_500": 72524.58,
      "imbalance": 0.2791,
      "score": 74.7
    },
    "LTC": {
      "tradeable": true,
      "spread_pct": 0.005371,
      "bid_depth_50": 115728.91,
      "ask_depth_50": 129753.15,
      "bid_depth_100": 115728.91,
      "ask_depth_100": 129753.15,
      "bid_depth_500": 115728.91,
      "ask_depth_500": 129753.15,
      "imbalance": -0.0571,
      "score": 88.7
    },
    "NEAR": {
      "tradeable": true,
      "spread_pct": 0.022161,
      "bid_depth_50": 128060.38,
      "ask_depth_50": 138746.98,
      "bid_depth_100": 128060.38,
      "ask_depth_100": 138746.98,
      "bid_depth_500": 128060.38,
      "ask_depth_500": 138746.98,
      "imbalance": -0.0401,
      "score": 77.5
    },
    "ONDO": {
      "tradeable": true,
      "spread_pct": 0.038551,
      "bid_depth_50": 63902.12,
      "ask_depth_50": 72421.07,
      "bid_depth_100": 63902.12,
      "ask_depth_100": 72421.07,
      "bid_depth_500": 63902.12,
      "ask_depth_500": 72421.07,
      "imbalance": -0.0625,
      "score": 55.3
    },
    "OP": {
      "tradeable": true,
      "spread_pct": 0.040705,
      "bid_depth_50": 95131.71,
      "ask_depth_50": 81072.93,
      "bid_depth_100": 186584.66,
      "ask_depth_100": 81072.93,
      "bid_depth_500": 186584.66,
      "ask_depth_500": 81072.93,
      "imbalance": 0.0798,
      "score": 59.0
    },
    "PAXG": {
      "tradeable": true,
      "spread_pct": 0.012786,
      "bid_depth_50": 392150.49,
      "ask_depth_50": 433655.95,
      "bid_depth_100": 392150.49,
      "ask_depth_100": 433655.95,
      "bid_depth_500": 392150.49,
      "ask_depth_500": 433655.95,
      "imbalance": -0.0503,
      "score": 97.2
    },
    "PUMP": {
      "tradeable": false,
      "spread_pct": 0.053605,
      "bid_depth_50": 352759.3,
      "ask_depth_50": 365678.91,
      "bid_depth_100": 693355.52,
      "ask_depth_100": 824386.82,