{
  "timestamp": "2026-03-26T05:20:05.111941+00:00",
  "coins": {
    "AAVE": {
      "tradeable": true,
      "spread_pct": 0.018215,
      "bid_depth_50": 237614.09,
      "ask_depth_50": 401099.9,
      "bid_depth_100": 237614.09,
      "ask_depth_100": 401099.9,
      "bid_depth_500": 237614.09,
      "ask_depth_500": 401099.9,
      "imbalance": -0.256,
      "score": 91.8
    },
    "ADA": {
      "tradeable": true,
      "spread_pct": 0.022674,
      "bid_depth_50": 109110.47,
      "ask_depth_50": 119444.66,
      "bid_depth_100": 109110.47,
      "ask_depth_100": 119444.66,
      "bid_depth_500": 109110.47,
      "ask_depth_500": 119444.66,
      "imbalance": -0.0452,
      "score": 75.3
    },
    "APT": {
      "tradeable": true,
      "spread_pct": 0.028781,
      "bid_depth_50": 73616.33,
      "ask_depth_50": 198061.25,
      "bid_depth_100": 73616.33,
      "ask_depth_100": 198061.25,
      "bid_depth_500": 73616.33,
      "ask_depth_500": 198061.25,
      "imbalance": -0.4581,
      "score": 71.1
    },
    "ARB": {
      "tradeable": true,
      "spread_pct": 0.020743,
      "bid_depth_50": 207496.69,
      "ask_depth_50": 240566.23,
      "bid_depth_100": 207496.69,
      "ask_depth_100": 240566.23,
      "bid_depth_500": 207496.69,
      "ask_depth_500": 240566.23,
      "imbalance": -0.0738,
      "score": 86.9
    },
    "AVAX": {
      "tradeable": true,
      "spread_pct": 0.014712,
      "bid_depth_50": 84520.58,
      "ask_depth_50": 63468.34,
      "bid_depth_100": 84520.58,
      "ask_depth_100": 63468.34,
      "bid_depth_500": 84520.58,
      "ask_depth_500": 63468.34,
      "imbalance": 0.1423,
      "score": 79.6
    },
    "BCH": {
      "tradeable": true,
      "spread_pct": 0.014907,
      "bid_depth_50": 106606.02,
      "ask_depth_50": 86254.57,
      "bid_depth_100": 106606.02,
      "ask_depth_100": 86254.57,
      "bid_depth_500": 106606.02,
      "ask_depth_500": 86254.57,
      "imbalance": 0.1055,
      "score": 81.4
    },
    "BNB": {
      "tradeable": true,
      "spread_pct": 0.012515,
      "bid_depth_50": 72082.19,
      "ask_depth_50": 59684.78,
      "bid_depth_100": 72082.19,
      "ask_depth_100": 59684.78,
      "bid_depth_500": 72082.19,
      "ask_depth_500": 59684.78,
      "imbalance": 0.0941,
      "score": 81.1
    },
    "BTC": {
      "tradeable": true,
      "spread_pct": 0.001417,
      "bid_depth_50": 2618157.83,
      "ask_depth_50": 4398713.3,
      "bid_depth_100": 2618157.83,
      "ask_depth_100": 4398713.3,
      "bid_depth_500": 2618157.83,
      "ask_depth_500": 4398713.3,
      "imbalance": -0.2538,
      "score": 100
    },
    "CRV": {
      "tradeable": true,
      "spread_pct": 0.026204,
      "bid_depth_50": 99700.59,
      "ask_depth_50": 54320.09,
      "bid_depth_100": 99700.59,
      "ask_depth_100": 54320.09,
      "bid_depth_500": 99700.59,
      "ask_depth_500": 54320.09,
      "imbalance": 0.2946,
      "score": 68.4
    },
    "DOGE": {
      "tradeable": true,
      "spread_pct": 0.007456,
      "bid_depth_50": 136751.87,
      "ask_depth_50": 420284.98,
      "bid_depth_100": 136751.87,
      "ask_depth_100": 420284.98,
      "bid_depth_500": 136751.87,
      "ask_depth_500": 420284.98,
      "imbalance": -0.509,
      "score": 100
    },
    "DOT": {
      "tradeable": true,
      "spread_pct": 0.0225,
      "bid_depth_50": 69123.93,
      "ask_depth_50": 143332.85,
      "bid_depth_100": 69123.93,
      "ask_depth_100": 143332.85,
      "bid_depth_500": 69123.93,
      "ask_depth_500": 143332.85,
      "imbalance": -0.3493,
      "score": 74.7
    },
    "ENA": {
      "tradeable": true,
      "spread_pct": 0.028754,
      "bid_depth_50": 214251.09,
      "ask_depth_50": 274411.5,
      "bid_depth_100": 214251.09,
      "ask_depth_100": 274411.5,
      "bid_depth_500": 214251.09,
      "ask_depth_500": 274411.5,
      "imbalance": -0.1231,
      "score": 80.7
    },
    "ETH": {
      "tradeable": true,
      "spread_pct": 0.004671,
      "bid_depth_50": 6690896.54,
      "ask_depth_50": 15567467.14,
      "bid_depth_100": 6690896.54,
      "ask_depth_100": 15567467.14,
      "bid_depth_500": 6690896.54,
      "ask_depth_500": 15567467.14,
      "imbalance": -0.3988,
      "score": 100
    },
    "FARTCOIN": {
      "tradeable": false,
      "spread_pct": 0.058869,
      "bid_depth_50": 78758.22,
      "ask_depth_50": 116609.49,
      "bid_depth_100": 78758.22,
      "ask_depth_100": 116609.49,
      "bid_depth_500": 78758.22,
      "ask_depth_500": 116609.49,
      "imbalance": -0.1937,
      "score": 55.9
    },
    "HYPE": {
      "tradeable": true,
      "spread_pct": 0.012761,
      "bid_depth_50": 117346.92,
      "ask_depth_50": 138784.89,
      "bid_depth_100": 117346.92,
      "ask_depth_100": 138784.89,
      "bid_depth_500": 117346.92,
      "ask_depth_500": 138784.89,
      "imbalance": -0.0837,
      "score": 86.4
    },
    "INJ": {
      "tradeable": true,
      "spread_pct": 0.033001,
      "bid_depth_50": 32845.08,
      "ask_depth_50": 29503.27,
      "bid_depth_100": 32845.08,
      "ask_depth_100": 29503.27,
      "bid_depth_500": 32845.08,
      "ask_depth_500": 29503.27,
      "imbalance": 0.0536,
      "score": 57.5
    },
    "JUP": {
      "tradeable": true,
      "spread_pct": 0.039318,
      "bid_depth_50": 60272.47,
      "ask_depth_50": 43846.02,
      "bid_depth_100": 60272.47,
      "ask_depth_100": 43846.02,
      "bid_depth_500": 60272.47,
      "ask_depth_500": 43846.02,
      "imbalance": 0.1578,
      "score": 53.1
    },
    "LDO": {
      "tradeable": true,
      "spread_pct": 0.040602,
      "bid_depth_50": 74974.32,
      "ask_depth_50": 32613.89,
      "bid_depth_100": 74974.32,
      "ask_depth_100": 32613.89,
      "bid_depth_500": 74974.32,
      "ask_depth_500": 32613.89,
      "imbalance": 0.3937,
      "score": 52.0
    },
    "LINK": {
      "tradeable": true,
      "spread_pct": 0.01088,
      "bid_depth_50": 144401.88,
      "ask_depth_50": 102447.71,
      "bid_depth_100": 144401.88,
      "ask_depth_100": 102447.71,
      "bid_depth_500": 144401.88,
      "ask_depth_500": 102447.71,
      "imbalance": 0.17,
      "score": 87.9
    },
    "LTC": {
      "tradeable": true,
      "spread_pct": 0.019743,
      "bid_depth_50": 116568.72,
      "ask_depth_50": 139941.45,
      "bid_depth_100": 116568.72,
      "ask_depth_100": 139941.45,
      "bid_depth_500": 116568.72,
      "ask_depth_500": 139941.45,
      "imbalance": -0.0911,
      "score": 79.4
    },
    "NEAR": {
      "tradeable": true,
      "spread_pct": 0.008061,
      "bid_depth_50": 134688.06,
      "ask_depth_50": 125225.31,
      "bid_depth_100": 134688.06,
      "ask_depth_100": 125225.31,
      "bid_depth_500": 134688.06,
      "ask_depth_500": 125225.31,
      "imbalance": 0.0364,
      "score": 89.3
    },
    "ONDO": {
      "tradeable": true,
      "spread_pct": 0.037612,
      "bid_depth_50": 69645.17,
      "ask_depth_50": 45795.86,
      "bid_depth_100": 69645.17,
      "ask_depth_100": 45795.86,
      "bid_depth_500": 69645.17,
      "ask_depth_500": 45795.86,
      "imbalance": 0.2066,
      "score": 55.3
    },
    "OP": {
      "tradeable": true,
      "spread_pct": 0.026909,
      "bid_depth_50": 47661.77,
      "ask_depth_50": 72400.34,
      "bid_depth_100": 128659.38,
      "ask_depth_100": 72400.34,
      "bid_depth_500": 128659.38,
      "ask_depth_500": 72400.34,
      "imbalance": -0.206,
      "score": 69.8
    },
    "PAXG": {
      "tradeable": true,
      "spread_pct": 0.002217,
      "bid_depth_50": 618647.85,
      "ask_depth_50": 677046.37,
      "bid_depth_100": 618647.85,
      "ask_depth_100": 677046.37,
      "bid_depth_500": 618647.85,
      "ask_depth_500": 677046.37,
      "imbalance": -0.0451,
      "score": 100
    },
    "PUMP": {
      "tradeable": false,
      "spread_pct": 0.108342,
      "bid_depth_50": 423390.92,
      "ask_depth_50": 375021.12,
      "bid_depth_100": 782299.28,