{
  "timestamp": "2026-03-19T09:58:13.711619+00:00",
  "coins": {
    "AAVE": {
      "tradeable": true,
      "spread_pct": 0.017328,
      "bid_depth_50": 253949.91,
      "ask_depth_50": 216653.04,
      "bid_depth_100": 253949.91,
      "ask_depth_100": 216653.04,
      "bid_depth_500": 253949.91,
      "ask_depth_500": 216653.04,
      "imbalance": 0.0793,
      "score": 91.4
    },
    "ADA": {
      "tradeable": true,
      "spread_pct": 0.025795,
      "bid_depth_50": 123111.36,
      "ask_depth_50": 119499.88,
      "bid_depth_100": 123111.36,
      "ask_depth_100": 119499.88,
      "bid_depth_500": 123111.36,
      "ask_depth_500": 119499.88,
      "imbalance": 0.0149,
      "score": 72.8
    },
    "APT": {
      "tradeable": true,
      "spread_pct": 0.010336,
      "bid_depth_50": 170387.86,
      "ask_depth_50": 53173.45,
      "bid_depth_100": 170387.86,
      "ask_depth_100": 53173.45,
      "bid_depth_500": 170387.86,
      "ask_depth_500": 53173.45,
      "imbalance": 0.5243,
      "score": 87.4
    },
    "ARB": {
      "tradeable": true,
      "spread_pct": 0.009881,
      "bid_depth_50": 225525.45,
      "ask_depth_50": 170268.82,
      "bid_depth_100": 225525.45,
      "ask_depth_100": 170268.82,
      "bid_depth_500": 225525.45,
      "ask_depth_500": 170268.82,
      "imbalance": 0.1396,
      "score": 95.4
    },
    "AVAX": {
      "tradeable": true,
      "spread_pct": 0.001041,
      "bid_depth_50": 462850.88,
      "ask_depth_50": 127952.86,
      "bid_depth_100": 462850.88,
      "ask_depth_100": 127952.86,
      "bid_depth_500": 462850.88,
      "ask_depth_500": 127952.86,
      "imbalance": 0.5669,
      "score": 100
    },
    "BCH": {
      "tradeable": true,
      "spread_pct": 0.002175,
      "bid_depth_50": 152682.77,
      "ask_depth_50": 83985.23,
      "bid_depth_100": 152682.77,
      "ask_depth_100": 83985.23,
      "bid_depth_500": 152682.77,
      "ask_depth_500": 83985.23,
      "imbalance": 0.2903,
      "score": 88.3
    },
    "BNB": {
      "tradeable": true,
      "spread_pct": 0.015434,
      "bid_depth_50": 154113.52,
      "ask_depth_50": 117685.89,
      "bid_depth_100": 154113.52,
      "ask_depth_100": 117685.89,
      "bid_depth_500": 154113.52,
      "ask_depth_500": 117685.89,
      "imbalance": 0.134,
      "score": 84.4
    },
    "BTC": {
      "tradeable": true,
      "spread_pct": 0.001419,
      "bid_depth_50": 1546076.67,
      "ask_depth_50": 3259098.97,
      "bid_depth_100": 1546076.67,
      "ask_depth_100": 3259098.97,
      "bid_depth_500": 1546076.67,
      "ask_depth_500": 3259098.97,
      "imbalance": -0.3565,
      "score": 100
    },
    "CRV": {
      "tradeable": false,
      "spread_pct": 0.075459,
      "bid_depth_50": 98216.49,
      "ask_depth_50": 99308.7,
      "bid_depth_100": 98216.49,
      "ask_depth_100": 99308.7,
      "bid_depth_500": 98216.49,
      "ask_depth_500": 99308.7,
      "imbalance": -0.0055,
      "score": 54.9
    },
    "DOGE": {
      "tradeable": true,
      "spread_pct": 0.001052,
      "bid_depth_50": 220130.88,
      "ask_depth_50": 227132.32,
      "bid_depth_100": 220130.88,
      "ask_depth_100": 227132.32,
      "bid_depth_500": 220130.88,
      "ask_depth_500": 227132.32,
      "imbalance": -0.0157,
      "score": 97.7
    },
    "DOT": {
      "tradeable": true,
      "spread_pct": 0.032364,
      "bid_depth_50": 101159.48,
      "ask_depth_50": 127137.16,
      "bid_depth_100": 101159.48,
      "ask_depth_100": 127137.16,
      "bid_depth_500": 101159.48,
      "ask_depth_500": 127137.16,
      "imbalance": -0.1138,
      "score": 65.6
    },
    "ENA": {
      "tradeable": true,
      "spread_pct": 0.019133,
      "bid_depth_50": 248241.39,
      "ask_depth_50": 245816.65,
      "bid_depth_100": 248241.39,
      "ask_depth_100": 245816.65,
      "bid_depth_500": 248241.39,
      "ask_depth_500": 245816.65,
      "imbalance": 0.0049,
      "score": 90.6
    },
    "ETH": {
      "tradeable": true,
      "spread_pct": 0.004571,
      "bid_depth_50": 8934159.25,
      "ask_depth_50": 5483510.36,
      "bid_depth_100": 8934159.25,
      "ask_depth_100": 5483510.36,
      "bid_depth_500": 8934159.25,
      "ask_depth_500": 5483510.36,
      "imbalance": 0.2393,
      "score": 100
    },
    "FARTCOIN": {
      "tradeable": true,
      "spread_pct": 0.015544,
      "bid_depth_50": 47321.3,
      "ask_depth_50": 40629.01,
      "bid_depth_100": 47321.3,
      "ask_depth_100": 40629.01,
      "bid_depth_500": 47321.3,
      "ask_depth_500": 40629.01,
      "imbalance": 0.0761,
      "score": 76.1
    },
    "HYPE": {
      "tradeable": true,
      "spread_pct": 0.022582,
      "bid_depth_50": 78766.99,
      "ask_depth_50": 150451.73,
      "bid_depth_100": 78766.99,
      "ask_depth_100": 150451.73,
      "bid_depth_500": 78766.99,
      "ask_depth_500": 150451.73,
      "imbalance": -0.3127,
      "score": 75.4
    },
    "INJ": {
      "tradeable": true,
      "spread_pct": 0.039594,
      "bid_depth_50": 29390.73,
      "ask_depth_50": 29491.41,
      "bid_depth_100": 29390.73,
      "ask_depth_100": 191850.91,
      "bid_depth_500": 29390.73,
      "ask_depth_500": 191850.91,
      "imbalance": -0.0017,
      "score": 58.0
    },
    "JUP": {
      "tradeable": true,
      "spread_pct": 0.03678,
      "bid_depth_50": 54564.71,
      "ask_depth_50": 44951.58,
      "bid_depth_100": 54564.71,
      "ask_depth_100": 44951.58,
      "bid_depth_500": 54564.71,
      "ask_depth_500": 44951.58,
      "imbalance": 0.0966,
      "score": 55.4
    },
    "LDO": {
      "tradeable": true,
      "spread_pct": 0.019899,
      "bid_depth_50": 36092.07,
      "ask_depth_50": 46710.26,
      "bid_depth_100": 36092.07,
      "ask_depth_100": 46710.26,
      "bid_depth_500": 36092.07,
      "ask_depth_500": 46710.26,
      "imbalance": -0.1282,
      "score": 71.6
    },
    "LINK": {
      "tradeable": true,
      "spread_pct": 0.001092,
      "bid_depth_50": 85714.17,
      "ask_depth_50": 140759.11,
      "bid_depth_100": 85714.17,
      "ask_depth_100": 140759.11,
      "bid_depth_500": 85714.17,
      "ask_depth_500": 140759.11,
      "imbalance": -0.2431,
      "score": 87.8
    },
    "LTC": {
      "tradeable": true,
      "spread_pct": 0.014393,
      "bid_depth_50": 166905.17,
      "ask_depth_50": 118073.95,
      "bid_depth_100": 166905.17,
      "ask_depth_100": 118073.95,
      "bid_depth_500": 166905.17,
      "ask_depth_500": 118073.95,
      "imbalance": 0.1714,
      "score": 86.1
    },
    "NEAR": {
      "tradeable": true,
      "spread_pct": 0.02941,
      "bid_depth_50": 159748.64,
      "ask_depth_50": 124828.82,
      "bid_depth_100": 159748.64,
      "ask_depth_100": 124828.82,
      "bid_depth_500": 159748.64,
      "ask_depth_500": 124828.82,
      "imbalance": 0.1227,
      "score": 71.0
    },
    "ONDO": {
      "tradeable": true,
      "spread_pct": 0.015213,
      "bid_depth_50": 44957.11,
      "ask_depth_50": 76354.9,
      "bid_depth_100": 44957.11,
      "ask_depth_100": 76354.9,
      "bid_depth_500": 44957.11,
      "ask_depth_500": 76354.9,
      "imbalance": -0.2588,
      "score": 78.0
    },
    "OP": {
      "tradeable": true,
      "spread_pct": 0.032483,
      "bid_depth_50": 38386.56,
      "ask_depth_50": 81392.86,
      "bid_depth_100": 40003.01,
      "ask_depth_100": 81392.86,
      "bid_depth_500": 40003.01,
      "ask_depth_500": 81392.86,
      "imbalance": -0.359,
      "score": 60.7
    },
    "PAXG": {
      "tradeable": true,
      "spread_pct": 0.010639,
      "bid_depth_50": 666473.45,
      "ask_depth_50": 385469.65,
      "bid_depth_100": 666473.45,
      "ask_depth_100": 385469.65,
      "bid_depth_500": 666473.45,
      "ask_depth_500": 385469.65,
      "imbalance": 0.2671,
      "score": 99.4
    },
    "PUMP": {
      "tradeable": false,
      "spread_pct": 0.105374,
      "bid_depth_50": 391379.91,
      "ask_depth_50": 444485.47,
      "bid_depth_100": 733250.4,