{
  "timestamp": "2026-03-19T11:22:09.779054+00:00",
  "coins": {
    "AAVE": {
      "tradeable": true,
      "spread_pct": 0.008696,
      "bid_depth_50": 241153.05,
      "ask_depth_50": 414279.68,
      "bid_depth_100": 241153.05,
      "ask_depth_100": 414279.68,
      "bid_depth_500": 241153.05,
      "ask_depth_500": 414279.68,
      "imbalance": -0.2641,
      "score": 100
    },
    "ADA": {
      "tradeable": true,
      "spread_pct": 0.033404,
      "bid_depth_50": 134329.82,
      "ask_depth_50": 104548.52,
      "bid_depth_100": 134329.82,
      "ask_depth_100": 104548.52,
      "bid_depth_500": 134329.82,
      "ask_depth_500": 104548.52,
      "imbalance": 0.1247,
      "score": 65.0
    },
    "APT": {
      "tradeable": true,
      "spread_pct": 0.020736,
      "bid_depth_50": 104645.74,
      "ask_depth_50": 102335.22,
      "bid_depth_100": 104645.74,
      "ask_depth_100": 102335.22,
      "bid_depth_500": 104645.74,
      "ask_depth_500": 102335.22,
      "imbalance": 0.0112,
      "score": 76.2
    },
    "ARB": {
      "tradeable": true,
      "spread_pct": 0.019902,
      "bid_depth_50": 166022.65,
      "ask_depth_50": 194554.27,
      "bid_depth_100": 166022.65,
      "ask_depth_100": 194554.27,
      "bid_depth_500": 166022.65,
      "ask_depth_500": 194554.27,
      "imbalance": -0.0791,
      "score": 83.9
    },
    "AVAX": {
      "tradeable": true,
      "spread_pct": 0.027231,
      "bid_depth_50": 133139.66,
      "ask_depth_50": 114218.75,
      "bid_depth_100": 133139.66,
      "ask_depth_100": 114218.75,
      "bid_depth_500": 133139.66,
      "ask_depth_500": 114218.75,
      "imbalance": 0.0765,
      "score": 71.5
    },
    "BCH": {
      "tradeable": true,
      "spread_pct": 0.024052,
      "bid_depth_50": 137754.3,
      "ask_depth_50": 84528.13,
      "bid_depth_100": 137754.3,
      "ask_depth_100": 84528.13,
      "bid_depth_500": 137754.3,
      "ask_depth_500": 84528.13,
      "imbalance": 0.2395,
      "score": 73.6
    },
    "BNB": {
      "tradeable": true,
      "spread_pct": 0.015499,
      "bid_depth_50": 107976.91,
      "ask_depth_50": 88852.83,
      "bid_depth_100": 107976.91,
      "ask_depth_100": 88852.83,
      "bid_depth_500": 107976.91,
      "ask_depth_500": 88852.83,
      "imbalance": 0.0972,
      "score": 81.0
    },
    "BTC": {
      "tradeable": true,
      "spread_pct": 0.001425,
      "bid_depth_50": 2050264.74,
      "ask_depth_50": 5020200.74,
      "bid_depth_100": 2050264.74,
      "ask_depth_100": 5020200.74,
      "bid_depth_500": 2050264.74,
      "ask_depth_500": 5020200.74,
      "imbalance": -0.42,
      "score": 100
    },
    "CRV": {
      "tradeable": false,
      "spread_pct": 0.07152,
      "bid_depth_50": 109537.59,
      "ask_depth_50": 106033.59,
      "bid_depth_100": 109537.59,
      "ask_depth_100": 106033.59,
      "bid_depth_500": 109537.59,
      "ask_depth_500": 106033.59,
      "imbalance": 0.0163,
      "score": 55.9
    },
    "DOGE": {
      "tradeable": true,
      "spread_pct": 0.001062,
      "bid_depth_50": 278538.77,
      "ask_depth_50": 180828.83,
      "bid_depth_100": 278538.77,
      "ask_depth_100": 180828.83,
      "bid_depth_500": 278538.77,
      "ask_depth_500": 180828.83,
      "imbalance": 0.2127,
      "score": 98.2
    },
    "DOT": {
      "tradeable": true,
      "spread_pct": 0.006515,
      "bid_depth_50": 106930.22,
      "ask_depth_50": 249177.89,
      "bid_depth_100": 106930.22,
      "ask_depth_100": 249177.89,
      "bid_depth_500": 106930.22,
      "ask_depth_500": 249177.89,
      "imbalance": -0.3995,
      "score": 93.6
    },
    "ENA": {
      "tradeable": false,
      "spread_pct": 0.058055,
      "bid_depth_50": 253579.04,
      "ask_depth_50": 2734557.43,
      "bid_depth_100": 253579.04,
      "ask_depth_100": 2734557.43,
      "bid_depth_500": 253579.04,
      "ask_depth_500": 2734557.43,
      "imbalance": -0.8303,
      "score": 69.5
    },
    "ETH": {
      "tradeable": true,
      "spread_pct": 0.0046,
      "bid_depth_50": 8272945.08,
      "ask_depth_50": 8289379.75,
      "bid_depth_100": 8272945.08,
      "ask_depth_100": 8289379.75,
      "bid_depth_500": 8272945.08,
      "ask_depth_500": 8289379.75,
      "imbalance": -0.001,
      "score": 100
    },
    "FARTCOIN": {
      "tradeable": true,
      "spread_pct": 0.005132,
      "bid_depth_50": 48936.25,
      "ask_depth_50": 41042.22,
      "bid_depth_100": 48936.25,
      "ask_depth_100": 41042.22,
      "bid_depth_500": 48936.25,
      "ask_depth_500": 41042.22,
      "imbalance": 0.0877,
      "score": 81.8
    },
    "HYPE": {
      "tradeable": true,
      "spread_pct": 0.002512,
      "bid_depth_50": 306397.82,
      "ask_depth_50": 161668.5,
      "bid_depth_100": 306397.82,
      "ask_depth_100": 161668.5,
      "bid_depth_500": 306397.82,
      "ask_depth_500": 161668.5,
      "imbalance": 0.3092,
      "score": 98.6
    },
    "INJ": {
      "tradeable": true,
      "spread_pct": 0.036552,
      "bid_depth_50": 34396.44,
      "ask_depth_50": 185305.98,
      "bid_depth_100": 34396.44,
      "ask_depth_100": 187530.24,
      "bid_depth_500": 34396.44,
      "ask_depth_500": 187530.24,
      "imbalance": -0.6869,
      "score": 61.1
    },
    "JUP": {
      "tradeable": true,
      "spread_pct": 0.030778,
      "bid_depth_50": 37358.93,
      "ask_depth_50": 52740.83,
      "bid_depth_100": 37358.93,
      "ask_depth_100": 52740.83,
      "bid_depth_500": 37358.93,
      "ask_depth_500": 52740.83,
      "imbalance": -0.1707,
      "score": 61.0
    },
    "LDO": {
      "tradeable": true,
      "spread_pct": 0.033307,
      "bid_depth_50": 31749.18,
      "ask_depth_50": 62756.94,
      "bid_depth_100": 31749.18,
      "ask_depth_100": 62756.94,
      "bid_depth_500": 31749.18,
      "ask_depth_500": 62756.94,
      "imbalance": -0.3281,
      "score": 58.7
    },
    "LINK": {
      "tradeable": true,
      "spread_pct": 0.010954,
      "bid_depth_50": 120060.32,
      "ask_depth_50": 127903.2,
      "bid_depth_100": 120060.32,
      "ask_depth_100": 127903.2,
      "bid_depth_500": 120060.32,
      "ask_depth_500": 127903.2,
      "imbalance": -0.0316,
      "score": 87.8
    },
    "LTC": {
      "tradeable": true,
      "spread_pct": 0.007222,
      "bid_depth_50": 161727.92,
      "ask_depth_50": 165306.33,
      "bid_depth_100": 161727.92,
      "ask_depth_100": 165306.33,
      "bid_depth_500": 161727.92,
      "ask_depth_500": 165306.33,
      "imbalance": -0.0109,
      "score": 92.3
    },
    "NEAR": {
      "tradeable": true,
      "spread_pct": 0.029501,
      "bid_depth_50": 183942.36,
      "ask_depth_50": 157720.57,
      "bid_depth_100": 183942.36,
      "ask_depth_100": 157720.57,
      "bid_depth_500": 183942.36,
      "ask_depth_500": 157720.57,
      "imbalance": 0.0767,
      "score": 73.5
    },
    "ONDO": {
      "tradeable": true,
      "spread_pct": 0.034523,
      "bid_depth_50": 52980.13,
      "ask_depth_50": 81702.66,
      "bid_depth_100": 52980.13,
      "ask_depth_100": 81702.66,
      "bid_depth_500": 52980.13,
      "ask_depth_500": 81702.66,
      "imbalance": -0.2133,
      "score": 59.2
    },
    "OP": {
      "tradeable": true,
      "spread_pct": 0.024561,
      "bid_depth_50": 35451.81,
      "ask_depth_50": 78429.44,
      "bid_depth_100": 37075.18,
      "ask_depth_100": 78429.44,
      "bid_depth_500": 37075.18,
      "ask_depth_500": 78429.44,
      "imbalance": -0.3774,
      "score": 68.4
    },
    "PAXG": {
      "tradeable": true,
      "spread_pct": 0.017081,
      "bid_depth_50": 586847.85,
      "ask_depth_50": 483539.37,
      "bid_depth_100": 586847.85,
      "ask_depth_100": 483539.37,
      "bid_depth_500": 586847.85,
      "ask_depth_500": 483539.37,
      "imbalance": 0.0965,
      "score": 92.9
    },
    "PUMP": {
      "tradeable": false,
      "spread_pct": 0.052729,
      "bid_depth_50": 351652.98,
      "ask_depth_50": 388581.45,
      "bid_depth_100": 730600.27,