{
  "timestamp": "2026-03-23T08:16:42.532337+00:00",
  "coins": {
    "AAVE": {
      "tradeable": true,
      "spread_pct": 0.018838,
      "bid_depth_50": 275592.56,
      "ask_depth_50": 294660.11,
      "bid_depth_100": 275592.56,
      "ask_depth_100": 294660.11,
      "bid_depth_500": 275592.56,
      "ask_depth_500": 294660.11,
      "imbalance": -0.0334,
      "score": 91.2
    },
    "ADA": {
      "tradeable": true,
      "spread_pct": 0.027925,
      "bid_depth_50": 90822.14,
      "ask_depth_50": 117226.6,
      "bid_depth_100": 90822.14,
      "ask_depth_100": 117226.6,
      "bid_depth_500": 90822.14,
      "ask_depth_500": 117226.6,
      "imbalance": -0.1269,
      "score": 69.1
    },
    "APT": {
      "tradeable": true,
      "spread_pct": 0.021782,
      "bid_depth_50": 78480.75,
      "ask_depth_50": 85010.42,
      "bid_depth_100": 78480.75,
      "ask_depth_100": 85010.42,
      "bid_depth_500": 78480.75,
      "ask_depth_500": 85010.42,
      "imbalance": -0.0399,
      "score": 73.3
    },
    "ARB": {
      "tradeable": true,
      "spread_pct": 0.010794,
      "bid_depth_50": 196231.95,
      "ask_depth_50": 236077.29,
      "bid_depth_100": 196231.95,
      "ask_depth_100": 236077.29,
      "bid_depth_500": 196231.95,
      "ask_depth_500": 236077.29,
      "imbalance": -0.0922,
      "score": 96.2
    },
    "AVAX": {
      "tradeable": true,
      "spread_pct": 0.006631,
      "bid_depth_50": 82831.16,
      "ask_depth_50": 49791.28,
      "bid_depth_100": 82831.16,
      "ask_depth_100": 49791.28,
      "bid_depth_500": 82831.16,
      "ask_depth_500": 49791.28,
      "imbalance": 0.2491,
      "score": 83.7
    },
    "BCH": {
      "tradeable": true,
      "spread_pct": 0.023504,
      "bid_depth_50": 84119.03,
      "ask_depth_50": 63721.67,
      "bid_depth_100": 84119.03,
      "ask_depth_100": 63721.67,
      "bid_depth_500": 84119.03,
      "ask_depth_500": 63721.67,
      "imbalance": 0.138,
      "score": 70.8
    },
    "BNB": {
      "tradeable": true,
      "spread_pct": 0.004797,
      "bid_depth_50": 58515.64,
      "ask_depth_50": 86549.96,
      "bid_depth_100": 58515.64,
      "ask_depth_100": 86549.96,
      "bid_depth_500": 58515.64,
      "ask_depth_500": 86549.96,
      "imbalance": -0.1933,
      "score": 84.2
    },
    "BTC": {
      "tradeable": true,
      "spread_pct": 0.001458,
      "bid_depth_50": 608241.84,
      "ask_depth_50": 4338042.69,
      "bid_depth_100": 608241.84,
      "ask_depth_100": 4338042.69,
      "bid_depth_500": 608241.84,
      "ask_depth_500": 4338042.69,
      "imbalance": -0.7541,
      "score": 100
    },
    "CRV": {
      "tradeable": true,
      "spread_pct": 0.032526,
      "bid_depth_50": 100775.49,
      "ask_depth_50": 70033.64,
      "bid_depth_100": 100775.49,
      "ask_depth_100": 70033.64,
      "bid_depth_500": 100775.49,
      "ask_depth_500": 70033.64,
      "imbalance": 0.18,
      "score": 62.8
    },
    "DOGE": {
      "tradeable": true,
      "spread_pct": 0.001103,
      "bid_depth_50": 151081.18,
      "ask_depth_50": 235918.37,
      "bid_depth_100": 151081.18,
      "ask_depth_100": 235918.37,
      "bid_depth_500": 151081.18,
      "ask_depth_500": 235918.37,
      "imbalance": -0.2192,
      "score": 95.0
    },
    "DOT": {
      "tradeable": true,
      "spread_pct": 0.035272,
      "bid_depth_50": 157731.7,
      "ask_depth_50": 91056.49,
      "bid_depth_100": 157731.7,
      "ask_depth_100": 91056.49,
      "bid_depth_500": 157731.7,
      "ask_depth_500": 91056.49,
      "imbalance": 0.268,
      "score": 63.6
    },
    "ENA": {
      "tradeable": true,
      "spread_pct": 0.001055,
      "bid_depth_50": 50873.22,
      "ask_depth_50": 104334.85,
      "bid_depth_100": 50873.22,
      "ask_depth_100": 104334.85,
      "bid_depth_500": 50873.22,
      "ask_depth_500": 104334.85,
      "imbalance": -0.3445,
      "score": 84.7
    },
    "ETH": {
      "tradeable": true,
      "spread_pct": 0.004866,
      "bid_depth_50": 7331333.99,
      "ask_depth_50": 6649356.83,
      "bid_depth_100": 7331333.99,
      "ask_depth_100": 6649356.83,
      "bid_depth_500": 7331333.99,
      "ask_depth_500": 6649356.83,
      "imbalance": 0.0488,
      "score": 100
    },
    "FARTCOIN": {
      "tradeable": true,
      "spread_pct": 0.005458,
      "bid_depth_50": 69165.61,
      "ask_depth_50": 50936.19,
      "bid_depth_100": 69165.61,
      "ask_depth_100": 50936.19,
      "bid_depth_500": 69165.61,
      "ask_depth_500": 50936.19,
      "imbalance": 0.1518,
      "score": 83.1
    },
    "HYPE": {
      "tradeable": true,
      "spread_pct": 0.002662,
      "bid_depth_50": 193195.63,
      "ask_depth_50": 93456.32,
      "bid_depth_100": 193195.63,
      "ask_depth_100": 93456.32,
      "bid_depth_500": 193195.63,
      "ask_depth_500": 93456.32,
      "imbalance": 0.3479,
      "score": 90.5
    },
    "INJ": {
      "tradeable": true,
      "spread_pct": 0.027286,
      "bid_depth_50": 174550.59,
      "ask_depth_50": 42705.77,
      "bid_depth_100": 176186.57,
      "ask_depth_100": 45214.6,
      "bid_depth_500": 176186.57,
      "ask_depth_500": 45214.6,
      "imbalance": 0.6069,
      "score": 70.3
    },
    "JUP": {
      "tradeable": false,
      "spread_pct": 0.064809,
      "bid_depth_50": 58253.72,
      "ask_depth_50": 44623.06,
      "bid_depth_100": 58253.72,
      "ask_depth_100": 44623.06,
      "bid_depth_500": 58253.72,
      "ask_depth_500": 44623.06,
      "imbalance": 0.1325,
      "score": 51.4
    },
    "LDO": {
      "tradeable": false,
      "spread_pct": 0.071076,
      "bid_depth_50": 66165.3,
      "ask_depth_50": 42788.94,
      "bid_depth_100": 66165.3,
      "ask_depth_100": 42788.94,
      "bid_depth_500": 66165.3,
      "ask_depth_500": 42788.94,
      "imbalance": 0.2146,
      "score": 51.2
    },
    "LINK": {
      "tradeable": true,
      "spread_pct": 0.02996,
      "bid_depth_50": 118494.63,
      "ask_depth_50": 134660.7,
      "bid_depth_100": 118494.63,
      "ask_depth_100": 134660.7,
      "bid_depth_500": 118494.63,
      "ask_depth_500": 134660.7,
      "imbalance": -0.0639,
      "score": 69.1
    },
    "LTC": {
      "tradeable": true,
      "spread_pct": 0.001859,
      "bid_depth_50": 136512.33,
      "ask_depth_50": 146043.94,
      "bid_depth_100": 136512.33,
      "ask_depth_100": 146043.94,
      "bid_depth_500": 136512.33,
      "ask_depth_500": 146043.94,
      "imbalance": -0.0337,
      "score": 90.3
    },
    "NEAR": {
      "tradeable": false,
      "spread_pct": 0.055212,
      "bid_depth_50": 178836.98,
      "ask_depth_50": 67365.34,
      "bid_depth_100": 178836.98,
      "ask_depth_100": 67365.34,
      "bid_depth_500": 178836.98,
      "ask_depth_500": 67365.34,
      "imbalance": 0.4528,
      "score": 58.4
    },
    "ONDO": {
      "tradeable": true,
      "spread_pct": 0.036791,
      "bid_depth_50": 68382.33,
      "ask_depth_50": 74045.6,
      "bid_depth_100": 68382.33,
      "ask_depth_100": 74045.6,
      "bid_depth_500": 68382.33,
      "ask_depth_500": 74045.6,
      "imbalance": -0.0398,
      "score": 57.3
    },
    "OP": {
      "tradeable": true,
      "spread_pct": 0.03518,
      "bid_depth_50": 41591.07,
      "ask_depth_50": 80859.17,
      "bid_depth_100": 41591.07,
      "ask_depth_100": 80859.17,
      "bid_depth_500": 41591.07,
      "ask_depth_500": 80859.17,
      "imbalance": -0.3207,
      "score": 58.0
    },
    "PAXG": {
      "tradeable": true,
      "spread_pct": 0.01176,
      "bid_depth_50": 392753.26,
      "ask_depth_50": 444216.72,
      "bid_depth_100": 392753.26,
      "ask_depth_100": 444216.72,
      "bid_depth_500": 392753.26,
      "ask_depth_500": 444216.72,
      "imbalance": -0.0615,
      "score": 98.2
    },
    "PUMP": {
      "tradeable": false,
      "spread_pct": 0.113186,
      "bid_depth_50": 459257.04,
      "ask_depth_50": 353653.18,
      "bid_depth_100": 776738.59,
      "ask_depth_100": 815309.94,