{
  "timestamp": "2026-03-19T02:27:45.153508+00:00",
  "coins": {
    "AAVE": {
      "tradeable": true,
      "spread_pct": 0.008605,
      "bid_depth_50": 297246.56,
      "ask_depth_50": 217440.56,
      "bid_depth_100": 297246.56,
      "ask_depth_100": 217440.56,
      "bid_depth_500": 297246.56,
      "ask_depth_500": 217440.56,
      "imbalance": 0.1551,
      "score": 100
    },
    "ADA": {
      "tradeable": true,
      "spread_pct": 0.014711,
      "bid_depth_50": 140841.77,
      "ask_depth_50": 88762.35,
      "bid_depth_100": 140841.77,
      "ask_depth_100": 88762.35,
      "bid_depth_500": 140841.77,
      "ask_depth_500": 88762.35,
      "imbalance": 0.2268,
      "score": 83.3
    },
    "APT": {
      "tradeable": true,
      "spread_pct": 0.010259,
      "bid_depth_50": 99697.52,
      "ask_depth_50": 83994.8,
      "bid_depth_100": 99697.52,
      "ask_depth_100": 83994.8,
      "bid_depth_500": 99697.52,
      "ask_depth_500": 83994.8,
      "imbalance": 0.0855,
      "score": 85.7
    },
    "ARB": {
      "tradeable": true,
      "spread_pct": 0.029336,
      "bid_depth_50": 262568.47,
      "ask_depth_50": 210612.36,
      "bid_depth_100": 262568.47,
      "ask_depth_100": 210612.36,
      "bid_depth_500": 262568.47,
      "ask_depth_500": 210612.36,
      "imbalance": 0.1098,
      "score": 79.5
    },
    "AVAX": {
      "tradeable": true,
      "spread_pct": 0.007263,
      "bid_depth_50": 152647.2,
      "ask_depth_50": 89698.63,
      "bid_depth_100": 152647.2,
      "ask_depth_100": 89698.63,
      "bid_depth_500": 152647.2,
      "ask_depth_500": 89698.63,
      "imbalance": 0.2597,
      "score": 88.5
    },
    "BCH": {
      "tradeable": true,
      "spread_pct": 0.013153,
      "bid_depth_50": 97353.99,
      "ask_depth_50": 63793.23,
      "bid_depth_100": 97353.99,
      "ask_depth_100": 63793.23,
      "bid_depth_500": 97353.99,
      "ask_depth_500": 63793.23,
      "imbalance": 0.2083,
      "score": 81.8
    },
    "BNB": {
      "tradeable": true,
      "spread_pct": 0.009215,
      "bid_depth_50": 124082.08,
      "ask_depth_50": 79254.44,
      "bid_depth_100": 124082.08,
      "ask_depth_100": 79254.44,
      "bid_depth_500": 124082.08,
      "ask_depth_500": 79254.44,
      "imbalance": 0.2205,
      "score": 86.8
    },
    "BTC": {
      "tradeable": true,
      "spread_pct": 0.001406,
      "bid_depth_50": 4743474.92,
      "ask_depth_50": 3504484.68,
      "bid_depth_100": 4743474.92,
      "ask_depth_100": 3504484.68,
      "bid_depth_500": 4743474.92,
      "ask_depth_500": 3504484.68,
      "imbalance": 0.1502,
      "score": 100
    },
    "CRV": {
      "tradeable": false,
      "spread_pct": 0.054281,
      "bid_depth_50": 93005.18,
      "ask_depth_50": 85630.48,
      "bid_depth_100": 93005.18,
      "ask_depth_100": 85630.48,
      "bid_depth_500": 93005.18,
      "ask_depth_500": 85630.48,
      "imbalance": 0.0413,
      "score": 55.4
    },
    "DOGE": {
      "tradeable": true,
      "spread_pct": 0.001057,
      "bid_depth_50": 134370.28,
      "ask_depth_50": 262567.24,
      "bid_depth_100": 134370.28,
      "ask_depth_100": 262567.24,
      "bid_depth_500": 134370.28,
      "ask_depth_500": 262567.24,
      "imbalance": -0.323,
      "score": 95.4
    },
    "DOT": {
      "tradeable": true,
      "spread_pct": 0.032184,
      "bid_depth_50": 162430.35,
      "ask_depth_50": 98901.87,
      "bid_depth_100": 162430.35,
      "ask_depth_100": 98901.87,
      "bid_depth_500": 162430.35,
      "ask_depth_500": 98901.87,
      "imbalance": 0.2431,
      "score": 67.2
    },
    "ENA": {
      "tradeable": true,
      "spread_pct": 0.009292,
      "bid_depth_50": 225651.04,
      "ask_depth_50": 218227.62,
      "bid_depth_100": 225651.04,
      "ask_depth_100": 218227.62,
      "bid_depth_500": 225651.04,
      "ask_depth_500": 218227.62,
      "imbalance": 0.0167,
      "score": 97.5
    },
    "ETH": {
      "tradeable": true,
      "spread_pct": 0.004548,
      "bid_depth_50": 6502720.57,
      "ask_depth_50": 8933608.49,
      "bid_depth_100": 6502720.57,
      "ask_depth_100": 8933608.49,
      "bid_depth_500": 6502720.57,
      "ask_depth_500": 8933608.49,
      "imbalance": -0.1575,
      "score": 100
    },
    "FARTCOIN": {
      "tradeable": true,
      "spread_pct": 0.004946,
      "bid_depth_50": 21297.0,
      "ask_depth_50": 229586.45,
      "bid_depth_100": 21297.0,
      "ask_depth_100": 229586.45,
      "bid_depth_500": 21297.0,
      "ask_depth_500": 229586.45,
      "imbalance": -0.8302,
      "score": 88.9
    },
    "HYPE": {
      "tradeable": true,
      "spread_pct": 0.002419,
      "bid_depth_50": 220372.03,
      "ask_depth_50": 203820.44,
      "bid_depth_100": 220372.03,
      "ask_depth_100": 203820.44,
      "bid_depth_500": 220372.03,
      "ask_depth_500": 203820.44,
      "imbalance": 0.039,
      "score": 96.6
    },
    "INJ": {
      "tradeable": true,
      "spread_pct": 0.032815,
      "bid_depth_50": 40282.75,
      "ask_depth_50": 33766.18,
      "bid_depth_100": 47171.84,
      "ask_depth_100": 33766.18,
      "bid_depth_500": 47171.84,
      "ask_depth_500": 33766.18,
      "imbalance": 0.088,
      "score": 58.6
    },
    "JUP": {
      "tradeable": false,
      "spread_pct": 0.055254,
      "bid_depth_50": 42031.94,
      "ask_depth_50": 47336.33,
      "bid_depth_100": 42031.94,
      "ask_depth_100": 47336.33,
      "bid_depth_500": 42031.94,
      "ask_depth_500": 47336.33,
      "imbalance": -0.0594,
      "score": 51.4
    },
    "LDO": {
      "tradeable": true,
      "spread_pct": 0.009914,
      "bid_depth_50": 31242.8,
      "ask_depth_50": 72807.61,
      "bid_depth_100": 31242.8,
      "ask_depth_100": 72807.61,
      "bid_depth_500": 31242.8,
      "ask_depth_500": 72807.61,
      "imbalance": -0.3995,
      "score": 82.4
    },
    "LINK": {
      "tradeable": true,
      "spread_pct": 0.015213,
      "bid_depth_50": 140085.98,
      "ask_depth_50": 137019.14,
      "bid_depth_100": 140085.98,
      "ask_depth_100": 137019.14,
      "bid_depth_500": 140085.98,
      "ask_depth_500": 137019.14,
      "imbalance": 0.0111,
      "score": 84.9
    },
    "LTC": {
      "tradeable": true,
      "spread_pct": 0.005373,
      "bid_depth_50": 118701.74,
      "ask_depth_50": 153868.07,
      "bid_depth_100": 118701.74,
      "ask_depth_100": 153868.07,
      "bid_depth_500": 118701.74,
      "ask_depth_500": 153868.07,
      "imbalance": -0.129,
      "score": 89.9
    },
    "NEAR": {
      "tradeable": true,
      "spread_pct": 0.014497,
      "bid_depth_50": 171859.05,
      "ask_depth_50": 121983.86,
      "bid_depth_100": 171859.05,
      "ask_depth_100": 121983.86,
      "bid_depth_500": 171859.05,
      "ask_depth_500": 121983.86,
      "imbalance": 0.1697,
      "score": 86.3
    },
    "ONDO": {
      "tradeable": true,
      "spread_pct": 0.041427,
      "bid_depth_50": 79929.3,
      "ask_depth_50": 58478.74,
      "bid_depth_100": 79929.3,
      "ask_depth_100": 58478.74,
      "bid_depth_500": 79929.3,
      "ask_depth_500": 58478.74,
      "imbalance": 0.155,
      "score": 52.5
    },
    "OP": {
      "tradeable": true,
      "spread_pct": 0.023932,
      "bid_depth_50": 102659.29,
      "ask_depth_50": 99317.64,
      "bid_depth_100": 102659.29,
      "ask_depth_100": 99317.64,
      "bid_depth_500": 102659.29,
      "ask_depth_500": 99317.64,
      "imbalance": 0.0165,
      "score": 72.8
    },
    "PAXG": {
      "tradeable": true,
      "spread_pct": 0.002064,
      "bid_depth_50": 453894.76,
      "ask_depth_50": 453943.85,
      "bid_depth_100": 453894.76,
      "ask_depth_100": 453943.85,
      "bid_depth_500": 453894.76,
      "ask_depth_500": 453943.85,
      "imbalance": -0.0001,
      "score": 100
    },
    "PUMP": {
      "tradeable": false,
      "spread_pct": 0.051007,
      "bid_depth_50": 413814.98,
      "ask_depth_50": 397623.36,
      "bid_depth_100": 815919.89,
      "ask_depth_100": 762572.49,