{
  "timestamp": "2026-03-18T16:35:36.174603+00:00",
  "coins": {
    "AAVE": {
      "tradeable": true,
      "spread_pct": 0.008853,
      "bid_depth_50": 183812.36,
      "ask_depth_50": 139227.44,
      "bid_depth_100": 183812.36,
      "ask_depth_100": 139227.44,
      "bid_depth_500": 183812.36,
      "ask_depth_500": 139227.44,
      "imbalance": 0.138,
      "score": 92.1
    },
    "ADA": {
      "tradeable": true,
      "spread_pct": 0.022241,
      "bid_depth_50": 112513.74,
      "ask_depth_50": 88113.49,
      "bid_depth_100": 112513.74,
      "ask_depth_100": 88113.49,
      "bid_depth_500": 112513.74,
      "ask_depth_500": 88113.49,
      "imbalance": 0.1216,
      "score": 74.5
    },
    "APT": {
      "tradeable": true,
      "spread_pct": 0.042404,
      "bid_depth_50": 69381.94,
      "ask_depth_50": 66365.78,
      "bid_depth_100": 69381.94,
      "ask_depth_100": 66365.78,
      "bid_depth_500": 69381.94,
      "ask_depth_500": 66365.78,
      "imbalance": 0.0222,
      "score": 51.4
    },
    "ARB": {
      "tradeable": true,
      "spread_pct": 0.029831,
      "bid_depth_50": 221202.58,
      "ask_depth_50": 172138.79,
      "bid_depth_100": 221202.58,
      "ask_depth_100": 172138.79,
      "bid_depth_500": 221202.58,
      "ask_depth_500": 172138.79,
      "imbalance": 0.1247,
      "score": 75.4
    },
    "AVAX": {
      "tradeable": true,
      "spread_pct": 0.001054,
      "bid_depth_50": 90251.5,
      "ask_depth_50": 87416.65,
      "bid_depth_100": 90251.5,
      "ask_depth_100": 87416.65,
      "bid_depth_500": 90251.5,
      "ask_depth_500": 87416.65,
      "imbalance": 0.016,
      "score": 85.7
    },
    "BCH": {
      "tradeable": true,
      "spread_pct": 0.00224,
      "bid_depth_50": 108951.79,
      "ask_depth_50": 69428.89,
      "bid_depth_100": 108951.79,
      "ask_depth_100": 69428.89,
      "bid_depth_500": 108951.79,
      "ask_depth_500": 69428.89,
      "imbalance": 0.2216,
      "score": 85.7
    },
    "BNB": {
      "tradeable": true,
      "spread_pct": 0.001546,
      "bid_depth_50": 124348.55,
      "ask_depth_50": 144310.4,
      "bid_depth_100": 124348.55,
      "ask_depth_100": 144310.4,
      "bid_depth_500": 124348.55,
      "ask_depth_500": 144310.4,
      "imbalance": -0.0743,
      "score": 89.7
    },
    "BTC": {
      "tradeable": true,
      "spread_pct": 0.001408,
      "bid_depth_50": 1504972.71,
      "ask_depth_50": 4333131.65,
      "bid_depth_100": 1504972.71,
      "ask_depth_100": 4333131.65,
      "bid_depth_500": 1504972.71,
      "ask_depth_500": 4333131.65,
      "imbalance": -0.4844,
      "score": 100
    },
    "CRV": {
      "tradeable": true,
      "spread_pct": 0.041996,
      "bid_depth_50": 106431.56,
      "ask_depth_50": 97949.1,
      "bid_depth_100": 106431.56,
      "ask_depth_100": 97949.1,
      "bid_depth_500": 106431.56,
      "ask_depth_500": 97949.1,
      "imbalance": 0.0415,
      "score": 54.9
    },
    "DOGE": {
      "tradeable": true,
      "spread_pct": 0.001069,
      "bid_depth_50": 182601.86,
      "ask_depth_50": 292615.34,
      "bid_depth_100": 182601.86,
      "ask_depth_100": 292615.34,
      "bid_depth_500": 182601.86,
      "ask_depth_500": 292615.34,
      "imbalance": -0.2315,
      "score": 98.9
    },
    "DOT": {
      "tradeable": true,
      "spread_pct": 0.038725,
      "bid_depth_50": 104124.61,
      "ask_depth_50": 118757.36,
      "bid_depth_100": 104124.61,
      "ask_depth_100": 118757.36,
      "bid_depth_500": 104124.61,
      "ask_depth_500": 118757.36,
      "imbalance": -0.0657,
      "score": 59.0
    },
    "ENA": {
      "tradeable": true,
      "spread_pct": 0.046744,
      "bid_depth_50": 173258.94,
      "ask_depth_50": 247018.45,
      "bid_depth_100": 173258.94,
      "ask_depth_100": 247018.45,
      "bid_depth_500": 173258.94,
      "ask_depth_500": 247018.45,
      "imbalance": -0.1755,
      "score": 59.7
    },
    "ETH": {
      "tradeable": true,
      "spread_pct": 0.004611,
      "bid_depth_50": 7410449.14,
      "ask_depth_50": 7802464.36,
      "bid_depth_100": 7410449.14,
      "ask_depth_100": 7802464.36,
      "bid_depth_500": 7410449.14,
      "ask_depth_500": 7802464.36,
      "imbalance": -0.0258,
      "score": 100
    },
    "FARTCOIN": {
      "tradeable": true,
      "spread_pct": 0.039467,
      "bid_depth_50": 66144.91,
      "ask_depth_50": 28109.85,
      "bid_depth_100": 66144.91,
      "ask_depth_100": 28109.85,
      "bid_depth_500": 66144.91,
      "ask_depth_500": 28109.85,
      "imbalance": 0.4035,
      "score": 52.5
    },
    "HYPE": {
      "tradeable": true,
      "spread_pct": 0.004807,
      "bid_depth_50": 104784.59,
      "ask_depth_50": 474563.18,
      "bid_depth_100": 104784.59,
      "ask_depth_100": 474563.18,
      "bid_depth_500": 104784.59,
      "ask_depth_500": 474563.18,
      "imbalance": -0.6383,
      "score": 100
    },
    "INJ": {
      "tradeable": false,
      "spread_pct": 0.125119,
      "bid_depth_50": 28121.61,
      "ask_depth_50": 37939.41,
      "bid_depth_100": 160543.48,
      "ask_depth_100": 37939.41,
      "bid_depth_500": 160543.48,
      "ask_depth_500": 37939.41,
      "imbalance": -0.1486,
      "score": 51.6
    },
    "JUP": {
      "tradeable": false,
      "spread_pct": 0.055934,
      "bid_depth_50": 52579.91,
      "ask_depth_50": 48223.53,
      "bid_depth_100": 52579.91,
      "ask_depth_100": 48223.53,
      "bid_depth_500": 52579.91,
      "ask_depth_500": 48223.53,
      "imbalance": 0.0432,
      "score": 51.9
    },
    "LDO": {
      "tradeable": true,
      "spread_pct": 0.00668,
      "bid_depth_50": 24824.09,
      "ask_depth_50": 108135.59,
      "bid_depth_100": 24824.09,
      "ask_depth_100": 108135.59,
      "bid_depth_500": 24824.09,
      "ask_depth_500": 108135.59,
      "imbalance": -0.6266,
      "score": 83.7
    },
    "LINK": {
      "tradeable": true,
      "spread_pct": 0.0011,
      "bid_depth_50": 132051.38,
      "ask_depth_50": 98967.37,
      "bid_depth_100": 132051.38,
      "ask_depth_100": 98967.37,
      "bid_depth_500": 132051.38,
      "ask_depth_500": 98967.37,
      "imbalance": 0.1432,
      "score": 88.0
    },
    "LTC": {
      "tradeable": true,
      "spread_pct": 0.010828,
      "bid_depth_50": 121533.99,
      "ask_depth_50": 131819.54,
      "bid_depth_100": 121533.99,
      "ask_depth_100": 131819.54,
      "bid_depth_500": 121533.99,
      "ask_depth_500": 131819.54,
      "imbalance": -0.0406,
      "score": 88.2
    },
    "NEAR": {
      "tradeable": true,
      "spread_pct": 0.021836,
      "bid_depth_50": 192588.58,
      "ask_depth_50": 95163.61,
      "bid_depth_100": 192588.58,
      "ask_depth_100": 95163.61,
      "bid_depth_500": 192588.58,
      "ask_depth_500": 95163.61,
      "imbalance": 0.3386,
      "score": 78.7
    },
    "ONDO": {
      "tradeable": false,
      "spread_pct": 0.06876,
      "bid_depth_50": 78686.27,
      "ask_depth_50": 64846.52,
      "bid_depth_100": 78686.27,
      "ask_depth_100": 64846.52,
      "bid_depth_500": 78686.27,
      "ask_depth_500": 64846.52,
      "imbalance": 0.0964,
      "score": 52.9
    },
    "OP": {
      "tradeable": false,
      "spread_pct": 0.055971,
      "bid_depth_50": 64550.87,
      "ask_depth_50": 90826.89,
      "bid_depth_100": 64550.87,
      "ask_depth_100": 90826.89,
      "bid_depth_500": 64550.87,
      "ask_depth_500": 90826.89,
      "imbalance": -0.1691,
      "score": 54.3
    },
    "PAXG": {
      "tradeable": true,
      "spread_pct": 0.002055,
      "bid_depth_50": 341797.4,
      "ask_depth_50": 550243.81,
      "bid_depth_100": 341797.4,
      "ask_depth_100": 550243.81,
      "bid_depth_500": 341797.4,
      "ask_depth_500": 550243.81,
      "imbalance": -0.2337,
      "score": 100
    },
    "PUMP": {
      "tradeable": false,
      "spread_pct": 0.051827,
      "bid_depth_50": 381524.33,
      "ask_depth_50": 485680.98,
      "bid_depth_100": 690408.09,