{
  "timestamp": "2026-03-24T06:11:16.734871+00:00",
  "coins": {
    "AAVE": {
      "tradeable": true,
      "spread_pct": 0.027489,
      "bid_depth_50": 290198.58,
      "ask_depth_50": 312221.45,
      "bid_depth_100": 290198.58,
      "ask_depth_100": 312221.45,
      "bid_depth_500": 290198.58,
      "ask_depth_500": 312221.45,
      "imbalance": -0.0366,
      "score": 82.5
    },
    "ADA": {
      "tradeable": true,
      "spread_pct": 0.023011,
      "bid_depth_50": 70889.45,
      "ask_depth_50": 116099.67,
      "bid_depth_100": 70889.45,
      "ask_depth_100": 116099.67,
      "bid_depth_500": 70889.45,
      "ask_depth_500": 116099.67,
      "imbalance": -0.2418,
      "score": 73.1
    },
    "APT": {
      "tradeable": true,
      "spread_pct": 0.046277,
      "bid_depth_50": 69673.6,
      "ask_depth_50": 65201.78,
      "bid_depth_100": 69673.6,
      "ask_depth_100": 65201.78,
      "bid_depth_500": 69673.6,
      "ask_depth_500": 65201.78,
      "imbalance": 0.0332,
      "score": 47.5
    },
    "ARB": {
      "tradeable": true,
      "spread_pct": 0.031009,
      "bid_depth_50": 173912.06,
      "ask_depth_50": 195532.64,
      "bid_depth_100": 173912.06,
      "ask_depth_100": 195532.64,
      "bid_depth_500": 173912.06,
      "ask_depth_500": 195532.64,
      "imbalance": -0.0585,
      "score": 73.2
    },
    "AVAX": {
      "tradeable": true,
      "spread_pct": 0.006291,
      "bid_depth_50": 31125.11,
      "ask_depth_50": 37516.05,
      "bid_depth_100": 31125.11,
      "ask_depth_100": 37516.05,
      "bid_depth_500": 31125.11,
      "ask_depth_500": 37516.05,
      "imbalance": -0.0931,
      "score": 80.8
    },
    "BCH": {
      "tradeable": true,
      "spread_pct": 0.014735,
      "bid_depth_50": 78334.72,
      "ask_depth_50": 63973.82,
      "bid_depth_100": 78334.72,
      "ask_depth_100": 63973.82,
      "bid_depth_500": 78334.72,
      "ask_depth_500": 63973.82,
      "imbalance": 0.1009,
      "score": 79.4
    },
    "BNB": {
      "tradeable": true,
      "spread_pct": 0.006356,
      "bid_depth_50": 89439.54,
      "ask_depth_50": 113699.85,
      "bid_depth_100": 89439.54,
      "ask_depth_100": 113699.85,
      "bid_depth_500": 89439.54,
      "ask_depth_500": 113699.85,
      "imbalance": -0.1194,
      "score": 86.8
    },
    "BTC": {
      "tradeable": true,
      "spread_pct": 0.001423,
      "bid_depth_50": 4188566.15,
      "ask_depth_50": 1203823.81,
      "bid_depth_100": 4188566.15,
      "ask_depth_100": 1203823.81,
      "bid_depth_500": 4188566.15,
      "ask_depth_500": 1203823.81,
      "imbalance": 0.5535,
      "score": 100
    },
    "CRV": {
      "tradeable": true,
      "spread_pct": 0.018242,
      "bid_depth_50": 60308.52,
      "ask_depth_50": 94618.28,
      "bid_depth_100": 60308.52,
      "ask_depth_100": 94618.28,
      "bid_depth_500": 60308.52,
      "ask_depth_500": 94618.28,
      "imbalance": -0.2215,
      "score": 76.4
    },
    "DOGE": {
      "tradeable": true,
      "spread_pct": 0.00107,
      "bid_depth_50": 63313.8,
      "ask_depth_50": 315003.54,
      "bid_depth_100": 63313.8,
      "ask_depth_100": 315003.54,
      "bid_depth_500": 63313.8,
      "ask_depth_500": 315003.54,
      "imbalance": -0.6653,
      "score": 94.6
    },
    "DOT": {
      "tradeable": true,
      "spread_pct": 0.028253,
      "bid_depth_50": 270964.3,
      "ask_depth_50": 164816.51,
      "bid_depth_100": 270964.3,
      "ask_depth_100": 164816.51,
      "bid_depth_500": 270964.3,
      "ask_depth_500": 164816.51,
      "imbalance": 0.2436,
      "score": 78.9
    },
    "ENA": {
      "tradeable": true,
      "spread_pct": 0.017356,
      "bid_depth_50": 51073.42,
      "ask_depth_50": 52149.59,
      "bid_depth_100": 51073.42,
      "ask_depth_100": 52149.59,
      "bid_depth_500": 51073.42,
      "ask_depth_500": 52149.59,
      "imbalance": -0.0104,
      "score": 75.0
    },
    "ETH": {
      "tradeable": true,
      "spread_pct": 0.004683,
      "bid_depth_50": 7128365.73,
      "ask_depth_50": 9369192.15,
      "bid_depth_100": 7128365.73,
      "ask_depth_100": 9369192.15,
      "bid_depth_500": 7128365.73,
      "ask_depth_500": 9369192.15,
      "imbalance": -0.1358,
      "score": 100
    },
    "FARTCOIN": {
      "tradeable": false,
      "spread_pct": 0.056693,
      "bid_depth_50": 52127.54,
      "ask_depth_50": 84123.2,
      "bid_depth_100": 52127.54,
      "ask_depth_100": 84123.2,
      "bid_depth_500": 52127.54,
      "ask_depth_500": 84123.2,
      "imbalance": -0.2348,
      "score": 53.4
    },
    "HYPE": {
      "tradeable": true,
      "spread_pct": 0.002635,
      "bid_depth_50": 139567.49,
      "ask_depth_50": 98293.26,
      "bid_depth_100": 139567.49,
      "ask_depth_100": 98293.26,
      "bid_depth_500": 139567.49,
      "ask_depth_500": 98293.26,
      "imbalance": 0.1735,
      "score": 88.3
    },
    "INJ": {
      "tradeable": true,
      "spread_pct": 0.039223,
      "bid_depth_50": 41209.28,
      "ask_depth_50": 42552.68,
      "bid_depth_100": 41209.28,
      "ask_depth_100": 42552.68,
      "bid_depth_500": 41209.28,
      "ask_depth_500": 42552.68,
      "imbalance": -0.016,
      "score": 52.3
    },
    "JUP": {
      "tradeable": true,
      "spread_pct": 0.013074,
      "bid_depth_50": 53151.33,
      "ask_depth_50": 46613.26,
      "bid_depth_100": 53151.33,
      "ask_depth_100": 46613.26,
      "bid_depth_500": 53151.33,
      "ask_depth_500": 46613.26,
      "imbalance": 0.0655,
      "score": 79.1
    },
    "LDO": {
      "tradeable": true,
      "spread_pct": 0.030841,
      "bid_depth_50": 63547.94,
      "ask_depth_50": 41871.34,
      "bid_depth_100": 63547.94,
      "ask_depth_100": 41871.34,
      "bid_depth_500": 63547.94,
      "ask_depth_500": 41871.34,
      "imbalance": 0.2056,
      "score": 61.6
    },
    "LINK": {
      "tradeable": true,
      "spread_pct": 0.012087,
      "bid_depth_50": 144504.33,
      "ask_depth_50": 100547.34,
      "bid_depth_100": 144504.33,
      "ask_depth_100": 100547.34,
      "bid_depth_500": 144504.33,
      "ask_depth_500": 100547.34,
      "imbalance": 0.1794,
      "score": 86.6
    },
    "LTC": {
      "tradeable": true,
      "spread_pct": 0.016189,
      "bid_depth_50": 113679.18,
      "ask_depth_50": 160233.72,
      "bid_depth_100": 113679.18,
      "ask_depth_100": 160233.72,
      "bid_depth_500": 113679.18,
      "ask_depth_500": 160233.72,
      "imbalance": -0.17,
      "score": 83.8
    },
    "NEAR": {
      "tradeable": true,
      "spread_pct": 0.030588,
      "bid_depth_50": 132952.29,
      "ask_depth_50": 123040.54,
      "bid_depth_100": 132952.29,
      "ask_depth_100": 123040.54,
      "bid_depth_500": 132952.29,
      "ask_depth_500": 123040.54,
      "imbalance": 0.0387,
      "score": 68.6
    },
    "ONDO": {
      "tradeable": true,
      "spread_pct": 0.043541,
      "bid_depth_50": 55646.84,
      "ask_depth_50": 92605.27,
      "bid_depth_100": 55646.84,
      "ask_depth_100": 92605.27,
      "bid_depth_500": 55646.84,
      "ask_depth_500": 92605.27,
      "imbalance": -0.2493,
      "score": 50.8
    },
    "OP": {
      "tradeable": true,
      "spread_pct": 0.008838,
      "bid_depth_50": 122602.81,
      "ask_depth_50": 83199.02,
      "bid_depth_100": 125635.21,
      "ask_depth_100": 147958.6,
      "bid_depth_500": 125635.21,
      "ask_depth_500": 147958.6,
      "imbalance": 0.1915,
      "score": 89.9
    },
    "PAXG": {
      "tradeable": true,
      "spread_pct": 0.002282,
      "bid_depth_50": 459350.29,
      "ask_depth_50": 520297.84,
      "bid_depth_100": 459350.29,
      "ask_depth_100": 520297.84,
      "bid_depth_500": 459350.29,
      "ask_depth_500": 520297.84,
      "imbalance": -0.0622,
      "score": 100
    },
    "PUMP": {
      "tradeable": false,
      "spread_pct": 0.055944,
      "bid_depth_50": 328054.07,
      "ask_depth_50": 395754.39,
      "bid_depth_100": 587271.9,
      "ask_depth_100": 704142.93,