{
  "timestamp": "2026-03-21T06:47:18.846772+00:00",
  "coins": {
    "AAVE": {
      "tradeable": true,
      "spread_pct": 0.008964,
      "bid_depth_50": 273531.67,
      "ask_depth_50": 246604.68,
      "bid_depth_100": 273531.67,
      "ask_depth_100": 246604.68,
      "bid_depth_500": 273531.67,
      "ask_depth_500": 246604.68,
      "imbalance": 0.0518,
      "score": 100
    },
    "ADA": {
      "tradeable": true,
      "spread_pct": 0.030004,
      "bid_depth_50": 98342.19,
      "ask_depth_50": 155342.44,
      "bid_depth_100": 98342.19,
      "ask_depth_100": 155342.44,
      "bid_depth_500": 98342.19,
      "ask_depth_500": 155342.44,
      "imbalance": -0.2247,
      "score": 69.0
    },
    "APT": {
      "tradeable": true,
      "spread_pct": 0.019794,
      "bid_depth_50": 113415.82,
      "ask_depth_50": 106918.86,
      "bid_depth_100": 113415.82,
      "ask_depth_100": 106918.86,
      "bid_depth_500": 113415.82,
      "ask_depth_500": 106918.86,
      "imbalance": 0.0295,
      "score": 77.8
    },
    "ARB": {
      "tradeable": true,
      "spread_pct": 0.039952,
      "bid_depth_50": 178886.52,
      "ask_depth_50": 125192.37,
      "bid_depth_100": 178886.52,
      "ask_depth_100": 125192.37,
      "bid_depth_500": 178886.52,
      "ask_depth_500": 125192.37,
      "imbalance": 0.1766,
      "score": 61.3
    },
    "AVAX": {
      "tradeable": true,
      "spread_pct": 0.015589,
      "bid_depth_50": 82544.14,
      "ask_depth_50": 48159.49,
      "bid_depth_100": 82544.14,
      "ask_depth_100": 48159.49,
      "bid_depth_500": 82544.14,
      "ask_depth_500": 48159.49,
      "imbalance": 0.2631,
      "score": 78.0
    },
    "BCH": {
      "tradeable": true,
      "spread_pct": 0.010674,
      "bid_depth_50": 62141.39,
      "ask_depth_50": 79649.97,
      "bid_depth_100": 62141.39,
      "ask_depth_100": 79649.97,
      "bid_depth_500": 62141.39,
      "ask_depth_500": 79649.97,
      "imbalance": -0.1235,
      "score": 83.4
    },
    "BNB": {
      "tradeable": true,
      "spread_pct": 0.012441,
      "bid_depth_50": 93664.37,
      "ask_depth_50": 128803.81,
      "bid_depth_100": 93664.37,
      "ask_depth_100": 128803.81,
      "bid_depth_500": 93664.37,
      "ask_depth_500": 128803.81,
      "imbalance": -0.158,
      "score": 85.2
    },
    "BTC": {
      "tradeable": true,
      "spread_pct": 0.001413,
      "bid_depth_50": 7866788.51,
      "ask_depth_50": 1630909.97,
      "bid_depth_100": 7866788.51,
      "ask_depth_100": 1630909.97,
      "bid_depth_500": 7866788.51,
      "ask_depth_500": 1630909.97,
      "imbalance": 0.6566,
      "score": 100
    },
    "CRV": {
      "tradeable": false,
      "spread_pct": 0.063896,
      "bid_depth_50": 106122.75,
      "ask_depth_50": 99755.43,
      "bid_depth_100": 106122.75,
      "ask_depth_100": 99755.43,
      "bid_depth_500": 106122.75,
      "ask_depth_500": 99755.43,
      "imbalance": 0.0309,
      "score": 56.0
    },
    "DOGE": {
      "tradeable": true,
      "spread_pct": 0.001057,
      "bid_depth_50": 213760.27,
      "ask_depth_50": 279135.3,
      "bid_depth_100": 213760.27,
      "ask_depth_100": 279135.3,
      "bid_depth_500": 213760.27,
      "ask_depth_500": 279135.3,
      "imbalance": -0.1326,
      "score": 99.7
    },
    "DOT": {
      "tradeable": true,
      "spread_pct": 0.039719,
      "bid_depth_50": 85308.38,
      "ask_depth_50": 106933.88,
      "bid_depth_100": 85308.38,
      "ask_depth_100": 106933.88,
      "bid_depth_500": 85308.38,
      "ask_depth_500": 106933.88,
      "imbalance": -0.1125,
      "score": 56.6
    },
    "ENA": {
      "tradeable": true,
      "spread_pct": 0.029207,
      "bid_depth_50": 247434.38,
      "ask_depth_50": 214486.26,
      "bid_depth_100": 247434.38,
      "ask_depth_100": 214486.26,
      "bid_depth_500": 247434.38,
      "ask_depth_500": 214486.26,
      "imbalance": 0.0713,
      "score": 79.1
    },
    "ETH": {
      "tradeable": true,
      "spread_pct": 0.004641,
      "bid_depth_50": 10638984.18,
      "ask_depth_50": 8129006.72,
      "bid_depth_100": 10638984.18,
      "ask_depth_100": 8129006.72,
      "bid_depth_500": 10638984.18,
      "ask_depth_500": 8129006.72,
      "imbalance": 0.1337,
      "score": 100
    },
    "FARTCOIN": {
      "tradeable": true,
      "spread_pct": 0.035732,
      "bid_depth_50": 37673.44,
      "ask_depth_50": 56524.15,
      "bid_depth_100": 37673.44,
      "ask_depth_100": 56524.15,
      "bid_depth_500": 37673.44,
      "ask_depth_500": 56524.15,
      "imbalance": -0.2001,
      "score": 56.2
    },
    "HYPE": {
      "tradeable": true,
      "spread_pct": 0.005092,
      "bid_depth_50": 112652.83,
      "ask_depth_50": 86830.05,
      "bid_depth_100": 112652.83,
      "ask_depth_100": 86830.05,
      "bid_depth_500": 112652.83,
      "ask_depth_500": 86830.05,
      "imbalance": 0.1294,
      "score": 86.6
    },
    "INJ": {
      "tradeable": true,
      "spread_pct": 0.035376,
      "bid_depth_50": 42746.24,
      "ask_depth_50": 48529.59,
      "bid_depth_100": 42746.24,
      "ask_depth_100": 48529.59,
      "bid_depth_500": 42746.24,
      "ask_depth_500": 48529.59,
      "imbalance": -0.0634,
      "score": 56.5
    },
    "JUP": {
      "tradeable": true,
      "spread_pct": 0.037353,
      "bid_depth_50": 46342.72,
      "ask_depth_50": 60305.29,
      "bid_depth_100": 46342.72,
      "ask_depth_100": 60305.29,
      "bid_depth_500": 46342.72,
      "ask_depth_500": 60305.29,
      "imbalance": -0.1309,
      "score": 55.2
    },
    "LDO": {
      "tradeable": true,
      "spread_pct": 0.029947,
      "bid_depth_50": 29992.14,
      "ask_depth_50": 71670.24,
      "bid_depth_100": 29992.14,
      "ask_depth_100": 71670.24,
      "bid_depth_500": 29992.14,
      "ask_depth_500": 71670.24,
      "imbalance": -0.41,
      "score": 62.3
    },
    "LINK": {
      "tradeable": true,
      "spread_pct": 0.014245,
      "bid_depth_50": 119113.54,
      "ask_depth_50": 56338.71,
      "bid_depth_100": 119113.54,
      "ask_depth_100": 56338.71,
      "bid_depth_500": 119113.54,
      "ask_depth_500": 56338.71,
      "imbalance": 0.3578,
      "score": 81.3
    },
    "LTC": {
      "tradeable": true,
      "spread_pct": 0.007104,
      "bid_depth_50": 137216.39,
      "ask_depth_50": 85131.48,
      "bid_depth_100": 137216.39,
      "ask_depth_100": 85131.48,
      "bid_depth_500": 137216.39,
      "ask_depth_500": 85131.48,
      "imbalance": 0.2342,
      "score": 87.7
    },
    "NEAR": {
      "tradeable": false,
      "spread_pct": 0.053024,
      "bid_depth_50": 130667.16,
      "ask_depth_50": 89504.03,
      "bid_depth_100": 130667.16,
      "ask_depth_100": 89504.03,
      "bid_depth_500": 130667.16,
      "ask_depth_500": 89504.03,
      "imbalance": 0.187,
      "score": 57.4
    },
    "ONDO": {
      "tradeable": false,
      "spread_pct": 0.053589,
      "bid_depth_50": 35703.15,
      "ask_depth_50": 75183.3,
      "bid_depth_100": 35703.15,
      "ask_depth_100": 75183.3,
      "bid_depth_500": 35703.15,
      "ask_depth_500": 75183.3,
      "imbalance": -0.356,
      "score": 52.5
    },
    "OP": {
      "tradeable": true,
      "spread_pct": 0.03251,
      "bid_depth_50": 71950.32,
      "ask_depth_50": 88019.21,
      "bid_depth_100": 71972.32,
      "ask_depth_100": 88019.21,
      "bid_depth_500": 71972.32,
      "ask_depth_500": 88019.21,
      "imbalance": -0.1004,
      "score": 62.4
    },
    "PAXG": {
      "tradeable": true,
      "spread_pct": 0.002217,
      "bid_depth_50": 300721.81,
      "ask_depth_50": 179919.5,
      "bid_depth_100": 300721.81,
      "ask_depth_100": 179919.5,
      "bid_depth_500": 300721.81,
      "ask_depth_500": 179919.5,
      "imbalance": 0.2513,
      "score": 99.1
    },
    "PUMP": {
      "tradeable": false,
      "spread_pct": 0.053064,
      "bid_depth_50": 439575.25,
      "ask_depth_50": 363336.78,
      "bid_depth_100": 816026.99,
      "ask_depth_100": 777044.93,