{
  "timestamp": "2026-03-19T20:08:40.724909+00:00",
  "coins": {
    "AAVE": {
      "tradeable": true,
      "spread_pct": 0.008956,
      "bid_depth_50": 271404.37,
      "ask_depth_50": 255081.09,
      "bid_depth_100": 271404.37,
      "ask_depth_100": 255081.09,
      "bid_depth_500": 271404.37,
      "ask_depth_500": 255081.09,
      "imbalance": 0.031,
      "score": 100
    },
    "ADA": {
      "tradeable": true,
      "spread_pct": 0.022447,
      "bid_depth_50": 143943.55,
      "ask_depth_50": 125796.68,
      "bid_depth_100": 143943.55,
      "ask_depth_100": 125796.68,
      "bid_depth_500": 143943.55,
      "ask_depth_500": 125796.68,
      "imbalance": 0.0673,
      "score": 77.3
    },
    "APT": {
      "tradeable": true,
      "spread_pct": 0.010579,
      "bid_depth_50": 80427.66,
      "ask_depth_50": 139664.68,
      "bid_depth_100": 80427.66,
      "ask_depth_100": 139664.68,
      "bid_depth_500": 80427.66,
      "ask_depth_500": 139664.68,
      "imbalance": -0.2691,
      "score": 87.0
    },
    "ARB": {
      "tradeable": true,
      "spread_pct": 0.010103,
      "bid_depth_50": 153449.56,
      "ask_depth_50": 215442.84,
      "bid_depth_100": 153449.56,
      "ask_depth_100": 215442.84,
      "bid_depth_500": 153449.56,
      "ask_depth_500": 215442.84,
      "imbalance": -0.1681,
      "score": 94.1
    },
    "AVAX": {
      "tradeable": true,
      "spread_pct": 0.011557,
      "bid_depth_50": 64422.71,
      "ask_depth_50": 75004.24,
      "bid_depth_100": 64422.71,
      "ask_depth_100": 75004.24,
      "bid_depth_500": 64422.71,
      "ask_depth_500": 75004.24,
      "imbalance": -0.0759,
      "score": 82.4
    },
    "BCH": {
      "tradeable": true,
      "spread_pct": 0.030622,
      "bid_depth_50": 96656.31,
      "ask_depth_50": 96456.0,
      "bid_depth_100": 96656.31,
      "ask_depth_100": 96456.0,
      "bid_depth_500": 96656.31,
      "ask_depth_500": 96456.0,
      "imbalance": 0.001,
      "score": 65.7
    },
    "BNB": {
      "tradeable": true,
      "spread_pct": 0.00781,
      "bid_depth_50": 103492.53,
      "ask_depth_50": 154295.5,
      "bid_depth_100": 103492.53,
      "ask_depth_100": 154295.5,
      "bid_depth_500": 103492.53,
      "ask_depth_500": 154295.5,
      "imbalance": -0.1971,
      "score": 89.2
    },
    "BTC": {
      "tradeable": true,
      "spread_pct": 0.001422,
      "bid_depth_50": 15062176.43,
      "ask_depth_50": 668241.29,
      "bid_depth_100": 15062176.43,
      "ask_depth_100": 668241.29,
      "bid_depth_500": 15062176.43,
      "ask_depth_500": 668241.29,
      "imbalance": 0.915,
      "score": 100
    },
    "CRV": {
      "tradeable": true,
      "spread_pct": 0.029842,
      "bid_depth_50": 104924.1,
      "ask_depth_50": 102707.34,
      "bid_depth_100": 104924.1,
      "ask_depth_100": 102707.34,
      "bid_depth_500": 104924.1,
      "ask_depth_500": 102707.34,
      "imbalance": 0.0107,
      "score": 67.2
    },
    "DOGE": {
      "tradeable": true,
      "spread_pct": 0.008564,
      "bid_depth_50": 265205.84,
      "ask_depth_50": 154331.34,
      "bid_depth_100": 265205.84,
      "ask_depth_100": 154331.34,
      "bid_depth_500": 265205.84,
      "ask_depth_500": 154331.34,
      "imbalance": 0.2643,
      "score": 96.4
    },
    "DOT": {
      "tradeable": true,
      "spread_pct": 0.006526,
      "bid_depth_50": 91007.77,
      "ask_depth_50": 184871.72,
      "bid_depth_100": 91007.77,
      "ask_depth_100": 184871.72,
      "bid_depth_500": 91007.77,
      "ask_depth_500": 184871.72,
      "imbalance": -0.3402,
      "score": 90.0
    },
    "ENA": {
      "tradeable": true,
      "spread_pct": 0.009737,
      "bid_depth_50": 216731.38,
      "ask_depth_50": 240684.13,
      "bid_depth_100": 216731.38,
      "ask_depth_100": 240684.13,
      "bid_depth_500": 216731.38,
      "ask_depth_500": 240684.13,
      "imbalance": -0.0524,
      "score": 98.1
    },
    "ETH": {
      "tradeable": true,
      "spread_pct": 0.004665,
      "bid_depth_50": 9642215.19,
      "ask_depth_50": 8159277.71,
      "bid_depth_100": 9642215.19,
      "ask_depth_100": 8159277.71,
      "bid_depth_500": 9642215.19,
      "ask_depth_500": 8159277.71,
      "imbalance": 0.0833,
      "score": 100
    },
    "FARTCOIN": {
      "tradeable": true,
      "spread_pct": 0.030183,
      "bid_depth_50": 48004.4,
      "ask_depth_50": 53517.58,
      "bid_depth_100": 48004.4,
      "ask_depth_100": 53517.58,
      "bid_depth_500": 48004.4,
      "ask_depth_500": 53517.58,
      "imbalance": -0.0543,
      "score": 62.1
    },
    "HYPE": {
      "tradeable": true,
      "spread_pct": 0.002499,
      "bid_depth_50": 140407.72,
      "ask_depth_50": 158812.66,
      "bid_depth_100": 140407.72,
      "ask_depth_100": 158812.66,
      "bid_depth_500": 140407.72,
      "ask_depth_500": 158812.66,
      "imbalance": -0.0615,
      "score": 91.1
    },
    "INJ": {
      "tradeable": true,
      "spread_pct": 0.036507,
      "bid_depth_50": 43891.47,
      "ask_depth_50": 134301.64,
      "bid_depth_100": 43891.47,
      "ask_depth_100": 134301.64,
      "bid_depth_500": 43891.47,
      "ask_depth_500": 134301.64,
      "imbalance": -0.5074,
      "score": 59.2
    },
    "JUP": {
      "tradeable": true,
      "spread_pct": 0.043678,
      "bid_depth_50": 55372.27,
      "ask_depth_50": 37772.83,
      "bid_depth_100": 55372.27,
      "ask_depth_100": 37772.83,
      "bid_depth_500": 55372.27,
      "ask_depth_500": 37772.83,
      "imbalance": 0.1889,
      "score": 48.2
    },
    "LDO": {
      "tradeable": true,
      "spread_pct": 0.020189,
      "bid_depth_50": 46194.19,
      "ask_depth_50": 50239.84,
      "bid_depth_100": 46194.19,
      "ask_depth_100": 50239.84,
      "bid_depth_500": 46194.19,
      "ask_depth_500": 50239.84,
      "imbalance": -0.042,
      "score": 71.9
    },
    "LINK": {
      "tradeable": true,
      "spread_pct": 0.012169,
      "bid_depth_50": 114137.11,
      "ask_depth_50": 67497.42,
      "bid_depth_100": 114137.11,
      "ask_depth_100": 67497.42,
      "bid_depth_500": 114137.11,
      "ask_depth_500": 67497.42,
      "imbalance": 0.2568,
      "score": 83.7
    },
    "LTC": {
      "tradeable": true,
      "spread_pct": 0.001791,
      "bid_depth_50": 117189.76,
      "ask_depth_50": 176842.4,
      "bid_depth_100": 117189.76,
      "ask_depth_100": 176842.4,
      "bid_depth_500": 117189.76,
      "ask_depth_500": 176842.4,
      "imbalance": -0.2029,
      "score": 90.8
    },
    "NEAR": {
      "tradeable": true,
      "spread_pct": 0.044633,
      "bid_depth_50": 181962.33,
      "ask_depth_50": 143690.21,
      "bid_depth_100": 181962.33,
      "ask_depth_100": 143690.21,
      "bid_depth_500": 181962.33,
      "ask_depth_500": 143690.21,
      "imbalance": 0.1175,
      "score": 57.6
    },
    "ONDO": {
      "tradeable": true,
      "spread_pct": 0.027347,
      "bid_depth_50": 49799.23,
      "ask_depth_50": 65967.25,
      "bid_depth_100": 49799.23,
      "ask_depth_100": 65967.25,
      "bid_depth_500": 49799.23,
      "ask_depth_500": 65967.25,
      "imbalance": -0.1397,
      "score": 65.6
    },
    "OP": {
      "tradeable": true,
      "spread_pct": 0.016586,
      "bid_depth_50": 51573.67,
      "ask_depth_50": 99500.77,
      "bid_depth_100": 51606.53,
      "ask_depth_100": 99500.77,
      "bid_depth_500": 51606.53,
      "ask_depth_500": 99500.77,
      "imbalance": -0.3172,
      "score": 77.9
    },
    "PAXG": {
      "tradeable": true,
      "spread_pct": 0.008581,
      "bid_depth_50": 574847.22,
      "ask_depth_50": 346186.47,
      "bid_depth_100": 574847.22,
      "ask_depth_100": 346186.47,
      "bid_depth_500": 574847.22,
      "ask_depth_500": 346186.47,
      "imbalance": 0.2483,
      "score": 100
    },
    "PUMP": {
      "tradeable": false,
      "spread_pct": 0.108225,
      "bid_depth_50": 458727.18,
      "ask_depth_50": 315735.94,
      "bid_depth_100": 743421.33,