{
  "timestamp": "2026-03-25T19:40:08.535212+00:00",
  "coins": {
    "AAVE": {
      "tradeable": true,
      "spread_pct": 0.01773,
      "bid_depth_50": 390166.33,
      "ask_depth_50": 353812.43,
      "bid_depth_100": 390166.33,
      "ask_depth_100": 353812.43,
      "bid_depth_500": 390166.33,
      "ask_depth_500": 353812.43,
      "imbalance": 0.0489,
      "score": 92.3
    },
    "ADA": {
      "tradeable": true,
      "spread_pct": 0.007386,
      "bid_depth_50": 137357.61,
      "ask_depth_50": 111648.56,
      "bid_depth_100": 137357.61,
      "ask_depth_100": 111648.56,
      "bid_depth_500": 137357.61,
      "ask_depth_500": 111648.56,
      "imbalance": 0.1032,
      "score": 88.8
    },
    "APT": {
      "tradeable": true,
      "spread_pct": 0.018555,
      "bid_depth_50": 74531.76,
      "ask_depth_50": 69165.47,
      "bid_depth_100": 74531.76,
      "ask_depth_100": 69165.47,
      "bid_depth_500": 74531.76,
      "ask_depth_500": 69165.47,
      "imbalance": 0.0373,
      "score": 75.6
    },
    "ARB": {
      "tradeable": true,
      "spread_pct": 0.030308,
      "bid_depth_50": 202047.22,
      "ask_depth_50": 168168.7,
      "bid_depth_100": 202047.22,
      "ask_depth_100": 168168.7,
      "bid_depth_500": 202047.22,
      "ask_depth_500": 168168.7,
      "imbalance": 0.0915,
      "score": 73.9
    },
    "AVAX": {
      "tradeable": true,
      "spread_pct": 0.006192,
      "bid_depth_50": 98297.52,
      "ask_depth_50": 53214.16,
      "bid_depth_100": 98297.52,
      "ask_depth_100": 53214.16,
      "bid_depth_500": 98297.52,
      "ask_depth_500": 53214.16,
      "imbalance": 0.2976,
      "score": 84.5
    },
    "BCH": {
      "tradeable": true,
      "spread_pct": 0.006321,
      "bid_depth_50": 43645.44,
      "ask_depth_50": 79377.46,
      "bid_depth_100": 43645.44,
      "ask_depth_100": 79377.46,
      "bid_depth_500": 43645.44,
      "ask_depth_500": 79377.46,
      "imbalance": -0.2905,
      "score": 83.2
    },
    "BNB": {
      "tradeable": true,
      "spread_pct": 0.009283,
      "bid_depth_50": 66318.64,
      "ask_depth_50": 70913.37,
      "bid_depth_100": 66318.64,
      "ask_depth_100": 70913.37,
      "bid_depth_500": 66318.64,
      "ask_depth_500": 70913.37,
      "imbalance": -0.0335,
      "score": 83.9
    },
    "BTC": {
      "tradeable": true,
      "spread_pct": 0.001408,
      "bid_depth_50": 169450.08,
      "ask_depth_50": 10607419.75,
      "bid_depth_100": 169450.08,
      "ask_depth_100": 10607419.75,
      "bid_depth_500": 169450.08,
      "ask_depth_500": 10607419.75,
      "imbalance": -0.9686,
      "score": 100
    },
    "CRV": {
      "tradeable": true,
      "spread_pct": 0.034015,
      "bid_depth_50": 118687.9,
      "ask_depth_50": 51015.55,
      "bid_depth_100": 118687.9,
      "ask_depth_100": 51015.55,
      "bid_depth_500": 118687.9,
      "ask_depth_500": 51015.55,
      "imbalance": 0.3988,
      "score": 61.3
    },
    "DOGE": {
      "tradeable": true,
      "spread_pct": 0.001038,
      "bid_depth_50": 190662.74,
      "ask_depth_50": 332909.54,
      "bid_depth_100": 190662.74,
      "ask_depth_100": 332909.54,
      "bid_depth_500": 190662.74,
      "ask_depth_500": 332909.54,
      "imbalance": -0.2717,
      "score": 100
    },
    "DOT": {
      "tradeable": true,
      "spread_pct": 0.036511,
      "bid_depth_50": 123807.17,
      "ask_depth_50": 82083.03,
      "bid_depth_100": 123807.17,
      "ask_depth_100": 82083.03,
      "bid_depth_500": 123807.17,
      "ask_depth_500": 82083.03,
      "imbalance": 0.2027,
      "score": 60.4
    },
    "ENA": {
      "tradeable": true,
      "spread_pct": 0.038827,
      "bid_depth_50": 266674.53,
      "ask_depth_50": 188243.07,
      "bid_depth_100": 266674.53,
      "ask_depth_100": 188243.07,
      "bid_depth_500": 266674.53,
      "ask_depth_500": 188243.07,
      "imbalance": 0.1724,
      "score": 69.2
    },
    "ETH": {
      "tradeable": true,
      "spread_pct": 0.004602,
      "bid_depth_50": 10186167.71,
      "ask_depth_50": 8869883.58,
      "bid_depth_100": 10186167.71,
      "ask_depth_100": 8869883.58,
      "bid_depth_500": 10186167.71,
      "ask_depth_500": 8869883.58,
      "imbalance": 0.0691,
      "score": 100
    },
    "FARTCOIN": {
      "tradeable": true,
      "spread_pct": 0.026281,
      "bid_depth_50": 64976.06,
      "ask_depth_50": 66354.77,
      "bid_depth_100": 64976.06,
      "ask_depth_100": 66354.77,
      "bid_depth_500": 64976.06,
      "ask_depth_500": 66354.77,
      "imbalance": -0.0105,
      "score": 67.3
    },
    "HYPE": {
      "tradeable": true,
      "spread_pct": 0.002477,
      "bid_depth_50": 164481.44,
      "ask_depth_50": 81305.22,
      "bid_depth_100": 164481.44,
      "ask_depth_100": 81305.22,
      "bid_depth_500": 164481.44,
      "ask_depth_500": 81305.22,
      "imbalance": 0.3384,
      "score": 88.7
    },
    "INJ": {
      "tradeable": true,
      "spread_pct": 0.035708,
      "bid_depth_50": 51335.81,
      "ask_depth_50": 30330.15,
      "bid_depth_100": 51335.81,
      "ask_depth_100": 30330.15,
      "bid_depth_500": 51335.81,
      "ask_depth_500": 30330.15,
      "imbalance": 0.2572,
      "score": 55.7
    },
    "JUP": {
      "tradeable": false,
      "spread_pct": 0.051249,
      "bid_depth_50": 44918.42,
      "ask_depth_50": 38833.18,
      "bid_depth_100": 44918.42,
      "ask_depth_100": 38833.18,
      "bid_depth_500": 44918.42,
      "ask_depth_500": 38833.18,
      "imbalance": 0.0727,
      "score": 51.4
    },
    "LDO": {
      "tradeable": true,
      "spread_pct": 0.040047,
      "bid_depth_50": 43688.32,
      "ask_depth_50": 69474.26,
      "bid_depth_100": 43688.32,
      "ask_depth_100": 69474.26,
      "bid_depth_500": 43688.32,
      "ask_depth_500": 69474.26,
      "imbalance": -0.2279,
      "score": 52.8
    },
    "LINK": {
      "tradeable": true,
      "spread_pct": 0.014964,
      "bid_depth_50": 138050.57,
      "ask_depth_50": 135739.85,
      "bid_depth_100": 138050.57,
      "ask_depth_100": 135739.85,
      "bid_depth_500": 138050.57,
      "ask_depth_500": 135739.85,
      "imbalance": 0.0084,
      "score": 85.0
    },
    "LTC": {
      "tradeable": true,
      "spread_pct": 0.01242,
      "bid_depth_50": 86071.35,
      "ask_depth_50": 124925.42,
      "bid_depth_100": 86071.35,
      "ask_depth_100": 124925.42,
      "bid_depth_500": 86071.35,
      "ask_depth_500": 124925.42,
      "imbalance": -0.1841,
      "score": 84.7
    },
    "NEAR": {
      "tradeable": true,
      "spread_pct": 0.007824,
      "bid_depth_50": 115235.48,
      "ask_depth_50": 66246.35,
      "bid_depth_100": 115235.48,
      "ask_depth_100": 66246.35,
      "bid_depth_500": 115235.48,
      "ask_depth_500": 66246.35,
      "imbalance": 0.2699,
      "score": 85.8
    },
    "ONDO": {
      "tradeable": true,
      "spread_pct": 0.038105,
      "bid_depth_50": 56845.71,
      "ask_depth_50": 60708.7,
      "bid_depth_100": 56845.71,
      "ask_depth_100": 60708.7,
      "bid_depth_500": 56845.71,
      "ask_depth_500": 60708.7,
      "imbalance": -0.0329,
      "score": 54.9
    },
    "OP": {
      "tradeable": true,
      "spread_pct": 0.035224,
      "bid_depth_50": 49389.37,
      "ask_depth_50": 111956.72,
      "bid_depth_100": 122298.81,
      "ask_depth_100": 111956.72,
      "bid_depth_500": 122298.81,
      "ask_depth_500": 111956.72,
      "imbalance": -0.3878,
      "score": 63.0
    },
    "PAXG": {
      "tradeable": true,
      "spread_pct": 0.008856,
      "bid_depth_50": 465409.89,
      "ask_depth_50": 532849.66,
      "bid_depth_100": 465409.89,
      "ask_depth_100": 532849.66,
      "bid_depth_500": 465409.89,
      "ask_depth_500": 532849.66,
      "imbalance": -0.0676,
      "score": 100
    },
    "PUMP": {
      "tradeable": false,
      "spread_pct": 0.05226,
      "bid_depth_50": 385799.52,
      "ask_depth_50": 410930.87,
      "bid_depth_100": 744042.12,
      "ask_depth_100": 771576.44,