{
  "timestamp": "2026-03-23T07:43:13.600389+00:00",
  "coins": {
    "AAVE": {
      "tradeable": true,
      "spread_pct": 0.018886,
      "bid_depth_50": 300505.19,
      "ask_depth_50": 317094.84,
      "bid_depth_100": 300505.19,
      "ask_depth_100": 317094.84,
      "bid_depth_500": 300505.19,
      "ask_depth_500": 317094.84,
      "imbalance": -0.0269,
      "score": 91.1
    },
    "ADA": {
      "tradeable": true,
      "spread_pct": 0.03997,
      "bid_depth_50": 103268.83,
      "ask_depth_50": 131870.41,
      "bid_depth_100": 103268.83,
      "ask_depth_100": 131870.41,
      "bid_depth_500": 103268.83,
      "ask_depth_500": 131870.41,
      "imbalance": -0.1216,
      "score": 58.3
    },
    "APT": {
      "tradeable": true,
      "spread_pct": 0.032728,
      "bid_depth_50": 84472.73,
      "ask_depth_50": 118960.02,
      "bid_depth_100": 84472.73,
      "ask_depth_100": 118960.02,
      "bid_depth_500": 84472.73,
      "ask_depth_500": 118960.02,
      "imbalance": -0.1695,
      "score": 64.1
    },
    "ARB": {
      "tradeable": true,
      "spread_pct": 0.010779,
      "bid_depth_50": 152117.35,
      "ask_depth_50": 236802.52,
      "bid_depth_100": 152117.35,
      "ask_depth_100": 236802.52,
      "bid_depth_500": 152117.35,
      "ask_depth_500": 236802.52,
      "imbalance": -0.2177,
      "score": 94.3
    },
    "AVAX": {
      "tradeable": true,
      "spread_pct": 0.001105,
      "bid_depth_50": 90097.58,
      "ask_depth_50": 49093.43,
      "bid_depth_100": 90097.58,
      "ask_depth_100": 49093.43,
      "bid_depth_500": 90097.58,
      "ask_depth_500": 49093.43,
      "imbalance": 0.2946,
      "score": 84.0
    },
    "BCH": {
      "tradeable": true,
      "spread_pct": 0.023541,
      "bid_depth_50": 110678.25,
      "ask_depth_50": 81363.38,
      "bid_depth_100": 110678.25,
      "ask_depth_100": 81363.38,
      "bid_depth_500": 110678.25,
      "ask_depth_500": 81363.38,
      "imbalance": 0.1526,
      "score": 72.8
    },
    "BNB": {
      "tradeable": true,
      "spread_pct": 0.025607,
      "bid_depth_50": 86128.82,
      "ask_depth_50": 117064.0,
      "bid_depth_100": 86128.82,
      "ask_depth_100": 117064.0,
      "bid_depth_500": 86128.82,
      "ask_depth_500": 117064.0,
      "imbalance": -0.1522,
      "score": 71.2
    },
    "BTC": {
      "tradeable": true,
      "spread_pct": 0.001464,
      "bid_depth_50": 19124041.08,
      "ask_depth_50": 1597857.33,
      "bid_depth_100": 19124041.08,
      "ask_depth_100": 1597857.33,
      "bid_depth_500": 19124041.08,
      "ask_depth_500": 1597857.33,
      "imbalance": 0.8458,
      "score": 100
    },
    "CRV": {
      "tradeable": true,
      "spread_pct": 0.04638,
      "bid_depth_50": 81954.93,
      "ask_depth_50": 98740.87,
      "bid_depth_100": 81954.93,
      "ask_depth_100": 98740.87,
      "bid_depth_500": 81954.93,
      "ask_depth_500": 98740.87,
      "imbalance": -0.0929,
      "score": 49.4
    },
    "DOGE": {
      "tradeable": true,
      "spread_pct": 0.008825,
      "bid_depth_50": 292224.17,
      "ask_depth_50": 239740.73,
      "bid_depth_100": 292224.17,
      "ask_depth_100": 239740.73,
      "bid_depth_500": 292224.17,
      "ask_depth_500": 239740.73,
      "imbalance": 0.0987,
      "score": 100
    },
    "DOT": {
      "tradeable": true,
      "spread_pct": 0.04231,
      "bid_depth_50": 101456.33,
      "ask_depth_50": 257288.83,
      "bid_depth_100": 101456.33,
      "ask_depth_100": 257288.83,
      "bid_depth_500": 101456.33,
      "ask_depth_500": 257288.83,
      "imbalance": -0.4344,
      "score": 61.4
    },
    "ENA": {
      "tradeable": false,
      "spread_pct": 0.062046,
      "bid_depth_50": 135052.81,
      "ask_depth_50": 65770.64,
      "bid_depth_100": 135052.81,
      "ask_depth_100": 65770.64,
      "bid_depth_500": 135052.81,
      "ask_depth_500": 65770.64,
      "imbalance": 0.345,
      "score": 55.9
    },
    "ETH": {
      "tradeable": true,
      "spread_pct": 0.004883,
      "bid_depth_50": 6694177.55,
      "ask_depth_50": 9365925.73,
      "bid_depth_100": 6694177.55,
      "ask_depth_100": 9365925.73,
      "bid_depth_500": 6694177.55,
      "ask_depth_500": 9365925.73,
      "imbalance": -0.1664,
      "score": 100
    },
    "FARTCOIN": {
      "tradeable": true,
      "spread_pct": 0.005398,
      "bid_depth_50": 70439.48,
      "ask_depth_50": 57014.86,
      "bid_depth_100": 70439.48,
      "ask_depth_100": 57014.86,
      "bid_depth_500": 70439.48,
      "ask_depth_500": 57014.86,
      "imbalance": 0.1053,
      "score": 83.4
    },
    "HYPE": {
      "tradeable": true,
      "spread_pct": 0.021242,
      "bid_depth_50": 150448.7,
      "ask_depth_50": 98267.91,
      "bid_depth_100": 150448.7,
      "ask_depth_100": 98267.91,
      "bid_depth_500": 150448.7,
      "ask_depth_500": 98267.91,
      "imbalance": 0.2098,
      "score": 77.6
    },
    "INJ": {
      "tradeable": true,
      "spread_pct": 0.037472,
      "bid_depth_50": 45571.17,
      "ask_depth_50": 37990.14,
      "bid_depth_100": 45571.17,
      "ask_depth_100": 40240.14,
      "bid_depth_500": 45571.17,
      "ask_depth_500": 40240.14,
      "imbalance": 0.0907,
      "score": 54.1
    },
    "JUP": {
      "tradeable": false,
      "spread_pct": 0.071144,
      "bid_depth_50": 56481.51,
      "ask_depth_50": 51689.03,
      "bid_depth_100": 56481.51,
      "ask_depth_100": 51689.03,
      "bid_depth_500": 56481.51,
      "ask_depth_500": 51689.03,
      "imbalance": 0.0443,
      "score": 51.2
    },
    "LDO": {
      "tradeable": true,
      "spread_pct": 0.035537,
      "bid_depth_50": 93337.37,
      "ask_depth_50": 35931.83,
      "bid_depth_100": 93337.37,
      "ask_depth_100": 35931.83,
      "bid_depth_500": 93337.37,
      "ask_depth_500": 35931.83,
      "imbalance": 0.4441,
      "score": 58.0
    },
    "LINK": {
      "tradeable": true,
      "spread_pct": 0.003463,
      "bid_depth_50": 108187.05,
      "ask_depth_50": 129438.78,
      "bid_depth_100": 108187.05,
      "ask_depth_100": 129438.78,
      "bid_depth_500": 108187.05,
      "ask_depth_500": 129438.78,
      "imbalance": -0.0894,
      "score": 88.3
    },
    "LTC": {
      "tradeable": true,
      "spread_pct": 0.014905,
      "bid_depth_50": 168132.32,
      "ask_depth_50": 160665.22,
      "bid_depth_100": 168132.32,
      "ask_depth_100": 160665.22,
      "bid_depth_500": 168132.32,
      "ask_depth_500": 160665.22,
      "imbalance": 0.0227,
      "score": 87.5
    },
    "NEAR": {
      "tradeable": false,
      "spread_pct": 0.063091,
      "bid_depth_50": 188643.04,
      "ask_depth_50": 56865.93,
      "bid_depth_100": 188643.04,
      "ask_depth_100": 56865.93,
      "bid_depth_500": 188643.04,
      "ask_depth_500": 56865.93,
      "imbalance": 0.5368,
      "score": 57.8
    },
    "ONDO": {
      "tradeable": false,
      "spread_pct": 0.069517,
      "bid_depth_50": 75591.7,
      "ask_depth_50": 77049.04,
      "bid_depth_100": 75591.7,
      "ask_depth_100": 77049.04,
      "bid_depth_500": 75591.7,
      "ask_depth_500": 77049.04,
      "imbalance": -0.0095,
      "score": 53.3
    },
    "OP": {
      "tradeable": false,
      "spread_pct": 0.105189,
      "bid_depth_50": 60216.71,
      "ask_depth_50": 111723.83,
      "bid_depth_100": 63589.94,
      "ask_depth_100": 111723.83,
      "bid_depth_500": 63589.94,
      "ask_depth_500": 111723.83,
      "imbalance": -0.2996,
      "score": 51.9
    },
    "PAXG": {
      "tradeable": true,
      "spread_pct": 0.016572,
      "bid_depth_50": 241758.74,
      "ask_depth_50": 192106.04,
      "bid_depth_100": 241758.74,
      "ask_depth_100": 192106.04,
      "bid_depth_500": 241758.74,
      "ask_depth_500": 192106.04,
      "imbalance": 0.1144,
      "score": 90.5
    },
    "PUMP": {
      "tradeable": false,
      "spread_pct": 0.112994,
      "bid_depth_50": 293681.33,
      "ask_depth_50": 322332.12,
      "bid_depth_100": 729512.3,