{
  "timestamp": "2026-03-18T09:35:54.143905+00:00",
  "coins": {
    "BTC": {
      "tradeable": true,
      "spread_pct": 0.002697,
      "bid_depth_50": 752868.04,
      "ask_depth_50": 9077648.21,
      "bid_depth_100": 752868.04,
      "ask_depth_100": 9077648.21,
      "bid_depth_500": 752868.04,
      "ask_depth_500": 9077648.21,
      "imbalance": -0.8468,
      "score": 100
    },
    "ETH": {
      "tradeable": true,
      "spread_pct": 0.004294,
      "bid_depth_50": 8194895.06,
      "ask_depth_50": 8279790.8,
      "bid_depth_100": 8194895.06,
      "ask_depth_100": 8279790.8,
      "bid_depth_500": 8194895.06,
      "ask_depth_500": 8279790.8,
      "imbalance": -0.0052,
      "score": 100
    },
    "SOL": {
      "tradeable": true,
      "spread_pct": 0.001062,
      "bid_depth_50": 261408.44,
      "ask_depth_50": 611323.87,
      "bid_depth_100": 261408.44,
      "ask_depth_100": 611323.87,
      "bid_depth_500": 261408.44,
      "ask_depth_500": 611323.87,
      "imbalance": -0.4009,
      "score": 100
    },
    "DOGE": {
      "tradeable": true,
      "spread_pct": 0.001002,
      "bid_depth_50": 121232.44,
      "ask_depth_50": 154478.51,
      "bid_depth_100": 121232.44,
      "ask_depth_100": 154478.51,
      "bid_depth_500": 121232.44,
      "ask_depth_500": 154478.51,
      "imbalance": -0.1206,
      "score": 90.0
    },
    "AVAX": {
      "tradeable": true,
      "spread_pct": 0.019469,
      "bid_depth_50": 172087.01,
      "ask_depth_50": 144403.97,
      "bid_depth_100": 172087.01,
      "ask_depth_100": 144403.97,
      "bid_depth_500": 172087.01,
      "ask_depth_500": 144403.97,
      "imbalance": 0.0875,
      "score": 82.4
    },
    "LINK": {
      "tradeable": true,
      "spread_pct": 0.001017,
      "bid_depth_50": 149566.78,
      "ask_depth_50": 123805.96,
      "bid_depth_100": 149566.78,
      "ask_depth_100": 123805.96,
      "bid_depth_500": 149566.78,
      "ask_depth_500": 123805.96,
      "imbalance": 0.0942,
      "score": 89.9
    },
    "ARB": {
      "tradeable": true,
      "spread_pct": 0.018495,
      "bid_depth_50": 202649.96,
      "ask_depth_50": 120781.71,
      "bid_depth_100": 202649.96,
      "ask_depth_100": 120781.71,
      "bid_depth_500": 202649.96,
      "ask_depth_500": 120781.71,
      "imbalance": 0.2531,
      "score": 83.7
    },
    "NEAR": {
      "tradeable": true,
      "spread_pct": 0.006863,
      "bid_depth_50": 159610.01,
      "ask_depth_50": 60835.99,
      "bid_depth_100": 159610.01,
      "ask_depth_100": 60835.99,
      "bid_depth_500": 159610.01,
      "ask_depth_500": 60835.99,
      "imbalance": 0.4481,
      "score": 87.6
    },
    "SUI": {
      "tradeable": true,
      "spread_pct": 0.00971,
      "bid_depth_50": 313396.51,
      "ask_depth_50": 386499.04,
      "bid_depth_100": 313396.51,
      "ask_depth_100": 386499.04,
      "bid_depth_500": 313396.51,
      "ask_depth_500": 386499.04,
      "imbalance": -0.1044,
      "score": 100
    },
    "INJ": {
      "tradeable": false,
      "spread_pct": 0.052559,
      "bid_depth_50": 64692.21,
      "ask_depth_50": 31127.19,
      "bid_depth_100": 64692.21,
      "ask_depth_100": 31127.19,
      "bid_depth_500": 64692.21,
      "ask_depth_500": 31127.19,
      "imbalance": 0.3503,
      "score": 51.9
    }
  }
}