{
  "timestamp": "2026-03-19T05:15:26.656261+00:00",
  "coins": {
    "AAVE": {
      "tradeable": true,
      "spread_pct": 0.008569,
      "bid_depth_50": 274691.06,
      "ask_depth_50": 233036.36,
      "bid_depth_100": 274691.06,
      "ask_depth_100": 233036.36,
      "bid_depth_500": 274691.06,
      "ask_depth_500": 233036.36,
      "imbalance": 0.082,
      "score": 100
    },
    "ADA": {
      "tradeable": true,
      "spread_pct": 0.003674,
      "bid_depth_50": 153991.81,
      "ask_depth_50": 148892.43,
      "bid_depth_100": 153991.81,
      "ask_depth_100": 148892.43,
      "bid_depth_500": 153991.81,
      "ask_depth_500": 148892.43,
      "imbalance": 0.0168,
      "score": 91.2
    },
    "APT": {
      "tradeable": true,
      "spread_pct": 0.030496,
      "bid_depth_50": 107595.19,
      "ask_depth_50": 138746.8,
      "bid_depth_100": 107595.19,
      "ask_depth_100": 138746.8,
      "bid_depth_500": 107595.19,
      "ask_depth_500": 138746.8,
      "imbalance": -0.1265,
      "score": 68.2
    },
    "ARB": {
      "tradeable": true,
      "spread_pct": 0.019581,
      "bid_depth_50": 183870.4,
      "ask_depth_50": 225247.49,
      "bid_depth_100": 183870.4,
      "ask_depth_100": 225247.49,
      "bid_depth_500": 183870.4,
      "ask_depth_500": 225247.49,
      "imbalance": -0.1011,
      "score": 86.4
    },
    "AVAX": {
      "tradeable": true,
      "spread_pct": 0.024966,
      "bid_depth_50": 182141.88,
      "ask_depth_50": 128752.1,
      "bid_depth_100": 182141.88,
      "ask_depth_100": 128752.1,
      "bid_depth_500": 182141.88,
      "ask_depth_500": 128752.1,
      "imbalance": 0.1717,
      "score": 76.6
    },
    "BCH": {
      "tradeable": true,
      "spread_pct": 0.010942,
      "bid_depth_50": 74571.37,
      "ask_depth_50": 68046.92,
      "bid_depth_100": 74571.37,
      "ask_depth_100": 68046.92,
      "bid_depth_500": 74571.37,
      "ask_depth_500": 68046.92,
      "imbalance": 0.0457,
      "score": 83.2
    },
    "BNB": {
      "tradeable": true,
      "spread_pct": 0.001539,
      "bid_depth_50": 160254.2,
      "ask_depth_50": 61549.79,
      "bid_depth_100": 160254.2,
      "ask_depth_100": 61549.79,
      "bid_depth_500": 160254.2,
      "ask_depth_500": 61549.79,
      "imbalance": 0.445,
      "score": 87.6
    },
    "BTC": {
      "tradeable": true,
      "spread_pct": 0.001413,
      "bid_depth_50": 2221404.63,
      "ask_depth_50": 3629983.93,
      "bid_depth_100": 2221404.63,
      "ask_depth_100": 3629983.93,
      "bid_depth_500": 2221404.63,
      "ask_depth_500": 3629983.93,
      "imbalance": -0.2407,
      "score": 100
    },
    "CRV": {
      "tradeable": true,
      "spread_pct": 0.037262,
      "bid_depth_50": 101289.99,
      "ask_depth_50": 103934.67,
      "bid_depth_100": 101289.99,
      "ask_depth_100": 103934.67,
      "bid_depth_500": 101289.99,
      "ask_depth_500": 103934.67,
      "imbalance": -0.0129,
      "score": 59.6
    },
    "DOGE": {
      "tradeable": true,
      "spread_pct": 0.001055,
      "bid_depth_50": 204518.12,
      "ask_depth_50": 133609.94,
      "bid_depth_100": 204518.12,
      "ask_depth_100": 133609.94,
      "bid_depth_500": 204518.12,
      "ask_depth_500": 133609.94,
      "imbalance": 0.2097,
      "score": 92.8
    },
    "DOT": {
      "tradeable": true,
      "spread_pct": 0.025788,
      "bid_depth_50": 90091.6,
      "ask_depth_50": 100661.83,
      "bid_depth_100": 90091.6,
      "ask_depth_100": 100661.83,
      "bid_depth_500": 90091.6,
      "ask_depth_500": 100661.83,
      "imbalance": -0.0554,
      "score": 70.5
    },
    "ENA": {
      "tradeable": true,
      "spread_pct": 0.018802,
      "bid_depth_50": 172456.09,
      "ask_depth_50": 246585.63,
      "bid_depth_100": 172456.09,
      "ask_depth_100": 246585.63,
      "bid_depth_500": 172456.09,
      "ask_depth_500": 246585.63,
      "imbalance": -0.1769,
      "score": 87.6
    },
    "ETH": {
      "tradeable": true,
      "spread_pct": 0.00456,
      "bid_depth_50": 5249602.4,
      "ask_depth_50": 8893429.99,
      "bid_depth_100": 5249602.4,
      "ask_depth_100": 8893429.99,
      "bid_depth_500": 5249602.4,
      "ask_depth_500": 8893429.99,
      "imbalance": -0.2576,
      "score": 100
    },
    "FARTCOIN": {
      "tradeable": true,
      "spread_pct": 0.010301,
      "bid_depth_50": 38473.54,
      "ask_depth_50": 55618.26,
      "bid_depth_100": 38473.54,
      "ask_depth_100": 55618.26,
      "bid_depth_500": 38473.54,
      "ask_depth_500": 55618.26,
      "imbalance": -0.1822,
      "score": 81.7
    },
    "HYPE": {
      "tradeable": true,
      "spread_pct": 0.026652,
      "bid_depth_50": 123100.1,
      "ask_depth_50": 56753.28,
      "bid_depth_100": 123100.1,
      "ask_depth_100": 56753.28,
      "bid_depth_500": 123100.1,
      "ask_depth_500": 56753.28,
      "imbalance": 0.3689,
      "score": 69.1
    },
    "INJ": {
      "tradeable": false,
      "spread_pct": 0.055927,
      "bid_depth_50": 43777.8,
      "ask_depth_50": 46487.31,
      "bid_depth_100": 43777.8,
      "ask_depth_100": 46487.31,
      "bid_depth_500": 43777.8,
      "ask_depth_500": 46487.31,
      "imbalance": -0.03,
      "score": 51.4
    },
    "JUP": {
      "tradeable": false,
      "spread_pct": 0.06141,
      "bid_depth_50": 38333.6,
      "ask_depth_50": 38093.57,
      "bid_depth_100": 38333.6,
      "ask_depth_100": 38093.57,
      "bid_depth_500": 38333.6,
      "ask_depth_500": 38093.57,
      "imbalance": 0.0031,
      "score": 50.4
    },
    "LDO": {
      "tradeable": true,
      "spread_pct": 0.006601,
      "bid_depth_50": 34939.26,
      "ask_depth_50": 64195.12,
      "bid_depth_100": 34939.26,
      "ask_depth_100": 64195.12,
      "bid_depth_500": 34939.26,
      "ask_depth_500": 64195.12,
      "imbalance": -0.2951,
      "score": 82.2
    },
    "LINK": {
      "tradeable": true,
      "spread_pct": 0.001088,
      "bid_depth_50": 148368.01,
      "ask_depth_50": 134037.95,
      "bid_depth_100": 148368.01,
      "ask_depth_100": 134037.95,
      "bid_depth_500": 148368.01,
      "ask_depth_500": 134037.95,
      "imbalance": 0.0507,
      "score": 90.3
    },
    "LTC": {
      "tradeable": true,
      "spread_pct": 0.001797,
      "bid_depth_50": 127410.81,
      "ask_depth_50": 128144.67,
      "bid_depth_100": 127410.81,
      "ask_depth_100": 128144.67,
      "bid_depth_500": 127410.81,
      "ask_depth_500": 128144.67,
      "imbalance": -0.0029,
      "score": 89.1
    },
    "NEAR": {
      "tradeable": false,
      "spread_pct": 0.050904,
      "bid_depth_50": 175714.88,
      "ask_depth_50": 115708.31,
      "bid_depth_100": 175714.88,
      "ask_depth_100": 115708.31,
      "bid_depth_500": 175714.88,
      "ask_depth_500": 115708.31,
      "imbalance": 0.2059,
      "score": 60.7
    },
    "ONDO": {
      "tradeable": true,
      "spread_pct": 0.018836,
      "bid_depth_50": 73501.64,
      "ask_depth_50": 49435.42,
      "bid_depth_100": 73501.64,
      "ask_depth_100": 49435.42,
      "bid_depth_500": 73501.64,
      "ask_depth_500": 49435.42,
      "imbalance": 0.1958,
      "score": 74.4
    },
    "OP": {
      "tradeable": true,
      "spread_pct": 0.040018,
      "bid_depth_50": 34976.82,
      "ask_depth_50": 98395.44,
      "bid_depth_100": 34976.82,
      "ask_depth_100": 100160.87,
      "bid_depth_500": 34976.82,
      "ask_depth_500": 100160.87,
      "imbalance": -0.4755,
      "score": 53.8
    },
    "PAXG": {
      "tradeable": true,
      "spread_pct": 0.002066,
      "bid_depth_50": 669751.57,
      "ask_depth_50": 388561.24,
      "bid_depth_100": 669751.57,
      "ask_depth_100": 388561.24,
      "bid_depth_500": 669751.57,
      "ask_depth_500": 388561.24,
      "imbalance": 0.2657,
      "score": 100
    },
    "PUMP": {
      "tradeable": false,
      "spread_pct": 0.102564,
      "bid_depth_50": 454025.22,
      "ask_depth_50": 376780.12,
      "bid_depth_100": 768708.27,
      "ask_depth_100": 743794.09,