{
  "timestamp": "2026-03-18T09:18:06.552084+00:00",
  "coins": {
    "BTC": {
      "tradeable": true,
      "spread_pct": 0.001349,
      "bid_depth_50": 9057135.49,
      "ask_depth_50": 1125026.43,
      "bid_depth_100": 9057135.49,
      "ask_depth_100": 1125026.43,
      "bid_depth_500": 9057135.49,
      "ask_depth_500": 1125026.43,
      "imbalance": 0.779,
      "score": 100
    },
    "ETH": {
      "tradeable": true,
      "spread_pct": 0.004295,
      "bid_depth_50": 9824424.39,
      "ask_depth_50": 4143064.2,
      "bid_depth_100": 9824424.39,
      "ask_depth_100": 4143064.2,
      "bid_depth_500": 9824424.39,
      "ask_depth_500": 4143064.2,
      "imbalance": 0.4068,
      "score": 100
    },
    "SOL": {
      "tradeable": true,
      "spread_pct": 0.007425,
      "bid_depth_50": 2102772.04,
      "ask_depth_50": 218106.99,
      "bid_depth_100": 2102772.04,
      "ask_depth_100": 218106.99,
      "bid_depth_500": 2102772.04,
      "ask_depth_500": 218106.99,
      "imbalance": 0.812,
      "score": 100
    },
    "DOGE": {
      "tradeable": true,
      "spread_pct": 0.001002,
      "bid_depth_50": 82872.58,
      "ask_depth_50": 210431.34,
      "bid_depth_100": 82872.58,
      "ask_depth_100": 210431.34,
      "bid_depth_500": 82872.58,
      "ask_depth_500": 210431.34,
      "imbalance": -0.4349,
      "score": 90.8
    },
    "AVAX": {
      "tradeable": true,
      "spread_pct": 0.009747,
      "bid_depth_50": 2169114.97,
      "ask_depth_50": 349451.17,
      "bid_depth_100": 2169114.97,
      "ask_depth_100": 349451.17,
      "bid_depth_500": 2169114.97,
      "ask_depth_500": 349451.17,
      "imbalance": 0.7225,
      "score": 100
    },
    "LINK": {
      "tradeable": true,
      "spread_pct": 0.018306,
      "bid_depth_50": 111486.71,
      "ask_depth_50": 175763.71,
      "bid_depth_100": 111486.71,
      "ask_depth_100": 175763.71,
      "bid_depth_500": 111486.71,
      "ask_depth_500": 175763.71,
      "imbalance": -0.2238,
      "score": 82.2
    },
    "ARB": {
      "tradeable": true,
      "spread_pct": 0.027841,
      "bid_depth_50": 238578.1,
      "ask_depth_50": 217145.41,
      "bid_depth_100": 238578.1,
      "ask_depth_100": 217145.41,
      "bid_depth_500": 238578.1,
      "ask_depth_500": 217145.41,
      "imbalance": 0.047,
      "score": 80.2
    },
    "NEAR": {
      "tradeable": true,
      "spread_pct": 0.02075,
      "bid_depth_50": 157847.2,
      "ask_depth_50": 71317.79,
      "bid_depth_100": 157847.2,
      "ask_depth_100": 71317.79,
      "bid_depth_500": 157847.2,
      "ask_depth_500": 71317.79,
      "imbalance": 0.3776,
      "score": 77.2
    },
    "SUI": {
      "tradeable": true,
      "spread_pct": 0.009736,
      "bid_depth_50": 411054.39,
      "ask_depth_50": 855046.6,
      "bid_depth_100": 411054.39,
      "ask_depth_100": 855046.6,
      "bid_depth_500": 411054.39,
      "ask_depth_500": 855046.6,
      "imbalance": -0.3507,
      "score": 100
    },
    "INJ": {
      "tradeable": true,
      "spread_pct": 0.040294,
      "bid_depth_50": 53330.11,
      "ask_depth_50": 28341.89,
      "bid_depth_100": 222971.52,
      "ask_depth_100": 177453.41,
      "bid_depth_500": 222971.52,
      "ask_depth_500": 177453.41,
      "imbalance": 0.306,
      "score": 65.3
    }
  }
}