{
  "timestamp": "2026-03-26T06:41:15.588814+00:00",
  "coins": {
    "AAVE": {
      "tradeable": true,
      "spread_pct": 0.018513,
      "bid_depth_50": 242610.87,
      "ask_depth_50": 380928.11,
      "bid_depth_100": 242610.87,
      "ask_depth_100": 380928.11,
      "bid_depth_500": 242610.87,
      "ask_depth_500": 380928.11,
      "imbalance": -0.2218,
      "score": 91.5
    },
    "ADA": {
      "tradeable": true,
      "spread_pct": 0.003827,
      "bid_depth_50": 109817.69,
      "ask_depth_50": 108665.62,
      "bid_depth_100": 109817.69,
      "ask_depth_100": 108665.62,
      "bid_depth_500": 109817.69,
      "ask_depth_500": 108665.62,
      "imbalance": 0.0053,
      "score": 87.5
    },
    "APT": {
      "tradeable": true,
      "spread_pct": 0.02921,
      "bid_depth_50": 96297.72,
      "ask_depth_50": 117336.79,
      "bid_depth_100": 96297.72,
      "ask_depth_100": 117336.79,
      "bid_depth_500": 96297.72,
      "ask_depth_500": 117336.79,
      "imbalance": -0.0985,
      "score": 68.1
    },
    "ARB": {
      "tradeable": true,
      "spread_pct": 0.010519,
      "bid_depth_50": 283251.24,
      "ask_depth_50": 197246.39,
      "bid_depth_100": 283251.24,
      "ask_depth_100": 197246.39,
      "bid_depth_500": 283251.24,
      "ask_depth_500": 197246.39,
      "imbalance": 0.179,
      "score": 98.6
    },
    "AVAX": {
      "tradeable": true,
      "spread_pct": 0.016971,
      "bid_depth_50": 84480.24,
      "ask_depth_50": 50826.15,
      "bid_depth_100": 84480.24,
      "ask_depth_100": 50826.15,
      "bid_depth_500": 84480.24,
      "ask_depth_500": 50826.15,
      "imbalance": 0.2487,
      "score": 76.8
    },
    "BCH": {
      "tradeable": true,
      "spread_pct": 0.027905,
      "bid_depth_50": 109828.73,
      "ask_depth_50": 69966.6,
      "bid_depth_100": 109828.73,
      "ask_depth_100": 69966.6,
      "bid_depth_500": 109828.73,
      "ask_depth_500": 69966.6,
      "imbalance": 0.2217,
      "score": 67.9
    },
    "BNB": {
      "tradeable": true,
      "spread_pct": 0.01104,
      "bid_depth_50": 53173.89,
      "ask_depth_50": 83026.55,
      "bid_depth_100": 53173.89,
      "ask_depth_100": 83026.55,
      "bid_depth_500": 53173.89,
      "ask_depth_500": 83026.55,
      "imbalance": -0.2192,
      "score": 82.8
    },
    "BTC": {
      "tradeable": true,
      "spread_pct": 0.001429,
      "bid_depth_50": 1423967.19,
      "ask_depth_50": 7485418.86,
      "bid_depth_100": 1423967.19,
      "ask_depth_100": 7485418.86,
      "bid_depth_500": 1423967.19,
      "ask_depth_500": 7485418.86,
      "imbalance": -0.6803,
      "score": 100
    },
    "CRV": {
      "tradeable": true,
      "spread_pct": 0.008914,
      "bid_depth_50": 83534.22,
      "ask_depth_50": 89379.35,
      "bid_depth_100": 83534.22,
      "ask_depth_100": 89379.35,
      "bid_depth_500": 83534.22,
      "ask_depth_500": 89379.35,
      "imbalance": -0.0338,
      "score": 85.5
    },
    "DOGE": {
      "tradeable": true,
      "spread_pct": 0.001082,
      "bid_depth_50": 125534.06,
      "ask_depth_50": 280673.32,
      "bid_depth_100": 125534.06,
      "ask_depth_100": 280673.32,
      "bid_depth_500": 125534.06,
      "ask_depth_500": 280673.32,
      "imbalance": -0.3819,
      "score": 95.8
    },
    "DOT": {
      "tradeable": true,
      "spread_pct": 0.007577,
      "bid_depth_50": 97083.57,
      "ask_depth_50": 182596.3,
      "bid_depth_100": 97083.57,
      "ask_depth_100": 182596.3,
      "bid_depth_500": 97083.57,
      "ask_depth_500": 182596.3,
      "imbalance": -0.3058,
      "score": 90.2
    },
    "ENA": {
      "tradeable": true,
      "spread_pct": 0.03944,
      "bid_depth_50": 235547.36,
      "ask_depth_50": 280603.36,
      "bid_depth_100": 235547.36,
      "ask_depth_100": 280603.36,
      "bid_depth_500": 235547.36,
      "ask_depth_500": 280603.36,
      "imbalance": -0.0873,
      "score": 70.6
    },
    "ETH": {
      "tradeable": true,
      "spread_pct": 0.004717,
      "bid_depth_50": 4526764.62,
      "ask_depth_50": 11990191.13,
      "bid_depth_100": 4526764.62,
      "ask_depth_100": 11990191.13,
      "bid_depth_500": 4526764.62,
      "ask_depth_500": 11990191.13,
      "imbalance": -0.4519,
      "score": 100
    },
    "FARTCOIN": {
      "tradeable": true,
      "spread_pct": 0.032974,
      "bid_depth_50": 56943.26,
      "ask_depth_50": 64889.95,
      "bid_depth_100": 56943.26,
      "ask_depth_100": 64889.95,
      "bid_depth_500": 56943.26,
      "ask_depth_500": 64889.95,
      "imbalance": -0.0652,
      "score": 60.2
    },
    "HYPE": {
      "tradeable": true,
      "spread_pct": 0.002579,
      "bid_depth_50": 90875.72,
      "ask_depth_50": 168365.49,
      "bid_depth_100": 90875.72,
      "ask_depth_100": 168365.49,
      "bid_depth_500": 90875.72,
      "ask_depth_500": 168365.49,
      "imbalance": -0.2989,
      "score": 89.3
    },
    "INJ": {
      "tradeable": true,
      "spread_pct": 0.023452,
      "bid_depth_50": 33497.15,
      "ask_depth_50": 34529.99,
      "bid_depth_100": 33497.15,
      "ask_depth_100": 34529.99,
      "bid_depth_500": 33497.15,
      "ask_depth_500": 34529.99,
      "imbalance": -0.0152,
      "score": 67.3
    },
    "JUP": {
      "tradeable": true,
      "spread_pct": 0.026438,
      "bid_depth_50": 48264.59,
      "ask_depth_50": 22218.74,
      "bid_depth_100": 48264.59,
      "ask_depth_100": 22218.74,
      "bid_depth_500": 48264.59,
      "ask_depth_500": 22218.74,
      "imbalance": 0.3695,
      "score": 64.5
    },
    "LDO": {
      "tradeable": false,
      "spread_pct": 0.072129,
      "bid_depth_50": 66457.26,
      "ask_depth_50": 39547.42,
      "bid_depth_100": 66457.26,
      "ask_depth_100": 39547.42,
      "bid_depth_500": 66457.26,
      "ask_depth_500": 39547.42,
      "imbalance": 0.2539,
      "score": 51.0
    },
    "LINK": {
      "tradeable": true,
      "spread_pct": 0.011004,
      "bid_depth_50": 157401.28,
      "ask_depth_50": 164422.87,
      "bid_depth_100": 157401.28,
      "ask_depth_100": 164422.87,
      "bid_depth_500": 157401.28,
      "ask_depth_500": 164422.87,
      "imbalance": -0.0218,
      "score": 91.1
    },
    "LTC": {
      "tradeable": true,
      "spread_pct": 0.007229,
      "bid_depth_50": 126086.24,
      "ask_depth_50": 107742.62,
      "bid_depth_100": 126086.24,
      "ask_depth_100": 107742.62,
      "bid_depth_500": 126086.24,
      "ask_depth_500": 107742.62,
      "imbalance": 0.0784,
      "score": 88.2
    },
    "NEAR": {
      "tradeable": true,
      "spread_pct": 0.02435,
      "bid_depth_50": 87242.74,
      "ask_depth_50": 149901.02,
      "bid_depth_100": 87242.74,
      "ask_depth_100": 149901.02,
      "bid_depth_500": 87242.74,
      "ask_depth_500": 149901.02,
      "imbalance": -0.2642,
      "score": 74.0
    },
    "ONDO": {
      "tradeable": true,
      "spread_pct": 0.04209,
      "bid_depth_50": 79114.86,
      "ask_depth_50": 52347.12,
      "bid_depth_100": 79114.86,
      "ask_depth_100": 52347.12,
      "bid_depth_500": 79114.86,
      "ask_depth_500": 52347.12,
      "imbalance": 0.2036,
      "score": 51.5
    },
    "OP": {
      "tradeable": true,
      "spread_pct": 0.04551,
      "bid_depth_50": 65411.26,
      "ask_depth_50": 72386.31,
      "bid_depth_100": 65411.26,
      "ask_depth_100": 72386.31,
      "bid_depth_500": 65411.26,
      "ask_depth_500": 72386.31,
      "imbalance": -0.0506,
      "score": 48.4
    },
    "PAXG": {
      "tradeable": true,
      "spread_pct": 0.002249,
      "bid_depth_50": 447619.96,
      "ask_depth_50": 440549.15,
      "bid_depth_100": 447619.96,
      "ask_depth_100": 440549.15,
      "bid_depth_500": 447619.96,
      "ask_depth_500": 440549.15,
      "imbalance": 0.008,
      "score": 100
    },
    "PUMP": {
      "tradeable": false,
      "spread_pct": 0.055325,
      "bid_depth_50": 322212.91,
      "ask_depth_50": 422579.96,
      "bid_depth_100": 719005.02,