{
  "timestamp": "2026-03-18T11:53:05.742096+00:00",
  "coins": {
    "BTC": {
      "tradeable": true,
      "spread_pct": 0.00137,
      "bid_depth_50": 3303286.93,
      "ask_depth_50": 5747052.2,
      "bid_depth_100": 3303286.93,
      "ask_depth_100": 5747052.2,
      "bid_depth_500": 3303286.93,
      "ask_depth_500": 5747052.2,
      "imbalance": -0.27,
      "score": 100
    },
    "ETH": {
      "tradeable": true,
      "spread_pct": 0.004406,
      "bid_depth_50": 9633024.33,
      "ask_depth_50": 7439596.28,
      "bid_depth_100": 9633024.33,
      "ask_depth_100": 7439596.28,
      "bid_depth_500": 9633024.33,
      "ask_depth_500": 7439596.28,
      "imbalance": 0.1285,
      "score": 100
    },
    "SOL": {
      "tradeable": true,
      "spread_pct": 0.001088,
      "bid_depth_50": 198657.16,
      "ask_depth_50": 878184.84,
      "bid_depth_100": 198657.16,
      "ask_depth_100": 878184.84,
      "bid_depth_500": 198657.16,
      "ask_depth_500": 878184.84,
      "imbalance": -0.631,
      "score": 100
    },
    "DOGE": {
      "tradeable": true,
      "spread_pct": 0.001033,
      "bid_depth_50": 220161.67,
      "ask_depth_50": 193273.21,
      "bid_depth_100": 220161.67,
      "ask_depth_100": 193273.21,
      "bid_depth_500": 220161.67,
      "ask_depth_500": 193273.21,
      "imbalance": 0.065,
      "score": 96.2
    },
    "AVAX": {
      "tradeable": true,
      "spread_pct": 0.003005,
      "bid_depth_50": 151865.0,
      "ask_depth_50": 83697.57,
      "bid_depth_100": 151865.0,
      "ask_depth_100": 83697.57,
      "bid_depth_500": 151865.0,
      "ask_depth_500": 83697.57,
      "imbalance": 0.2894,
      "score": 88.2
    },
    "LINK": {
      "tradeable": true,
      "spread_pct": 0.011507,
      "bid_depth_50": 135009.66,
      "ask_depth_50": 151163.67,
      "bid_depth_100": 135009.66,
      "ask_depth_100": 151163.67,
      "bid_depth_500": 135009.66,
      "ask_depth_500": 151163.67,
      "imbalance": -0.0564,
      "score": 89.0
    },
    "ARB": {
      "tradeable": true,
      "spread_pct": 0.019037,
      "bid_depth_50": 201182.85,
      "ask_depth_50": 146680.87,
      "bid_depth_100": 201182.85,
      "ask_depth_100": 146680.87,
      "bid_depth_500": 201182.85,
      "ask_depth_500": 146680.87,
      "imbalance": 0.1567,
      "score": 84.2
    },
    "NEAR": {
      "tradeable": true,
      "spread_pct": 0.034922,
      "bid_depth_50": 145869.45,
      "ask_depth_50": 43496.95,
      "bid_depth_100": 145869.45,
      "ask_depth_100": 43496.95,
      "bid_depth_500": 145869.45,
      "ask_depth_500": 43496.95,
      "imbalance": 0.5406,
      "score": 61.3
    },
    "SUI": {
      "tradeable": true,
      "spread_pct": 0.00997,
      "bid_depth_50": 480568.34,
      "ask_depth_50": 680530.13,
      "bid_depth_100": 480568.34,
      "ask_depth_100": 680530.13,
      "bid_depth_500": 480568.34,
      "ask_depth_500": 680530.13,
      "imbalance": -0.1722,
      "score": 100
    },
    "INJ": {
      "tradeable": false,
      "spread_pct": 0.085691,
      "bid_depth_50": 56732.08,
      "ask_depth_50": 36820.02,
      "bid_depth_100": 56732.08,
      "ask_depth_100": 36820.02,
      "bid_depth_500": 56732.08,
      "ask_depth_500": 36820.02,
      "imbalance": 0.2128,
      "score": 49.6
    }
  }
}