{
  "timestamp": "2026-03-21T05:40:32.703866+00:00",
  "coins": {
    "AAVE": {
      "tradeable": true,
      "spread_pct": 0.008967,
      "bid_depth_50": 265461.21,
      "ask_depth_50": 251921.22,
      "bid_depth_100": 265461.21,
      "ask_depth_100": 251921.22,
      "bid_depth_500": 265461.21,
      "ask_depth_500": 251921.22,
      "imbalance": 0.0262,
      "score": 100
    },
    "ADA": {
      "tradeable": true,
      "spread_pct": 0.033803,
      "bid_depth_50": 119039.8,
      "ask_depth_50": 121944.28,
      "bid_depth_100": 119039.8,
      "ask_depth_100": 121944.28,
      "bid_depth_500": 119039.8,
      "ask_depth_500": 121944.28,
      "imbalance": -0.0121,
      "score": 64.7
    },
    "APT": {
      "tradeable": true,
      "spread_pct": 0.030041,
      "bid_depth_50": 91365.7,
      "ask_depth_50": 54833.89,
      "bid_depth_100": 91365.7,
      "ask_depth_100": 54833.89,
      "bid_depth_500": 91365.7,
      "ask_depth_500": 54833.89,
      "imbalance": 0.2499,
      "score": 64.2
    },
    "ARB": {
      "tradeable": true,
      "spread_pct": 0.030035,
      "bid_depth_50": 287389.01,
      "ask_depth_50": 283341.63,
      "bid_depth_100": 287389.01,
      "ask_depth_100": 283341.63,
      "bid_depth_500": 287389.01,
      "ask_depth_500": 283341.63,
      "imbalance": 0.0071,
      "score": 80.0
    },
    "AVAX": {
      "tradeable": true,
      "spread_pct": 0.020839,
      "bid_depth_50": 76387.45,
      "ask_depth_50": 57970.78,
      "bid_depth_100": 76387.45,
      "ask_depth_100": 57970.78,
      "bid_depth_500": 76387.45,
      "ask_depth_500": 57970.78,
      "imbalance": 0.1371,
      "score": 72.9
    },
    "BCH": {
      "tradeable": true,
      "spread_pct": 0.01273,
      "bid_depth_50": 68041.88,
      "ask_depth_50": 63671.9,
      "bid_depth_100": 68041.88,
      "ask_depth_100": 63671.9,
      "bid_depth_500": 68041.88,
      "ask_depth_500": 63671.9,
      "imbalance": 0.0332,
      "score": 80.9
    },
    "BNB": {
      "tradeable": true,
      "spread_pct": 0.010897,
      "bid_depth_50": 92186.41,
      "ask_depth_50": 116907.74,
      "bid_depth_100": 92186.41,
      "ask_depth_100": 116907.74,
      "bid_depth_500": 92186.41,
      "ask_depth_500": 116907.74,
      "imbalance": -0.1182,
      "score": 86.2
    },
    "BTC": {
      "tradeable": true,
      "spread_pct": 0.001414,
      "bid_depth_50": 6902496.65,
      "ask_depth_50": 1177293.58,
      "bid_depth_100": 6902496.65,
      "ask_depth_100": 1177293.58,
      "bid_depth_500": 6902496.65,
      "ask_depth_500": 1177293.58,
      "imbalance": 0.7086,
      "score": 100
    },
    "CRV": {
      "tradeable": true,
      "spread_pct": 0.029787,
      "bid_depth_50": 103806.48,
      "ask_depth_50": 96579.52,
      "bid_depth_100": 103806.48,
      "ask_depth_100": 96579.52,
      "bid_depth_500": 103806.48,
      "ask_depth_500": 96579.52,
      "imbalance": 0.0361,
      "score": 66.9
    },
    "DOGE": {
      "tradeable": true,
      "spread_pct": 0.001055,
      "bid_depth_50": 189604.17,
      "ask_depth_50": 215325.3,
      "bid_depth_100": 189604.17,
      "ask_depth_100": 215325.3,
      "bid_depth_500": 189604.17,
      "ask_depth_500": 215325.3,
      "imbalance": -0.0635,
      "score": 95.8
    },
    "DOT": {
      "tradeable": true,
      "spread_pct": 0.033127,
      "bid_depth_50": 99648.52,
      "ask_depth_50": 126277.04,
      "bid_depth_100": 99648.52,
      "ask_depth_100": 126277.04,
      "bid_depth_500": 99648.52,
      "ask_depth_500": 126277.04,
      "imbalance": -0.1179,
      "score": 64.7
    },
    "ENA": {
      "tradeable": true,
      "spread_pct": 0.01951,
      "bid_depth_50": 244186.18,
      "ask_depth_50": 233170.29,
      "bid_depth_100": 244186.18,
      "ask_depth_100": 233170.29,
      "bid_depth_500": 244186.18,
      "ask_depth_500": 233170.29,
      "imbalance": 0.0231,
      "score": 89.5
    },
    "ETH": {
      "tradeable": true,
      "spread_pct": 0.004643,
      "bid_depth_50": 7726366.26,
      "ask_depth_50": 8783257.54,
      "bid_depth_100": 7726366.26,
      "ask_depth_100": 8783257.54,
      "bid_depth_500": 7726366.26,
      "ask_depth_500": 8783257.54,
      "imbalance": -0.064,
      "score": 100
    },
    "FARTCOIN": {
      "tradeable": true,
      "spread_pct": 0.045971,
      "bid_depth_50": 36447.91,
      "ask_depth_50": 72992.88,
      "bid_depth_100": 36447.91,
      "ask_depth_100": 72992.88,
      "bid_depth_500": 36447.91,
      "ask_depth_500": 72992.88,
      "imbalance": -0.3339,
      "score": 46.7
    },
    "HYPE": {
      "tradeable": true,
      "spread_pct": 0.002541,
      "bid_depth_50": 69982.45,
      "ask_depth_50": 127880.97,
      "bid_depth_100": 69982.45,
      "ask_depth_100": 127880.97,
      "bid_depth_500": 69982.45,
      "ask_depth_500": 127880.97,
      "imbalance": -0.2926,
      "score": 86.6
    },
    "INJ": {
      "tradeable": true,
      "spread_pct": 0.038751,
      "bid_depth_50": 40389.87,
      "ask_depth_50": 47975.77,
      "bid_depth_100": 40389.87,
      "ask_depth_100": 47975.77,
      "bid_depth_500": 40389.87,
      "ask_depth_500": 47975.77,
      "imbalance": -0.0858,
      "score": 53.0
    },
    "JUP": {
      "tradeable": true,
      "spread_pct": 0.049791,
      "bid_depth_50": 44096.74,
      "ask_depth_50": 51790.83,
      "bid_depth_100": 44096.74,
      "ask_depth_100": 51790.83,
      "bid_depth_500": 44096.74,
      "ask_depth_500": 51790.83,
      "imbalance": -0.0802,
      "score": 42.2
    },
    "LDO": {
      "tradeable": true,
      "spread_pct": 0.023395,
      "bid_depth_50": 31893.78,
      "ask_depth_50": 75439.69,
      "bid_depth_100": 31893.78,
      "ask_depth_100": 75439.69,
      "bid_depth_500": 31893.78,
      "ask_depth_500": 75439.69,
      "imbalance": -0.4057,
      "score": 69.2
    },
    "LINK": {
      "tradeable": true,
      "spread_pct": 0.013154,
      "bid_depth_50": 136060.32,
      "ask_depth_50": 68102.1,
      "bid_depth_100": 136060.32,
      "ask_depth_100": 68102.1,
      "bid_depth_500": 136060.32,
      "ask_depth_500": 68102.1,
      "imbalance": 0.3329,
      "score": 83.7
    },
    "LTC": {
      "tradeable": true,
      "spread_pct": 0.007104,
      "bid_depth_50": 142797.28,
      "ask_depth_50": 153699.81,
      "bid_depth_100": 142797.28,
      "ask_depth_100": 153699.81,
      "bid_depth_500": 142797.28,
      "ask_depth_500": 153699.81,
      "imbalance": -0.0368,
      "score": 91.0
    },
    "NEAR": {
      "tradeable": true,
      "spread_pct": 0.022787,
      "bid_depth_50": 157304.88,
      "ask_depth_50": 90231.14,
      "bid_depth_100": 157304.88,
      "ask_depth_100": 90231.14,
      "bid_depth_500": 157304.88,
      "ask_depth_500": 90231.14,
      "imbalance": 0.271,
      "score": 76.0
    },
    "ONDO": {
      "tradeable": true,
      "spread_pct": 0.038269,
      "bid_depth_50": 37747.54,
      "ask_depth_50": 75163.89,
      "bid_depth_100": 37747.54,
      "ask_depth_100": 75163.89,
      "bid_depth_500": 37747.54,
      "ask_depth_500": 75163.89,
      "imbalance": -0.3314,
      "score": 54.5
    },
    "OP": {
      "tradeable": true,
      "spread_pct": 0.024421,
      "bid_depth_50": 74029.09,
      "ask_depth_50": 86704.81,
      "bid_depth_100": 74029.09,
      "ask_depth_100": 86704.81,
      "bid_depth_500": 74029.09,
      "ask_depth_500": 86704.81,
      "imbalance": -0.0789,
      "score": 70.5
    },
    "PAXG": {
      "tradeable": true,
      "spread_pct": 0.013311,
      "bid_depth_50": 194022.72,
      "ask_depth_50": 221342.16,
      "bid_depth_100": 194022.72,
      "ask_depth_100": 221342.16,
      "bid_depth_500": 194022.72,
      "ask_depth_500": 221342.16,
      "imbalance": -0.0658,
      "score": 92.9
    },
    "PUMP": {
      "tradeable": false,
      "spread_pct": 0.053177,
      "bid_depth_50": 333592.76,
      "ask_depth_50": 363386.13,
      "bid_depth_100": 725933.18,
      "ask_depth_100": 826613.26,