{
  "timestamp": "2026-03-18T11:07:33.945931+00:00",
  "coins": {
    "BTC": {
      "tradeable": true,
      "spread_pct": 0.001357,
      "bid_depth_50": 2857020.18,
      "ask_depth_50": 4118514.97,
      "bid_depth_100": 2857020.18,
      "ask_depth_100": 4118514.97,
      "bid_depth_500": 2857020.18,
      "ask_depth_500": 4118514.97,
      "imbalance": -0.1808,
      "score": 100
    },
    "ETH": {
      "tradeable": true,
      "spread_pct": 0.004341,
      "bid_depth_50": 4963408.79,
      "ask_depth_50": 8552983.01,
      "bid_depth_100": 4963408.79,
      "ask_depth_100": 8552983.01,
      "bid_depth_500": 4963408.79,
      "ask_depth_500": 8552983.01,
      "imbalance": -0.2656,
      "score": 100
    },
    "SOL": {
      "tradeable": true,
      "spread_pct": 0.001071,
      "bid_depth_50": 138769.02,
      "ask_depth_50": 629116.68,
      "bid_depth_100": 138769.02,
      "ask_depth_100": 629116.68,
      "bid_depth_500": 138769.02,
      "ask_depth_500": 629116.68,
      "imbalance": -0.6386,
      "score": 100
    },
    "DOGE": {
      "tradeable": true,
      "spread_pct": 0.02535,
      "bid_depth_50": 260681.44,
      "ask_depth_50": 377392.7,
      "bid_depth_100": 260681.44,
      "ask_depth_100": 377392.7,
      "bid_depth_500": 260681.44,
      "ask_depth_500": 377392.7,
      "imbalance": -0.1829,
      "score": 84.7
    },
    "AVAX": {
      "tradeable": true,
      "spread_pct": 0.009807,
      "bid_depth_50": 339219.71,
      "ask_depth_50": 97793.43,
      "bid_depth_100": 339219.71,
      "ask_depth_100": 97793.43,
      "bid_depth_500": 339219.71,
      "ask_depth_500": 97793.43,
      "imbalance": 0.5524,
      "score": 97.2
    },
    "LINK": {
      "tradeable": true,
      "spread_pct": 0.001028,
      "bid_depth_50": 116281.83,
      "ask_depth_50": 192868.02,
      "bid_depth_100": 116281.83,
      "ask_depth_100": 192868.02,
      "bid_depth_500": 116281.83,
      "ask_depth_500": 192868.02,
      "imbalance": -0.2477,
      "score": 91.5
    },
    "ARB": {
      "tradeable": true,
      "spread_pct": 0.009337,
      "bid_depth_50": 168559.26,
      "ask_depth_50": 155912.47,
      "bid_depth_100": 168559.26,
      "ask_depth_100": 155912.47,
      "bid_depth_500": 168559.26,
      "ask_depth_500": 155912.47,
      "imbalance": 0.039,
      "score": 92.2
    },
    "NEAR": {
      "tradeable": false,
      "spread_pct": 0.089671,
      "bid_depth_50": 160614.95,
      "ask_depth_50": 82006.86,
      "bid_depth_100": 160614.95,
      "ask_depth_100": 82006.86,
      "bid_depth_500": 160614.95,
      "ask_depth_500": 82006.86,
      "imbalance": 0.324,
      "score": 55.9
    },
    "SUI": {
      "tradeable": true,
      "spread_pct": 0.009794,
      "bid_depth_50": 322133.79,
      "ask_depth_50": 833528.86,
      "bid_depth_100": 322133.79,
      "ask_depth_100": 833528.86,
      "bid_depth_500": 322133.79,
      "ask_depth_500": 833528.86,
      "imbalance": -0.4425,
      "score": 100
    },
    "INJ": {
      "tradeable": true,
      "spread_pct": 0.021898,
      "bid_depth_50": 24942.8,
      "ask_depth_50": 37074.58,
      "bid_depth_100": 24942.8,
      "ask_depth_100": 37074.58,
      "bid_depth_500": 24942.8,
      "ask_depth_500": 37074.58,
      "imbalance": -0.1956,
      "score": 68.6
    }
  }
}