{
  "timestamp": "2026-03-19T20:10:53.543105+00:00",
  "coins": {
    "AAVE": {
      "tradeable": true,
      "spread_pct": 0.026975,
      "bid_depth_50": 277605.11,
      "ask_depth_50": 264958.9,
      "bid_depth_100": 277605.11,
      "ask_depth_100": 264958.9,
      "bid_depth_500": 277605.11,
      "ask_depth_500": 264958.9,
      "imbalance": 0.0233,
      "score": 83.0
    },
    "ADA": {
      "tradeable": true,
      "spread_pct": 0.022481,
      "bid_depth_50": 130736.41,
      "ask_depth_50": 81429.75,
      "bid_depth_100": 130736.41,
      "ask_depth_100": 81429.75,
      "bid_depth_500": 130736.41,
      "ask_depth_500": 81429.75,
      "imbalance": 0.2324,
      "score": 74.7
    },
    "APT": {
      "tradeable": true,
      "spread_pct": 0.021175,
      "bid_depth_50": 117102.52,
      "ask_depth_50": 107279.56,
      "bid_depth_100": 117102.52,
      "ask_depth_100": 107279.56,
      "bid_depth_500": 117102.52,
      "ask_depth_500": 107279.56,
      "imbalance": 0.0438,
      "score": 76.6
    },
    "ARB": {
      "tradeable": true,
      "spread_pct": 0.010113,
      "bid_depth_50": 112294.24,
      "ask_depth_50": 248844.86,
      "bid_depth_100": 112294.24,
      "ask_depth_100": 248844.86,
      "bid_depth_500": 112294.24,
      "ask_depth_500": 248844.86,
      "imbalance": -0.3781,
      "score": 93.7
    },
    "AVAX": {
      "tradeable": true,
      "spread_pct": 0.013674,
      "bid_depth_50": 65489.14,
      "ask_depth_50": 82073.37,
      "bid_depth_100": 65489.14,
      "ask_depth_100": 82073.37,
      "bid_depth_500": 65489.14,
      "ask_depth_500": 82073.37,
      "imbalance": -0.1124,
      "score": 80.7
    },
    "BCH": {
      "tradeable": true,
      "spread_pct": 0.010943,
      "bid_depth_50": 103261.3,
      "ask_depth_50": 96886.2,
      "bid_depth_100": 103261.3,
      "ask_depth_100": 96886.2,
      "bid_depth_500": 103261.3,
      "ask_depth_500": 96886.2,
      "imbalance": 0.0319,
      "score": 85.7
    },
    "BNB": {
      "tradeable": true,
      "spread_pct": 0.001563,
      "bid_depth_50": 85464.79,
      "ask_depth_50": 173658.6,
      "bid_depth_100": 85464.79,
      "ask_depth_100": 173658.6,
      "bid_depth_500": 85464.79,
      "ask_depth_500": 173658.6,
      "imbalance": -0.3404,
      "score": 89.3
    },
    "BTC": {
      "tradeable": true,
      "spread_pct": 0.001424,
      "bid_depth_50": 4994252.1,
      "ask_depth_50": 1655957.37,
      "bid_depth_100": 4994252.1,
      "ask_depth_100": 1655957.37,
      "bid_depth_500": 4994252.1,
      "ask_depth_500": 1655957.37,
      "imbalance": 0.502,
      "score": 100
    },
    "CRV": {
      "tradeable": false,
      "spread_pct": 0.05976,
      "bid_depth_50": 106421.22,
      "ask_depth_50": 96015.62,
      "bid_depth_100": 106421.22,
      "ask_depth_100": 96015.62,
      "bid_depth_500": 106421.22,
      "ask_depth_500": 96015.62,
      "imbalance": 0.0514,
      "score": 56.1
    },
    "DOGE": {
      "tradeable": true,
      "spread_pct": 0.008575,
      "bid_depth_50": 130705.72,
      "ask_depth_50": 257529.33,
      "bid_depth_100": 130705.72,
      "ask_depth_100": 257529.33,
      "bid_depth_500": 130705.72,
      "ask_depth_500": 257529.33,
      "imbalance": -0.3267,
      "score": 95.0
    },
    "DOT": {
      "tradeable": false,
      "spread_pct": 0.052325,
      "bid_depth_50": 144439.14,
      "ask_depth_50": 117363.76,
      "bid_depth_100": 144439.14,
      "ask_depth_100": 117363.76,
      "bid_depth_500": 144439.14,
      "ask_depth_500": 117363.76,
      "imbalance": 0.1034,
      "score": 59.3
    },
    "ENA": {
      "tradeable": true,
      "spread_pct": 0.048792,
      "bid_depth_50": 237217.95,
      "ask_depth_50": 238279.12,
      "bid_depth_100": 237217.95,
      "ask_depth_100": 238279.12,
      "bid_depth_500": 237217.95,
      "ask_depth_500": 238279.12,
      "imbalance": -0.0022,
      "score": 60.1
    },
    "ETH": {
      "tradeable": true,
      "spread_pct": 0.004672,
      "bid_depth_50": 11186243.89,
      "ask_depth_50": 7211875.66,
      "bid_depth_100": 11186243.89,
      "ask_depth_100": 7211875.66,
      "bid_depth_500": 11186243.89,
      "ask_depth_500": 7211875.66,
      "imbalance": 0.216,
      "score": 100
    },
    "FARTCOIN": {
      "tradeable": true,
      "spread_pct": 0.025359,
      "bid_depth_50": 102709.09,
      "ask_depth_50": 54602.74,
      "bid_depth_100": 102709.09,
      "ask_depth_100": 54602.74,
      "bid_depth_500": 102709.09,
      "ask_depth_500": 54602.74,
      "imbalance": 0.3058,
      "score": 69.4
    },
    "HYPE": {
      "tradeable": true,
      "spread_pct": 0.002506,
      "bid_depth_50": 116814.94,
      "ask_depth_50": 144892.24,
      "bid_depth_100": 116814.94,
      "ask_depth_100": 144892.24,
      "bid_depth_500": 116814.94,
      "ask_depth_500": 144892.24,
      "imbalance": -0.1073,
      "score": 89.4
    },
    "INJ": {
      "tradeable": true,
      "spread_pct": 0.036531,
      "bid_depth_50": 59182.34,
      "ask_depth_50": 25211.45,
      "bid_depth_100": 59182.34,
      "ask_depth_100": 135856.28,
      "bid_depth_500": 59182.34,
      "ask_depth_500": 135856.28,
      "imbalance": 0.4025,
      "score": 59.9
    },
    "JUP": {
      "tradeable": true,
      "spread_pct": 0.031263,
      "bid_depth_50": 29665.21,
      "ask_depth_50": 42626.84,
      "bid_depth_100": 29665.21,
      "ask_depth_100": 42626.84,
      "bid_depth_500": 29665.21,
      "ask_depth_500": 42626.84,
      "imbalance": -0.1793,
      "score": 59.7
    },
    "LDO": {
      "tradeable": true,
      "spread_pct": 0.033693,
      "bid_depth_50": 36276.67,
      "ask_depth_50": 56644.79,
      "bid_depth_100": 36276.67,
      "ask_depth_100": 56644.79,
      "bid_depth_500": 36276.67,
      "ask_depth_500": 56644.79,
      "imbalance": -0.2192,
      "score": 58.2
    },
    "LINK": {
      "tradeable": true,
      "spread_pct": 0.001108,
      "bid_depth_50": 90481.69,
      "ask_depth_50": 62380.8,
      "bid_depth_100": 90481.69,
      "ask_depth_100": 62380.8,
      "bid_depth_500": 90481.69,
      "ask_depth_500": 62380.8,
      "imbalance": 0.1838,
      "score": 84.6
    },
    "LTC": {
      "tradeable": true,
      "spread_pct": 0.001793,
      "bid_depth_50": 133738.68,
      "ask_depth_50": 155265.76,
      "bid_depth_100": 133738.68,
      "ask_depth_100": 155265.76,
      "bid_depth_500": 133738.68,
      "ask_depth_500": 155265.76,
      "imbalance": -0.0745,
      "score": 90.6
    },
    "NEAR": {
      "tradeable": true,
      "spread_pct": 0.029806,
      "bid_depth_50": 162675.08,
      "ask_depth_50": 135703.83,
      "bid_depth_100": 162675.08,
      "ask_depth_100": 135703.83,
      "bid_depth_500": 162675.08,
      "ask_depth_500": 135703.83,
      "imbalance": 0.0904,
      "score": 71.2
    },
    "ONDO": {
      "tradeable": true,
      "spread_pct": 0.031287,
      "bid_depth_50": 48032.47,
      "ask_depth_50": 77036.43,
      "bid_depth_100": 48032.47,
      "ask_depth_100": 77036.43,
      "bid_depth_500": 48032.47,
      "ask_depth_500": 77036.43,
      "imbalance": -0.2319,
      "score": 62.0
    },
    "OP": {
      "tradeable": true,
      "spread_pct": 0.008305,
      "bid_depth_50": 43855.18,
      "ask_depth_50": 122228.97,
      "bid_depth_100": 47048.1,
      "ask_depth_100": 123942.75,
      "bid_depth_500": 47048.1,
      "ask_depth_500": 123942.75,
      "imbalance": -0.4719,
      "score": 85.4
    },
    "PAXG": {
      "tradeable": true,
      "spread_pct": 0.002146,
      "bid_depth_50": 129059.89,
      "ask_depth_50": 156185.46,
      "bid_depth_100": 129059.89,
      "ask_depth_100": 156185.46,
      "bid_depth_500": 129059.89,
      "ask_depth_500": 156185.46,
      "imbalance": -0.0951,
      "score": 90.5
    },
    "PUMP": {
      "tradeable": false,
      "spread_pct": 0.10846,
      "bid_depth_50": 476869.31,
      "ask_depth_50": 323708.5,
      "bid_depth_100": 832295.81,