{
  "timestamp": "2026-03-19T07:07:08.895002+00:00",
  "coins": {
    "AAVE": {
      "tradeable": true,
      "spread_pct": 0.026127,
      "bid_depth_50": 202818.83,
      "ask_depth_50": 238130.56,
      "bid_depth_100": 202818.83,
      "ask_depth_100": 238130.56,
      "bid_depth_500": 202818.83,
      "ask_depth_500": 238130.56,
      "imbalance": -0.0801,
      "score": 81.2
    },
    "ADA": {
      "tradeable": true,
      "spread_pct": 0.033258,
      "bid_depth_50": 132113.92,
      "ask_depth_50": 74444.77,
      "bid_depth_100": 132113.92,
      "ask_depth_100": 74444.77,
      "bid_depth_500": 132113.92,
      "ask_depth_500": 74444.77,
      "imbalance": 0.2792,
      "score": 63.7
    },
    "APT": {
      "tradeable": true,
      "spread_pct": 0.010284,
      "bid_depth_50": 126004.73,
      "ask_depth_50": 62020.83,
      "bid_depth_100": 126004.73,
      "ask_depth_100": 62020.83,
      "bid_depth_500": 126004.73,
      "ask_depth_500": 62020.83,
      "imbalance": 0.3403,
      "score": 85.9
    },
    "ARB": {
      "tradeable": true,
      "spread_pct": 0.009852,
      "bid_depth_50": 129820.19,
      "ask_depth_50": 218561.14,
      "bid_depth_100": 129820.19,
      "ask_depth_100": 218561.14,
      "bid_depth_500": 129820.19,
      "ask_depth_500": 218561.14,
      "imbalance": -0.2547,
      "score": 93.3
    },
    "AVAX": {
      "tradeable": true,
      "spread_pct": 0.022953,
      "bid_depth_50": 101848.45,
      "ask_depth_50": 147439.2,
      "bid_depth_100": 101848.45,
      "ask_depth_100": 147439.2,
      "bid_depth_500": 101848.45,
      "ask_depth_500": 147439.2,
      "imbalance": -0.1829,
      "score": 75.9
    },
    "BCH": {
      "tradeable": true,
      "spread_pct": 0.0066,
      "bid_depth_50": 78101.43,
      "ask_depth_50": 69849.59,
      "bid_depth_100": 78101.43,
      "ask_depth_100": 69849.59,
      "bid_depth_500": 78101.43,
      "ask_depth_500": 69849.59,
      "imbalance": 0.0558,
      "score": 84.4
    },
    "BNB": {
      "tradeable": true,
      "spread_pct": 0.001544,
      "bid_depth_50": 139362.49,
      "ask_depth_50": 74082.87,
      "bid_depth_100": 139362.49,
      "ask_depth_100": 74082.87,
      "bid_depth_500": 139362.49,
      "ask_depth_500": 74082.87,
      "imbalance": 0.3058,
      "score": 87.3
    },
    "BTC": {
      "tradeable": true,
      "spread_pct": 0.001421,
      "bid_depth_50": 3320803.1,
      "ask_depth_50": 1159312.67,
      "bid_depth_100": 3320803.1,
      "ask_depth_100": 1159312.67,
      "bid_depth_500": 3320803.1,
      "ask_depth_500": 1159312.67,
      "imbalance": 0.4825,
      "score": 100
    },
    "CRV": {
      "tradeable": true,
      "spread_pct": 0.025079,
      "bid_depth_50": 108605.14,
      "ask_depth_50": 92658.32,
      "bid_depth_100": 108605.14,
      "ask_depth_100": 92658.32,
      "bid_depth_500": 108605.14,
      "ask_depth_500": 92658.32,
      "imbalance": 0.0792,
      "score": 71.6
    },
    "DOGE": {
      "tradeable": true,
      "spread_pct": 0.001057,
      "bid_depth_50": 90298.69,
      "ask_depth_50": 275801.59,
      "bid_depth_100": 90298.69,
      "ask_depth_100": 275801.59,
      "bid_depth_500": 90298.69,
      "ask_depth_500": 275801.59,
      "imbalance": -0.5067,
      "score": 94.0
    },
    "DOT": {
      "tradeable": true,
      "spread_pct": 0.045318,
      "bid_depth_50": 88182.63,
      "ask_depth_50": 113468.37,
      "bid_depth_100": 88182.63,
      "ask_depth_100": 113468.37,
      "bid_depth_500": 88182.63,
      "ask_depth_500": 113468.37,
      "imbalance": -0.1254,
      "score": 51.4
    },
    "ENA": {
      "tradeable": true,
      "spread_pct": 0.019004,
      "bid_depth_50": 274752.49,
      "ask_depth_50": 226018.41,
      "bid_depth_100": 274752.49,
      "ask_depth_100": 226018.41,
      "bid_depth_500": 274752.49,
      "ask_depth_500": 226018.41,
      "imbalance": 0.0973,
      "score": 91.0
    },
    "ETH": {
      "tradeable": true,
      "spread_pct": 0.004589,
      "bid_depth_50": 8498170.27,
      "ask_depth_50": 8126923.16,
      "bid_depth_100": 8498170.27,
      "ask_depth_100": 8126923.16,
      "bid_depth_500": 8498170.27,
      "ask_depth_500": 8126923.16,
      "imbalance": 0.0223,
      "score": 100
    },
    "FARTCOIN": {
      "tradeable": true,
      "spread_pct": 0.020405,
      "bid_depth_50": 53458.74,
      "ask_depth_50": 54635.77,
      "bid_depth_100": 53458.74,
      "ask_depth_100": 54635.77,
      "bid_depth_500": 53458.74,
      "ask_depth_500": 54635.77,
      "imbalance": -0.0109,
      "score": 72.2
    },
    "HYPE": {
      "tradeable": true,
      "spread_pct": 0.002455,
      "bid_depth_50": 250560.66,
      "ask_depth_50": 187058.55,
      "bid_depth_100": 250560.66,
      "ask_depth_100": 187058.55,
      "bid_depth_500": 250560.66,
      "ask_depth_500": 187058.55,
      "imbalance": 0.1451,
      "score": 97.2
    },
    "INJ": {
      "tradeable": true,
      "spread_pct": 0.049625,
      "bid_depth_50": 24306.55,
      "ask_depth_50": 32189.78,
      "bid_depth_100": 161229.42,
      "ask_depth_100": 172665.92,
      "bid_depth_500": 161229.42,
      "ask_depth_500": 172665.92,
      "imbalance": -0.1395,
      "score": 53.0
    },
    "JUP": {
      "tradeable": false,
      "spread_pct": 0.061786,
      "bid_depth_50": 60025.42,
      "ask_depth_50": 41096.07,
      "bid_depth_100": 60025.42,
      "ask_depth_100": 41096.07,
      "bid_depth_500": 60025.42,
      "ask_depth_500": 41096.07,
      "imbalance": 0.1872,
      "score": 51.5
    },
    "LDO": {
      "tradeable": true,
      "spread_pct": 0.036482,
      "bid_depth_50": 32950.73,
      "ask_depth_50": 50939.41,
      "bid_depth_100": 32950.73,
      "ask_depth_100": 50939.41,
      "bid_depth_500": 32950.73,
      "ask_depth_500": 50939.41,
      "imbalance": -0.2144,
      "score": 55.0
    },
    "LINK": {
      "tradeable": true,
      "spread_pct": 0.038269,
      "bid_depth_50": 112058.52,
      "ask_depth_50": 115681.43,
      "bid_depth_100": 112058.52,
      "ask_depth_100": 115681.43,
      "bid_depth_500": 112058.52,
      "ask_depth_500": 115681.43,
      "imbalance": -0.0159,
      "score": 59.6
    },
    "LTC": {
      "tradeable": true,
      "spread_pct": 0.001806,
      "bid_depth_50": 105608.92,
      "ask_depth_50": 155003.25,
      "bid_depth_100": 105608.92,
      "ask_depth_100": 155003.25,
      "bid_depth_500": 105608.92,
      "ask_depth_500": 155003.25,
      "imbalance": -0.1895,
      "score": 89.4
    },
    "NEAR": {
      "tradeable": true,
      "spread_pct": 0.022042,
      "bid_depth_50": 158204.47,
      "ask_depth_50": 109228.74,
      "bid_depth_100": 158204.47,
      "ask_depth_100": 109228.74,
      "bid_depth_500": 158204.47,
      "ask_depth_500": 109228.74,
      "imbalance": 0.1831,
      "score": 77.6
    },
    "ONDO": {
      "tradeable": true,
      "spread_pct": 0.049417,
      "bid_depth_50": 48143.82,
      "ask_depth_50": 74663.13,
      "bid_depth_100": 48143.82,
      "ask_depth_100": 74663.13,
      "bid_depth_500": 48143.82,
      "ask_depth_500": 74663.13,
      "imbalance": -0.2159,
      "score": 43.8
    },
    "OP": {
      "tradeable": true,
      "spread_pct": 0.008099,
      "bid_depth_50": 29792.19,
      "ask_depth_50": 120848.03,
      "bid_depth_100": 127310.92,
      "ask_depth_100": 133539.91,
      "bid_depth_500": 127310.92,
      "ask_depth_500": 133539.91,
      "imbalance": -0.6045,
      "score": 89.4
    },
    "PAXG": {
      "tradeable": true,
      "spread_pct": 0.002099,
      "bid_depth_50": 502882.14,
      "ask_depth_50": 492342.91,
      "bid_depth_100": 502882.14,
      "ask_depth_100": 492342.91,
      "bid_depth_500": 502882.14,
      "ask_depth_500": 492342.91,
      "imbalance": 0.0106,
      "score": 100
    },
    "PUMP": {
      "tradeable": false,
      "spread_pct": 0.052097,
      "bid_depth_50": 481804.79,
      "ask_depth_50": 369001.0,
      "bid_depth_100": 817424.16,