{
  "timestamp": "2026-03-21T07:54:04.709659+00:00",
  "coins": {
    "AAVE": {
      "tradeable": true,
      "spread_pct": 0.017965,
      "bid_depth_50": 240127.29,
      "ask_depth_50": 260799.18,
      "bid_depth_100": 240127.29,
      "ask_depth_100": 260799.18,
      "bid_depth_500": 240127.29,
      "ask_depth_500": 260799.18,
      "imbalance": -0.0413,
      "score": 92.0
    },
    "ADA": {
      "tradeable": true,
      "spread_pct": 0.026441,
      "bid_depth_50": 117116.79,
      "ask_depth_50": 113458.18,
      "bid_depth_100": 117116.79,
      "ask_depth_100": 113458.18,
      "bid_depth_500": 117116.79,
      "ask_depth_500": 113458.18,
      "imbalance": 0.0159,
      "score": 71.6
    },
    "APT": {
      "tradeable": true,
      "spread_pct": 0.009941,
      "bid_depth_50": 86673.96,
      "ask_depth_50": 91270.72,
      "bid_depth_100": 86673.96,
      "ask_depth_100": 91270.72,
      "bid_depth_500": 86673.96,
      "ask_depth_500": 91270.72,
      "imbalance": -0.0258,
      "score": 85.7
    },
    "ARB": {
      "tradeable": true,
      "spread_pct": 0.02006,
      "bid_depth_50": 191516.35,
      "ask_depth_50": 150465.46,
      "bid_depth_100": 191516.35,
      "ask_depth_100": 150465.46,
      "bid_depth_500": 191516.35,
      "ask_depth_500": 150465.46,
      "imbalance": 0.12,
      "score": 82.9
    },
    "AVAX": {
      "tradeable": true,
      "spread_pct": 0.003131,
      "bid_depth_50": 59748.82,
      "ask_depth_50": 86514.59,
      "bid_depth_100": 59748.82,
      "ask_depth_100": 86514.59,
      "bid_depth_500": 59748.82,
      "ask_depth_500": 86514.59,
      "imbalance": -0.183,
      "score": 84.3
    },
    "BCH": {
      "tradeable": true,
      "spread_pct": 0.002141,
      "bid_depth_50": 67249.69,
      "ask_depth_50": 60345.97,
      "bid_depth_100": 67249.69,
      "ask_depth_100": 60345.97,
      "bid_depth_500": 67249.69,
      "ask_depth_500": 60345.97,
      "imbalance": 0.0541,
      "score": 83.4
    },
    "BNB": {
      "tradeable": true,
      "spread_pct": 0.007778,
      "bid_depth_50": 62226.62,
      "ask_depth_50": 132650.6,
      "bid_depth_100": 62226.62,
      "ask_depth_100": 132650.6,
      "bid_depth_500": 62226.62,
      "ask_depth_500": 132650.6,
      "imbalance": -0.3614,
      "score": 86.4
    },
    "BTC": {
      "tradeable": true,
      "spread_pct": 0.001415,
      "bid_depth_50": 4136421.91,
      "ask_depth_50": 2581942.61,
      "bid_depth_100": 4136421.91,
      "ask_depth_100": 2581942.61,
      "bid_depth_500": 4136421.91,
      "ask_depth_500": 2581942.61,
      "imbalance": 0.2314,
      "score": 100
    },
    "CRV": {
      "tradeable": true,
      "spread_pct": 0.047116,
      "bid_depth_50": 118484.35,
      "ask_depth_50": 96633.58,
      "bid_depth_100": 118484.35,
      "ask_depth_100": 96633.58,
      "bid_depth_500": 118484.35,
      "ask_depth_500": 96633.58,
      "imbalance": 0.1016,
      "score": 50.2
    },
    "DOGE": {
      "tradeable": true,
      "spread_pct": 0.00106,
      "bid_depth_50": 66167.61,
      "ask_depth_50": 196778.79,
      "bid_depth_100": 66167.61,
      "ask_depth_100": 196778.79,
      "bid_depth_500": 66167.61,
      "ask_depth_500": 196778.79,
      "imbalance": -0.4967,
      "score": 89.5
    },
    "DOT": {
      "tradeable": true,
      "spread_pct": 0.026631,
      "bid_depth_50": 82488.3,
      "ask_depth_50": 145301.25,
      "bid_depth_100": 82488.3,
      "ask_depth_100": 145301.25,
      "bid_depth_500": 82488.3,
      "ask_depth_500": 145301.25,
      "imbalance": -0.2757,
      "score": 71.3
    },
    "ENA": {
      "tradeable": true,
      "spread_pct": 0.049056,
      "bid_depth_50": 247640.55,
      "ask_depth_50": 244768.31,
      "bid_depth_100": 247640.55,
      "ask_depth_100": 244768.31,
      "bid_depth_500": 247640.55,
      "ask_depth_500": 244768.31,
      "imbalance": 0.0058,
      "score": 60.6
    },
    "ETH": {
      "tradeable": true,
      "spread_pct": 0.004642,
      "bid_depth_50": 7462314.03,
      "ask_depth_50": 7911093.06,
      "bid_depth_100": 7462314.03,
      "ask_depth_100": 7911093.06,
      "bid_depth_500": 7462314.03,
      "ask_depth_500": 7911093.06,
      "imbalance": -0.0292,
      "score": 100
    },
    "FARTCOIN": {
      "tradeable": true,
      "spread_pct": 0.0307,
      "bid_depth_50": 30076.63,
      "ask_depth_50": 67172.17,
      "bid_depth_100": 30076.63,
      "ask_depth_100": 67172.17,
      "bid_depth_500": 30076.63,
      "ask_depth_500": 67172.17,
      "imbalance": -0.3814,
      "score": 61.4
    },
    "HYPE": {
      "tradeable": true,
      "spread_pct": 0.002521,
      "bid_depth_50": 128616.73,
      "ask_depth_50": 145990.85,
      "bid_depth_100": 128616.73,
      "ask_depth_100": 145990.85,
      "bid_depth_500": 128616.73,
      "ask_depth_500": 145990.85,
      "imbalance": -0.0633,
      "score": 90.0
    },
    "INJ": {
      "tradeable": true,
      "spread_pct": 0.042062,
      "bid_depth_50": 57736.19,
      "ask_depth_50": 39752.1,
      "bid_depth_100": 57736.19,
      "ask_depth_100": 39752.1,
      "bid_depth_500": 57736.19,
      "ask_depth_500": 39752.1,
      "imbalance": 0.1845,
      "score": 50.0
    },
    "JUP": {
      "tradeable": true,
      "spread_pct": 0.018755,
      "bid_depth_50": 46275.65,
      "ask_depth_50": 38272.15,
      "bid_depth_100": 46275.65,
      "ask_depth_100": 38272.15,
      "bid_depth_500": 46275.65,
      "ask_depth_500": 38272.15,
      "imbalance": 0.0947,
      "score": 72.8
    },
    "LDO": {
      "tradeable": true,
      "spread_pct": 0.040123,
      "bid_depth_50": 28217.54,
      "ask_depth_50": 49916.78,
      "bid_depth_100": 28217.54,
      "ask_depth_100": 49916.78,
      "bid_depth_500": 28217.54,
      "ask_depth_500": 49916.78,
      "imbalance": -0.2777,
      "score": 51.1
    },
    "LINK": {
      "tradeable": true,
      "spread_pct": 0.01096,
      "bid_depth_50": 148805.02,
      "ask_depth_50": 71890.37,
      "bid_depth_100": 148805.02,
      "ask_depth_100": 71890.37,
      "bid_depth_500": 148805.02,
      "ask_depth_500": 71890.37,
      "imbalance": 0.3485,
      "score": 86.6
    },
    "LTC": {
      "tradeable": true,
      "spread_pct": 0.005328,
      "bid_depth_50": 143541.82,
      "ask_depth_50": 148556.26,
      "bid_depth_100": 143541.82,
      "ask_depth_100": 148556.26,
      "bid_depth_500": 143541.82,
      "ask_depth_500": 148556.26,
      "imbalance": -0.0172,
      "score": 90.8
    },
    "NEAR": {
      "tradeable": true,
      "spread_pct": 0.022787,
      "bid_depth_50": 110507.01,
      "ask_depth_50": 86512.71,
      "bid_depth_100": 110507.01,
      "ask_depth_100": 86512.71,
      "bid_depth_500": 110507.01,
      "ask_depth_500": 86512.71,
      "imbalance": 0.1218,
      "score": 73.7
    },
    "ONDO": {
      "tradeable": true,
      "spread_pct": 0.026885,
      "bid_depth_50": 34541.44,
      "ask_depth_50": 67592.12,
      "bid_depth_100": 34541.44,
      "ask_depth_100": 67592.12,
      "bid_depth_500": 34541.44,
      "ask_depth_500": 67592.12,
      "imbalance": -0.3236,
      "score": 65.4
    },
    "OP": {
      "tradeable": true,
      "spread_pct": 0.008174,
      "bid_depth_50": 73354.38,
      "ask_depth_50": 111436.02,
      "bid_depth_100": 73354.38,
      "ask_depth_100": 111436.02,
      "bid_depth_500": 73354.38,
      "ask_depth_500": 111436.02,
      "imbalance": -0.2061,
      "score": 86.0
    },
    "PAXG": {
      "tradeable": true,
      "spread_pct": 0.00222,
      "bid_depth_50": 132114.83,
      "ask_depth_50": 263827.66,
      "bid_depth_100": 132114.83,
      "ask_depth_100": 263827.66,
      "bid_depth_500": 132114.83,
      "ask_depth_500": 263827.66,
      "imbalance": -0.3327,
      "score": 95.4
    },
    "PUMP": {
      "tradeable": false,
      "spread_pct": 0.053348,
      "bid_depth_50": 446368.18,
      "ask_depth_50": 384810.07,
      "bid_depth_100": 855730.17,
      "ask_depth_100": 778136.93,