{
  "timestamp": "2026-03-19T02:35:13.659688+00:00",
  "coins": {
    "AAVE": {
      "tradeable": true,
      "spread_pct": 0.017161,
      "bid_depth_50": 316973.4,
      "ask_depth_50": 183325.1,
      "bid_depth_100": 316973.4,
      "ask_depth_100": 183325.1,
      "bid_depth_500": 316973.4,
      "ask_depth_500": 183325.1,
      "imbalance": 0.2671,
      "score": 92.8
    },
    "ADA": {
      "tradeable": true,
      "spread_pct": 0.018366,
      "bid_depth_50": 140999.83,
      "ask_depth_50": 142953.63,
      "bid_depth_100": 140999.83,
      "ask_depth_100": 142953.63,
      "bid_depth_500": 140999.83,
      "ask_depth_500": 142953.63,
      "imbalance": -0.0069,
      "score": 82.0
    },
    "APT": {
      "tradeable": true,
      "spread_pct": 0.02053,
      "bid_depth_50": 66575.1,
      "ask_depth_50": 119375.91,
      "bid_depth_100": 66575.1,
      "ask_depth_100": 119375.91,
      "bid_depth_500": 66575.1,
      "ask_depth_500": 119375.91,
      "imbalance": -0.284,
      "score": 75.5
    },
    "ARB": {
      "tradeable": true,
      "spread_pct": 0.01956,
      "bid_depth_50": 215642.07,
      "ask_depth_50": 142139.49,
      "bid_depth_100": 215642.07,
      "ask_depth_100": 142139.49,
      "bid_depth_500": 215642.07,
      "ask_depth_500": 142139.49,
      "imbalance": 0.2054,
      "score": 84.1
    },
    "AVAX": {
      "tradeable": true,
      "spread_pct": 0.008294,
      "bid_depth_50": 81143.06,
      "ask_depth_50": 102394.84,
      "bid_depth_100": 81143.06,
      "ask_depth_100": 102394.84,
      "bid_depth_500": 81143.06,
      "ask_depth_500": 102394.84,
      "imbalance": -0.1158,
      "score": 85.9
    },
    "BCH": {
      "tradeable": true,
      "spread_pct": 0.002189,
      "bid_depth_50": 162483.89,
      "ask_depth_50": 68380.62,
      "bid_depth_100": 162483.89,
      "ask_depth_100": 68380.62,
      "bid_depth_500": 162483.89,
      "ask_depth_500": 68380.62,
      "imbalance": 0.4076,
      "score": 88.0
    },
    "BNB": {
      "tradeable": true,
      "spread_pct": 0.001535,
      "bid_depth_50": 151678.21,
      "ask_depth_50": 72898.98,
      "bid_depth_100": 151678.21,
      "ask_depth_100": 72898.98,
      "bid_depth_500": 151678.21,
      "ask_depth_500": 72898.98,
      "imbalance": 0.3508,
      "score": 87.8
    },
    "BTC": {
      "tradeable": true,
      "spread_pct": 0.001404,
      "bid_depth_50": 1412883.49,
      "ask_depth_50": 4810306.29,
      "bid_depth_100": 1412883.49,
      "ask_depth_100": 4810306.29,
      "bid_depth_500": 1412883.49,
      "ask_depth_500": 4810306.29,
      "imbalance": -0.5459,
      "score": 100
    },
    "CRV": {
      "tradeable": false,
      "spread_pct": 0.062593,
      "bid_depth_50": 95670.5,
      "ask_depth_50": 102917.06,
      "bid_depth_100": 95670.5,
      "ask_depth_100": 102917.06,
      "bid_depth_500": 95670.5,
      "ask_depth_500": 102917.06,
      "imbalance": -0.0365,
      "score": 55.8
    },
    "DOGE": {
      "tradeable": true,
      "spread_pct": 0.001056,
      "bid_depth_50": 196149.08,
      "ask_depth_50": 231693.71,
      "bid_depth_100": 196149.08,
      "ask_depth_100": 231693.71,
      "bid_depth_500": 196149.08,
      "ask_depth_500": 231693.71,
      "imbalance": -0.0831,
      "score": 96.8
    },
    "DOT": {
      "tradeable": true,
      "spread_pct": 0.025728,
      "bid_depth_50": 108687.83,
      "ask_depth_50": 92459.08,
      "bid_depth_100": 108687.83,
      "ask_depth_100": 92459.08,
      "bid_depth_500": 108687.83,
      "ask_depth_500": 92459.08,
      "imbalance": 0.0807,
      "score": 71.0
    },
    "ENA": {
      "tradeable": true,
      "spread_pct": 0.009304,
      "bid_depth_50": 207890.6,
      "ask_depth_50": 202378.7,
      "bid_depth_100": 207890.6,
      "ask_depth_100": 202378.7,
      "bid_depth_500": 207890.6,
      "ask_depth_500": 202378.7,
      "imbalance": 0.0134,
      "score": 96.0
    },
    "ETH": {
      "tradeable": true,
      "spread_pct": 0.004541,
      "bid_depth_50": 6612286.61,
      "ask_depth_50": 10087177.01,
      "bid_depth_100": 6612286.61,
      "ask_depth_100": 10087177.01,
      "bid_depth_500": 6612286.61,
      "ask_depth_500": 10087177.01,
      "imbalance": -0.2081,
      "score": 100
    },
    "FARTCOIN": {
      "tradeable": true,
      "spread_pct": 0.004997,
      "bid_depth_50": 59000.57,
      "ask_depth_50": 31543.83,
      "bid_depth_100": 59000.57,
      "ask_depth_100": 31543.83,
      "bid_depth_500": 59000.57,
      "ask_depth_500": 31543.83,
      "imbalance": 0.3032,
      "score": 81.8
    },
    "HYPE": {
      "tradeable": true,
      "spread_pct": 0.012071,
      "bid_depth_50": 164981.19,
      "ask_depth_50": 127338.76,
      "bid_depth_100": 164981.19,
      "ask_depth_100": 127338.76,
      "bid_depth_500": 164981.19,
      "ask_depth_500": 127338.76,
      "imbalance": 0.1288,
      "score": 88.7
    },
    "INJ": {
      "tradeable": true,
      "spread_pct": 0.036093,
      "bid_depth_50": 48680.08,
      "ask_depth_50": 36010.15,
      "bid_depth_100": 48680.08,
      "ask_depth_100": 36010.15,
      "bid_depth_500": 48680.08,
      "ask_depth_500": 36010.15,
      "imbalance": 0.1496,
      "score": 55.4
    },
    "JUP": {
      "tradeable": false,
      "spread_pct": 0.067553,
      "bid_depth_50": 33120.9,
      "ask_depth_50": 46763.86,
      "bid_depth_100": 33120.9,
      "ask_depth_100": 46763.86,
      "bid_depth_500": 33120.9,
      "ask_depth_500": 46763.86,
      "imbalance": -0.1708,
      "score": 50.2
    },
    "LDO": {
      "tradeable": true,
      "spread_pct": 0.013201,
      "bid_depth_50": 35449.83,
      "ask_depth_50": 63127.98,
      "bid_depth_100": 35449.83,
      "ask_depth_100": 63127.98,
      "bid_depth_500": 35449.83,
      "ask_depth_500": 63127.98,
      "imbalance": -0.2808,
      "score": 79.0
    },
    "LINK": {
      "tradeable": true,
      "spread_pct": 0.001086,
      "bid_depth_50": 106399.58,
      "ask_depth_50": 141204.12,
      "bid_depth_100": 106399.58,
      "ask_depth_100": 141204.12,
      "bid_depth_500": 106399.58,
      "ask_depth_500": 141204.12,
      "imbalance": -0.1406,
      "score": 88.8
    },
    "LTC": {
      "tradeable": true,
      "spread_pct": 0.00179,
      "bid_depth_50": 165496.49,
      "ask_depth_50": 163377.86,
      "bid_depth_100": 165496.49,
      "ask_depth_100": 163377.86,
      "bid_depth_500": 165496.49,
      "ask_depth_500": 163377.86,
      "imbalance": 0.0064,
      "score": 92.4
    },
    "NEAR": {
      "tradeable": true,
      "spread_pct": 0.02896,
      "bid_depth_50": 193365.99,
      "ask_depth_50": 125911.35,
      "bid_depth_100": 193365.99,
      "ask_depth_100": 125911.35,
      "bid_depth_500": 193365.99,
      "ask_depth_500": 125911.35,
      "imbalance": 0.2113,
      "score": 73.0
    },
    "ONDO": {
      "tradeable": true,
      "spread_pct": 0.018822,
      "bid_depth_50": 82440.29,
      "ask_depth_50": 59198.68,
      "bid_depth_100": 82440.29,
      "ask_depth_100": 59198.68,
      "bid_depth_500": 82440.29,
      "ask_depth_500": 59198.68,
      "imbalance": 0.1641,
      "score": 75.3
    },
    "OP": {
      "tradeable": true,
      "spread_pct": 0.031921,
      "bid_depth_50": 119875.12,
      "ask_depth_50": 91999.53,
      "bid_depth_100": 119875.12,
      "ask_depth_100": 91999.53,
      "bid_depth_500": 119875.12,
      "ask_depth_500": 91999.53,
      "imbalance": 0.1316,
      "score": 65.3
    },
    "PAXG": {
      "tradeable": true,
      "spread_pct": 0.002064,
      "bid_depth_50": 517408.58,
      "ask_depth_50": 439800.22,
      "bid_depth_100": 517408.58,
      "ask_depth_100": 439800.22,
      "bid_depth_500": 517408.58,
      "ask_depth_500": 439800.22,
      "imbalance": 0.0811,
      "score": 100
    },
    "PUMP": {
      "tradeable": false,
      "spread_pct": 0.101781,
      "bid_depth_50": 373523.23,
      "ask_depth_50": 416821.74,
      "bid_depth_100": 746824.73,