{
  "timestamp": "2026-03-18T17:57:39.930263+00:00",
  "coins": {
    "AAVE": {
      "tradeable": true,
      "spread_pct": 0.008796,
      "bid_depth_50": 188554.67,
      "ask_depth_50": 151324.44,
      "bid_depth_100": 188554.67,
      "ask_depth_100": 151324.44,
      "bid_depth_500": 188554.67,
      "ask_depth_500": 151324.44,
      "imbalance": 0.1095,
      "score": 92.9
    },
    "ADA": {
      "tradeable": true,
      "spread_pct": 0.011035,
      "bid_depth_50": 164927.39,
      "ask_depth_50": 104492.6,
      "bid_depth_100": 164927.39,
      "ask_depth_100": 104492.6,
      "bid_depth_500": 164927.39,
      "ask_depth_500": 104492.6,
      "imbalance": 0.2243,
      "score": 88.7
    },
    "APT": {
      "tradeable": true,
      "spread_pct": 0.031376,
      "bid_depth_50": 129798.61,
      "ask_depth_50": 55153.8,
      "bid_depth_100": 129798.61,
      "ask_depth_100": 55153.8,
      "bid_depth_500": 129798.61,
      "ask_depth_500": 55153.8,
      "imbalance": 0.4036,
      "score": 64.6
    },
    "ARB": {
      "tradeable": true,
      "spread_pct": 0.019691,
      "bid_depth_50": 245821.98,
      "ask_depth_50": 131772.41,
      "bid_depth_100": 245821.98,
      "ask_depth_100": 131772.41,
      "bid_depth_500": 245821.98,
      "ask_depth_500": 131772.41,
      "imbalance": 0.302,
      "score": 84.9
    },
    "AVAX": {
      "tradeable": true,
      "spread_pct": 0.016641,
      "bid_depth_50": 108821.61,
      "ask_depth_50": 88112.45,
      "bid_depth_100": 108821.61,
      "ask_depth_100": 88112.45,
      "bid_depth_500": 108821.61,
      "ask_depth_500": 88112.45,
      "imbalance": 0.1052,
      "score": 79.9
    },
    "BCH": {
      "tradeable": true,
      "spread_pct": 0.002212,
      "bid_depth_50": 120486.39,
      "ask_depth_50": 90580.94,
      "bid_depth_100": 120486.39,
      "ask_depth_100": 90580.94,
      "bid_depth_500": 120486.39,
      "ask_depth_500": 90580.94,
      "imbalance": 0.1417,
      "score": 87.2
    },
    "BNB": {
      "tradeable": true,
      "spread_pct": 0.004617,
      "bid_depth_50": 122014.72,
      "ask_depth_50": 92028.45,
      "bid_depth_100": 122014.72,
      "ask_depth_100": 92028.45,
      "bid_depth_500": 122014.72,
      "ask_depth_500": 92028.45,
      "imbalance": 0.1401,
      "score": 87.3
    },
    "BTC": {
      "tradeable": true,
      "spread_pct": 0.001397,
      "bid_depth_50": 8266981.75,
      "ask_depth_50": 2177744.09,
      "bid_depth_100": 8266981.75,
      "ask_depth_100": 2177744.09,
      "bid_depth_500": 8266981.75,
      "ask_depth_500": 2177744.09,
      "imbalance": 0.583,
      "score": 100
    },
    "CRV": {
      "tradeable": true,
      "spread_pct": 0.037473,
      "bid_depth_50": 95225.1,
      "ask_depth_50": 107796.13,
      "bid_depth_100": 95225.1,
      "ask_depth_100": 107796.13,
      "bid_depth_500": 95225.1,
      "ask_depth_500": 107796.13,
      "imbalance": -0.0619,
      "score": 59.3
    },
    "DOGE": {
      "tradeable": true,
      "spread_pct": 0.014849,
      "bid_depth_50": 100754.72,
      "ask_depth_50": 238612.64,
      "bid_depth_100": 100754.72,
      "ask_depth_100": 238612.64,
      "bid_depth_500": 100754.72,
      "ask_depth_500": 238612.64,
      "imbalance": -0.4062,
      "score": 88.0
    },
    "DOT": {
      "tradeable": true,
      "spread_pct": 0.025676,
      "bid_depth_50": 70708.04,
      "ask_depth_50": 188928.4,
      "bid_depth_100": 70708.04,
      "ask_depth_100": 188928.4,
      "bid_depth_500": 70708.04,
      "ask_depth_500": 188928.4,
      "imbalance": -0.4553,
      "score": 73.6
    },
    "ENA": {
      "tradeable": true,
      "spread_pct": 0.046324,
      "bid_depth_50": 154402.36,
      "ask_depth_50": 232051.43,
      "bid_depth_100": 154402.36,
      "ask_depth_100": 232051.43,
      "bid_depth_500": 154402.36,
      "ask_depth_500": 232051.43,
      "imbalance": -0.2009,
      "score": 58.6
    },
    "ETH": {
      "tradeable": true,
      "spread_pct": 0.00454,
      "bid_depth_50": 7210059.55,
      "ask_depth_50": 8402079.92,
      "bid_depth_100": 7210059.55,
      "ask_depth_100": 8402079.92,
      "bid_depth_500": 7210059.55,
      "ask_depth_500": 8402079.92,
      "imbalance": -0.0764,
      "score": 100
    },
    "FARTCOIN": {
      "tradeable": true,
      "spread_pct": 0.014411,
      "bid_depth_50": 62149.0,
      "ask_depth_50": 37069.33,
      "bid_depth_100": 62149.0,
      "ask_depth_100": 37069.33,
      "bid_depth_500": 62149.0,
      "ask_depth_500": 37069.33,
      "imbalance": 0.2528,
      "score": 77.8
    },
    "HYPE": {
      "tradeable": true,
      "spread_pct": 0.018394,
      "bid_depth_50": 708519.72,
      "ask_depth_50": 284399.99,
      "bid_depth_100": 708519.72,
      "ask_depth_100": 284399.99,
      "bid_depth_500": 708519.72,
      "ask_depth_500": 284399.99,
      "imbalance": 0.4271,
      "score": 91.6
    },
    "INJ": {
      "tradeable": false,
      "spread_pct": 0.062143,
      "bid_depth_50": 29620.56,
      "ask_depth_50": 26646.03,
      "bid_depth_100": 29620.56,
      "ask_depth_100": 26646.03,
      "bid_depth_500": 29620.56,
      "ask_depth_500": 26646.03,
      "imbalance": 0.0529,
      "score": 49.5
    },
    "JUP": {
      "tradeable": false,
      "spread_pct": 0.086043,
      "bid_depth_50": 34219.79,
      "ask_depth_50": 54412.55,
      "bid_depth_100": 34219.79,
      "ask_depth_100": 54412.55,
      "bid_depth_500": 34219.79,
      "ask_depth_500": 54412.55,
      "imbalance": -0.2278,
      "score": 49.3
    },
    "LDO": {
      "tradeable": true,
      "spread_pct": 0.026448,
      "bid_depth_50": 37647.09,
      "ask_depth_50": 63894.55,
      "bid_depth_100": 37647.09,
      "ask_depth_100": 63894.55,
      "bid_depth_500": 37647.09,
      "ask_depth_500": 63894.55,
      "imbalance": -0.2585,
      "score": 65.8
    },
    "LINK": {
      "tradeable": true,
      "spread_pct": 0.002169,
      "bid_depth_50": 100220.19,
      "ask_depth_50": 142104.76,
      "bid_depth_100": 100220.19,
      "ask_depth_100": 142104.76,
      "bid_depth_500": 100220.19,
      "ask_depth_500": 142104.76,
      "imbalance": -0.1728,
      "score": 88.5
    },
    "LTC": {
      "tradeable": true,
      "spread_pct": 0.017904,
      "bid_depth_50": 175496.02,
      "ask_depth_50": 118095.44,
      "bid_depth_100": 175496.02,
      "ask_depth_100": 118095.44,
      "bid_depth_500": 175496.02,
      "ask_depth_500": 118095.44,
      "imbalance": 0.1955,
      "score": 82.9
    },
    "NEAR": {
      "tradeable": true,
      "spread_pct": 0.035978,
      "bid_depth_50": 175737.8,
      "ask_depth_50": 115229.24,
      "bid_depth_100": 175737.8,
      "ask_depth_100": 115229.24,
      "bid_depth_500": 175737.8,
      "ask_depth_500": 115229.24,
      "imbalance": 0.208,
      "score": 64.7
    },
    "ONDO": {
      "tradeable": true,
      "spread_pct": 0.011306,
      "bid_depth_50": 62470.16,
      "ask_depth_50": 59527.44,
      "bid_depth_100": 62470.16,
      "ask_depth_100": 59527.44,
      "bid_depth_500": 62470.16,
      "ask_depth_500": 59527.44,
      "imbalance": 0.0241,
      "score": 81.9
    },
    "OP": {
      "tradeable": true,
      "spread_pct": 0.047412,
      "bid_depth_50": 78759.3,
      "ask_depth_50": 84320.84,
      "bid_depth_100": 82140.56,
      "ask_depth_100": 84320.84,
      "bid_depth_500": 82140.56,
      "ask_depth_500": 84320.84,
      "imbalance": -0.0341,
      "score": 47.8
    },
    "PAXG": {
      "tradeable": true,
      "spread_pct": 0.002048,
      "bid_depth_50": 379439.43,
      "ask_depth_50": 502618.57,
      "bid_depth_100": 379439.43,
      "ask_depth_100": 502618.57,
      "bid_depth_500": 379439.43,
      "ask_depth_500": 502618.57,
      "imbalance": -0.1396,
      "score": 100
    },
    "PUMP": {
      "tradeable": false,
      "spread_pct": 0.102145,
      "bid_depth_50": 380266.56,
      "ask_depth_50": 347150.77,
      "bid_depth_100": 696554.87,