{
  "timestamp": "2026-03-19T21:36:01.663071+00:00",
  "coins": {
    "AAVE": {
      "tradeable": true,
      "spread_pct": 0.017827,
      "bid_depth_50": 272699.78,
      "ask_depth_50": 283555.13,
      "bid_depth_100": 272699.78,
      "ask_depth_100": 283555.13,
      "bid_depth_500": 272699.78,
      "ask_depth_500": 283555.13,
      "imbalance": -0.0195,
      "score": 92.2
    },
    "ADA": {
      "tradeable": true,
      "spread_pct": 0.011209,
      "bid_depth_50": 106132.51,
      "ask_depth_50": 105975.43,
      "bid_depth_100": 106132.51,
      "ask_depth_100": 105975.43,
      "bid_depth_500": 106132.51,
      "ask_depth_500": 105975.43,
      "imbalance": 0.0007,
      "score": 86.0
    },
    "APT": {
      "tradeable": true,
      "spread_pct": 0.031802,
      "bid_depth_50": 105591.85,
      "ask_depth_50": 98635.93,
      "bid_depth_100": 105591.85,
      "ask_depth_100": 98635.93,
      "bid_depth_500": 105591.85,
      "ask_depth_500": 98635.93,
      "imbalance": 0.0341,
      "score": 65.1
    },
    "ARB": {
      "tradeable": true,
      "spread_pct": 0.020161,
      "bid_depth_50": 255295.65,
      "ask_depth_50": 138270.54,
      "bid_depth_100": 255295.65,
      "ask_depth_100": 138270.54,
      "bid_depth_500": 255295.65,
      "ask_depth_500": 138270.54,
      "imbalance": 0.2973,
      "score": 85.1
    },
    "AVAX": {
      "tradeable": true,
      "spread_pct": 0.007356,
      "bid_depth_50": 85769.26,
      "ask_depth_50": 88733.57,
      "bid_depth_100": 85769.26,
      "ask_depth_100": 88733.57,
      "bid_depth_500": 85769.26,
      "ask_depth_500": 88733.57,
      "imbalance": -0.017,
      "score": 85.5
    },
    "BCH": {
      "tradeable": true,
      "spread_pct": 0.028533,
      "bid_depth_50": 103666.6,
      "ask_depth_50": 109535.66,
      "bid_depth_100": 103666.6,
      "ask_depth_100": 109535.66,
      "bid_depth_500": 103666.6,
      "ask_depth_500": 109535.66,
      "imbalance": -0.0275,
      "score": 68.7
    },
    "BNB": {
      "tradeable": true,
      "spread_pct": 0.003114,
      "bid_depth_50": 125595.65,
      "ask_depth_50": 118190.36,
      "bid_depth_100": 125595.65,
      "ask_depth_100": 118190.36,
      "bid_depth_500": 125595.65,
      "ask_depth_500": 118190.36,
      "imbalance": 0.0304,
      "score": 88.6
    },
    "BTC": {
      "tradeable": true,
      "spread_pct": 0.001418,
      "bid_depth_50": 5922919.44,
      "ask_depth_50": 911441.74,
      "bid_depth_100": 5922919.44,
      "ask_depth_100": 911441.74,
      "bid_depth_500": 5922919.44,
      "ask_depth_500": 911441.74,
      "imbalance": 0.7333,
      "score": 100
    },
    "CRV": {
      "tradeable": true,
      "spread_pct": 0.016768,
      "bid_depth_50": 88753.17,
      "ask_depth_50": 108965.62,
      "bid_depth_100": 88753.17,
      "ask_depth_100": 108965.62,
      "bid_depth_500": 88753.17,
      "ask_depth_500": 108965.62,
      "imbalance": -0.1022,
      "score": 79.8
    },
    "DOGE": {
      "tradeable": true,
      "spread_pct": 0.00107,
      "bid_depth_50": 217077.05,
      "ask_depth_50": 155865.19,
      "bid_depth_100": 217077.05,
      "ask_depth_100": 155865.19,
      "bid_depth_500": 217077.05,
      "ask_depth_500": 155865.19,
      "imbalance": 0.1641,
      "score": 94.4
    },
    "DOT": {
      "tradeable": true,
      "spread_pct": 0.019634,
      "bid_depth_50": 120030.16,
      "ask_depth_50": 209146.12,
      "bid_depth_100": 120030.16,
      "ask_depth_100": 209146.12,
      "bid_depth_500": 120030.16,
      "ask_depth_500": 209146.12,
      "imbalance": -0.2707,
      "score": 82.8
    },
    "ENA": {
      "tradeable": true,
      "spread_pct": 0.038617,
      "bid_depth_50": 228316.53,
      "ask_depth_50": 229813.37,
      "bid_depth_100": 228316.53,
      "ask_depth_100": 229813.37,
      "bid_depth_500": 228316.53,
      "ask_depth_500": 229813.37,
      "imbalance": -0.0033,
      "score": 69.5
    },
    "ETH": {
      "tradeable": true,
      "spread_pct": 0.004654,
      "bid_depth_50": 10644939.52,
      "ask_depth_50": 6074468.71,
      "bid_depth_100": 10644939.52,
      "ask_depth_100": 6074468.71,
      "bid_depth_500": 10644939.52,
      "ask_depth_500": 6074468.71,
      "imbalance": 0.2734,
      "score": 100
    },
    "FARTCOIN": {
      "tradeable": true,
      "spread_pct": 0.004907,
      "bid_depth_50": 69884.34,
      "ask_depth_50": 32635.13,
      "bid_depth_100": 69884.34,
      "ask_depth_100": 32635.13,
      "bid_depth_500": 69884.34,
      "ask_depth_500": 32635.13,
      "imbalance": 0.3633,
      "score": 82.3
    },
    "HYPE": {
      "tradeable": true,
      "spread_pct": 0.002555,
      "bid_depth_50": 809089.09,
      "ask_depth_50": 113653.65,
      "bid_depth_100": 809089.09,
      "ask_depth_100": 113653.65,
      "bid_depth_500": 809089.09,
      "ask_depth_500": 113653.65,
      "imbalance": 0.7537,
      "score": 100
    },
    "INJ": {
      "tradeable": false,
      "spread_pct": 0.066055,
      "bid_depth_50": 47210.2,
      "ask_depth_50": 35006.27,
      "bid_depth_100": 47210.2,
      "ask_depth_100": 35006.27,
      "bid_depth_500": 47210.2,
      "ask_depth_500": 35006.27,
      "imbalance": 0.1484,
      "score": 50.4
    },
    "JUP": {
      "tradeable": true,
      "spread_pct": 0.037465,
      "bid_depth_50": 50034.93,
      "ask_depth_50": 47708.41,
      "bid_depth_100": 50034.93,
      "ask_depth_100": 47708.41,
      "bid_depth_500": 50034.93,
      "ask_depth_500": 47708.41,
      "imbalance": 0.0238,
      "score": 54.7
    },
    "LDO": {
      "tradeable": true,
      "spread_pct": 0.033617,
      "bid_depth_50": 40197.34,
      "ask_depth_50": 45904.12,
      "bid_depth_100": 40197.34,
      "ask_depth_100": 45904.12,
      "bid_depth_500": 40197.34,
      "ask_depth_500": 45904.12,
      "imbalance": -0.0663,
      "score": 58.0
    },
    "LINK": {
      "tradeable": true,
      "spread_pct": 0.006609,
      "bid_depth_50": 155117.83,
      "ask_depth_50": 56080.44,
      "bid_depth_100": 155117.83,
      "ask_depth_100": 56080.44,
      "bid_depth_500": 155117.83,
      "ask_depth_500": 56080.44,
      "imbalance": 0.4689,
      "score": 87.2
    },
    "LTC": {
      "tradeable": true,
      "spread_pct": 0.001796,
      "bid_depth_50": 135560.27,
      "ask_depth_50": 176892.19,
      "bid_depth_100": 135560.27,
      "ask_depth_100": 176892.19,
      "bid_depth_500": 135560.27,
      "ask_depth_500": 176892.19,
      "imbalance": -0.1323,
      "score": 91.7
    },
    "NEAR": {
      "tradeable": true,
      "spread_pct": 0.022508,
      "bid_depth_50": 199116.05,
      "ask_depth_50": 203147.69,
      "bid_depth_100": 199116.05,
      "ask_depth_100": 203147.69,
      "bid_depth_500": 199116.05,
      "ask_depth_500": 203147.69,
      "imbalance": -0.01,
      "score": 83.1
    },
    "ONDO": {
      "tradeable": true,
      "spread_pct": 0.046531,
      "bid_depth_50": 52942.44,
      "ask_depth_50": 76527.88,
      "bid_depth_100": 52942.44,
      "ask_depth_100": 76527.88,
      "bid_depth_500": 52942.44,
      "ask_depth_500": 76527.88,
      "imbalance": -0.1822,
      "score": 47.0
    },
    "OP": {
      "tradeable": true,
      "spread_pct": 0.008262,
      "bid_depth_50": 82512.7,
      "ask_depth_50": 116729.82,
      "bid_depth_100": 85595.43,
      "ask_depth_100": 144918.35,
      "bid_depth_500": 85595.43,
      "ask_depth_500": 144918.35,
      "imbalance": -0.1717,
      "score": 88.0
    },
    "PAXG": {
      "tradeable": true,
      "spread_pct": 0.002144,
      "bid_depth_50": 217886.96,
      "ask_depth_50": 176505.38,
      "bid_depth_100": 217886.96,
      "ask_depth_100": 176505.38,
      "bid_depth_500": 217886.96,
      "ask_depth_500": 176505.38,
      "imbalance": 0.1049,
      "score": 95.3
    },
    "PUMP": {
      "tradeable": false,
      "spread_pct": 0.053662,
      "bid_depth_50": 422938.88,
      "ask_depth_50": 372032.46,
      "bid_depth_100": 741216.63,