{
  "timestamp": "2026-03-19T07:04:39.807686+00:00",
  "coins": {
    "AAVE": {
      "tradeable": true,
      "spread_pct": 0.026097,
      "bid_depth_50": 225943.55,
      "ask_depth_50": 258422.09,
      "bid_depth_100": 225943.55,
      "ask_depth_100": 258422.09,
      "bid_depth_500": 225943.55,
      "ask_depth_500": 258422.09,
      "imbalance": -0.0671,
      "score": 83.2
    },
    "ADA": {
      "tradeable": true,
      "spread_pct": 0.022152,
      "bid_depth_50": 101243.55,
      "ask_depth_50": 89218.7,
      "bid_depth_100": 101243.55,
      "ask_depth_100": 89218.7,
      "bid_depth_500": 101243.55,
      "ask_depth_500": 89218.7,
      "imbalance": 0.0631,
      "score": 74.1
    },
    "APT": {
      "tradeable": true,
      "spread_pct": 0.020523,
      "bid_depth_50": 62927.28,
      "ask_depth_50": 67935.32,
      "bid_depth_100": 62927.28,
      "ask_depth_100": 67935.32,
      "bid_depth_500": 62927.28,
      "ask_depth_500": 67935.32,
      "imbalance": -0.0383,
      "score": 73.1
    },
    "ARB": {
      "tradeable": true,
      "spread_pct": 0.019695,
      "bid_depth_50": 193981.76,
      "ask_depth_50": 183817.05,
      "bid_depth_100": 193981.76,
      "ask_depth_100": 183817.05,
      "bid_depth_500": 193981.76,
      "ask_depth_500": 183817.05,
      "imbalance": 0.0269,
      "score": 84.9
    },
    "AVAX": {
      "tradeable": true,
      "spread_pct": 0.013555,
      "bid_depth_50": 115539.96,
      "ask_depth_50": 146852.54,
      "bid_depth_100": 115539.96,
      "ask_depth_100": 146852.54,
      "bid_depth_500": 115539.96,
      "ask_depth_500": 146852.54,
      "imbalance": -0.1193,
      "score": 85.9
    },
    "BCH": {
      "tradeable": true,
      "spread_pct": 0.013197,
      "bid_depth_50": 136039.75,
      "ask_depth_50": 82706.29,
      "bid_depth_100": 136039.75,
      "ask_depth_100": 82706.29,
      "bid_depth_500": 136039.75,
      "ask_depth_500": 82706.29,
      "imbalance": 0.2438,
      "score": 84.3
    },
    "BNB": {
      "tradeable": true,
      "spread_pct": 0.001545,
      "bid_depth_50": 101429.62,
      "ask_depth_50": 96979.25,
      "bid_depth_100": 101429.62,
      "ask_depth_100": 96979.25,
      "bid_depth_500": 101429.62,
      "ask_depth_500": 96979.25,
      "imbalance": 0.0224,
      "score": 86.6
    },
    "BTC": {
      "tradeable": true,
      "spread_pct": 0.001421,
      "bid_depth_50": 4694163.61,
      "ask_depth_50": 958334.28,
      "bid_depth_100": 4694163.61,
      "ask_depth_100": 958334.28,
      "bid_depth_500": 4694163.61,
      "ask_depth_500": 958334.28,
      "imbalance": 0.6609,
      "score": 100
    },
    "CRV": {
      "tradeable": true,
      "spread_pct": 0.033415,
      "bid_depth_50": 109566.29,
      "ask_depth_50": 48130.9,
      "bid_depth_100": 109566.29,
      "ask_depth_100": 48130.9,
      "bid_depth_500": 109566.29,
      "ask_depth_500": 48130.9,
      "imbalance": 0.3896,
      "score": 61.4
    },
    "DOGE": {
      "tradeable": true,
      "spread_pct": 0.001057,
      "bid_depth_50": 122185.5,
      "ask_depth_50": 295804.8,
      "bid_depth_100": 122185.5,
      "ask_depth_100": 295804.8,
      "bid_depth_500": 122185.5,
      "ask_depth_500": 295804.8,
      "imbalance": -0.4154,
      "score": 96.4
    },
    "DOT": {
      "tradeable": true,
      "spread_pct": 0.038853,
      "bid_depth_50": 103281.04,
      "ask_depth_50": 125162.59,
      "bid_depth_100": 103281.04,
      "ask_depth_100": 125162.59,
      "bid_depth_500": 103281.04,
      "ask_depth_500": 125162.59,
      "imbalance": -0.0958,
      "score": 59.1
    },
    "ENA": {
      "tradeable": true,
      "spread_pct": 0.037954,
      "bid_depth_50": 267563.23,
      "ask_depth_50": 247125.85,
      "bid_depth_100": 267563.23,
      "ask_depth_100": 247125.85,
      "bid_depth_500": 267563.23,
      "ask_depth_500": 247125.85,
      "imbalance": 0.0397,
      "score": 72.0
    },
    "ETH": {
      "tradeable": true,
      "spread_pct": 0.00459,
      "bid_depth_50": 6667098.5,
      "ask_depth_50": 8061772.83,
      "bid_depth_100": 6667098.5,
      "ask_depth_100": 8061772.83,
      "bid_depth_500": 6667098.5,
      "ask_depth_500": 8061772.83,
      "imbalance": -0.0947,
      "score": 100
    },
    "FARTCOIN": {
      "tradeable": true,
      "spread_pct": 0.0051,
      "bid_depth_50": 64571.04,
      "ask_depth_50": 40022.52,
      "bid_depth_100": 64571.04,
      "ask_depth_100": 40022.52,
      "bid_depth_500": 64571.04,
      "ask_depth_500": 40022.52,
      "imbalance": 0.2347,
      "score": 82.4
    },
    "HYPE": {
      "tradeable": true,
      "spread_pct": 0.024443,
      "bid_depth_50": 70014.28,
      "ask_depth_50": 212518.06,
      "bid_depth_100": 70014.28,
      "ask_depth_100": 212518.06,
      "bid_depth_500": 70014.28,
      "ask_depth_500": 212518.06,
      "imbalance": -0.5044,
      "score": 75.9
    },
    "INJ": {
      "tradeable": true,
      "spread_pct": 0.019841,
      "bid_depth_50": 42384.1,
      "ask_depth_50": 178452.06,
      "bid_depth_100": 42384.1,
      "ask_depth_100": 178452.06,
      "bid_depth_500": 42384.1,
      "ask_depth_500": 178452.06,
      "imbalance": -0.6161,
      "score": 77.8
    },
    "JUP": {
      "tradeable": false,
      "spread_pct": 0.067924,
      "bid_depth_50": 57524.89,
      "ask_depth_50": 55591.56,
      "bid_depth_100": 57524.89,
      "ask_depth_100": 55591.56,
      "bid_depth_500": 57524.89,
      "ask_depth_500": 55591.56,
      "imbalance": 0.0171,
      "score": 51.6
    },
    "LDO": {
      "tradeable": true,
      "spread_pct": 0.033131,
      "bid_depth_50": 29276.23,
      "ask_depth_50": 84885.44,
      "bid_depth_100": 29276.23,
      "ask_depth_100": 84885.44,
      "bid_depth_500": 29276.23,
      "ask_depth_500": 84885.44,
      "imbalance": -0.4871,
      "score": 59.7
    },
    "LINK": {
      "tradeable": true,
      "spread_pct": 0.016385,
      "bid_depth_50": 162859.13,
      "ask_depth_50": 139843.42,
      "bid_depth_100": 162859.13,
      "ask_depth_100": 139843.42,
      "bid_depth_500": 162859.13,
      "ask_depth_500": 139843.42,
      "imbalance": 0.076,
      "score": 84.8
    },
    "LTC": {
      "tradeable": true,
      "spread_pct": 0.009018,
      "bid_depth_50": 164834.5,
      "ask_depth_50": 148850.14,
      "bid_depth_100": 164834.5,
      "ask_depth_100": 148850.14,
      "bid_depth_500": 164834.5,
      "ask_depth_500": 148850.14,
      "imbalance": 0.051,
      "score": 91.7
    },
    "NEAR": {
      "tradeable": true,
      "spread_pct": 0.029345,
      "bid_depth_50": 159748.29,
      "ask_depth_50": 188784.69,
      "bid_depth_100": 159748.29,
      "ask_depth_100": 188784.69,
      "bid_depth_500": 159748.29,
      "ask_depth_500": 188784.69,
      "imbalance": -0.0833,
      "score": 73.9
    },
    "ONDO": {
      "tradeable": true,
      "spread_pct": 0.037988,
      "bid_depth_50": 84589.59,
      "ask_depth_50": 85865.41,
      "bid_depth_100": 84589.59,
      "ask_depth_100": 85865.41,
      "bid_depth_500": 84589.59,
      "ask_depth_500": 85865.41,
      "imbalance": -0.0075,
      "score": 57.4
    },
    "OP": {
      "tradeable": true,
      "spread_pct": 0.008086,
      "bid_depth_50": 38522.67,
      "ask_depth_50": 173792.44,
      "bid_depth_100": 38522.67,
      "ask_depth_100": 173792.44,
      "bid_depth_500": 38522.67,
      "ask_depth_500": 173792.44,
      "imbalance": -0.6371,
      "score": 87.2
    },
    "PAXG": {
      "tradeable": true,
      "spread_pct": 0.014715,
      "bid_depth_50": 472500.57,
      "ask_depth_50": 460046.46,
      "bid_depth_100": 472500.57,
      "ask_depth_100": 460046.46,
      "bid_depth_500": 472500.57,
      "ask_depth_500": 460046.46,
      "imbalance": 0.0134,
      "score": 95.3
    },
    "PUMP": {
      "tradeable": false,
      "spread_pct": 0.104058,
      "bid_depth_50": 432913.18,
      "ask_depth_50": 417895.25,
      "bid_depth_100": 791764.76,
      "ask_depth_100": 885032.19,