{
  "timestamp": "2026-03-19T21:15:40.763077+00:00",
  "coins": {
    "AAVE": {
      "tradeable": true,
      "spread_pct": 0.008901,
      "bid_depth_50": 216135.35,
      "ask_depth_50": 261743.31,
      "bid_depth_100": 216135.35,
      "ask_depth_100": 261743.31,
      "bid_depth_500": 216135.35,
      "ask_depth_500": 261743.31,
      "imbalance": -0.0954,
      "score": 99.0
    },
    "ADA": {
      "tradeable": true,
      "spread_pct": 0.007464,
      "bid_depth_50": 100516.3,
      "ask_depth_50": 64570.67,
      "bid_depth_100": 100516.3,
      "ask_depth_100": 64570.67,
      "bid_depth_500": 100516.3,
      "ask_depth_500": 64570.67,
      "imbalance": 0.2177,
      "score": 85.1
    },
    "APT": {
      "tradeable": true,
      "spread_pct": 0.010578,
      "bid_depth_50": 110391.31,
      "ask_depth_50": 128929.69,
      "bid_depth_100": 110391.31,
      "ask_depth_100": 128929.69,
      "bid_depth_500": 110391.31,
      "ask_depth_500": 128929.69,
      "imbalance": -0.0775,
      "score": 87.8
    },
    "ARB": {
      "tradeable": true,
      "spread_pct": 0.020151,
      "bid_depth_50": 142264.17,
      "ask_depth_50": 178942.67,
      "bid_depth_100": 142264.17,
      "ask_depth_100": 178942.67,
      "bid_depth_500": 142264.17,
      "ask_depth_500": 178942.67,
      "imbalance": -0.1142,
      "score": 81.9
    },
    "AVAX": {
      "tradeable": true,
      "spread_pct": 0.014712,
      "bid_depth_50": 102571.69,
      "ask_depth_50": 70354.45,
      "bid_depth_100": 102571.69,
      "ask_depth_100": 70354.45,
      "bid_depth_500": 102571.69,
      "ask_depth_500": 70354.45,
      "imbalance": 0.1863,
      "score": 80.8
    },
    "BCH": {
      "tradeable": true,
      "spread_pct": 0.019705,
      "bid_depth_50": 85898.45,
      "ask_depth_50": 105982.02,
      "bid_depth_100": 85898.45,
      "ask_depth_100": 105982.02,
      "bid_depth_500": 85898.45,
      "ask_depth_500": 105982.02,
      "imbalance": -0.1047,
      "score": 76.6
    },
    "BNB": {
      "tradeable": true,
      "spread_pct": 0.001555,
      "bid_depth_50": 125118.47,
      "ask_depth_50": 136506.2,
      "bid_depth_100": 125118.47,
      "ask_depth_100": 136506.2,
      "bid_depth_500": 125118.47,
      "ask_depth_500": 136506.2,
      "imbalance": -0.0435,
      "score": 89.4
    },
    "BTC": {
      "tradeable": true,
      "spread_pct": 0.001415,
      "bid_depth_50": 6127018.02,
      "ask_depth_50": 1091226.16,
      "bid_depth_100": 6127018.02,
      "ask_depth_100": 1091226.16,
      "bid_depth_500": 6127018.02,
      "ask_depth_500": 1091226.16,
      "imbalance": 0.6976,
      "score": 100
    },
    "CRV": {
      "tradeable": true,
      "spread_pct": 0.012684,
      "bid_depth_50": 117311.09,
      "ask_depth_50": 95614.19,
      "bid_depth_100": 117311.09,
      "ask_depth_100": 95614.19,
      "bid_depth_500": 117311.09,
      "ask_depth_500": 95614.19,
      "imbalance": 0.1019,
      "score": 84.6
    },
    "DOGE": {
      "tradeable": true,
      "spread_pct": 0.001067,
      "bid_depth_50": 387648.72,
      "ask_depth_50": 246025.62,
      "bid_depth_100": 387648.72,
      "ask_depth_100": 246025.62,
      "bid_depth_500": 387648.72,
      "ask_depth_500": 246025.62,
      "imbalance": 0.2235,
      "score": 100
    },
    "DOT": {
      "tradeable": true,
      "spread_pct": 0.006531,
      "bid_depth_50": 157253.42,
      "ask_depth_50": 140597.78,
      "bid_depth_100": 157253.42,
      "ask_depth_100": 140597.78,
      "bid_depth_500": 157253.42,
      "ask_depth_500": 140597.78,
      "imbalance": 0.0559,
      "score": 91.0
    },
    "ENA": {
      "tradeable": true,
      "spread_pct": 0.038718,
      "bid_depth_50": 224437.77,
      "ask_depth_50": 236757.63,
      "bid_depth_100": 224437.77,
      "ask_depth_100": 236757.63,
      "bid_depth_500": 224437.77,
      "ask_depth_500": 236757.63,
      "imbalance": -0.0267,
      "score": 69.6
    },
    "ETH": {
      "tradeable": true,
      "spread_pct": 0.004646,
      "bid_depth_50": 10541410.4,
      "ask_depth_50": 5143182.39,
      "bid_depth_100": 10541410.4,
      "ask_depth_100": 5143182.39,
      "bid_depth_500": 10541410.4,
      "ask_depth_500": 5143182.39,
      "imbalance": 0.3442,
      "score": 100
    },
    "FARTCOIN": {
      "tradeable": true,
      "spread_pct": 0.004942,
      "bid_depth_50": 57713.97,
      "ask_depth_50": 23907.23,
      "bid_depth_100": 57713.97,
      "ask_depth_100": 23907.23,
      "bid_depth_500": 57713.97,
      "ask_depth_500": 23907.23,
      "imbalance": 0.4142,
      "score": 81.4
    },
    "HYPE": {
      "tradeable": true,
      "spread_pct": 0.002528,
      "bid_depth_50": 123060.69,
      "ask_depth_50": 118486.88,
      "bid_depth_100": 123060.69,
      "ask_depth_100": 118486.88,
      "bid_depth_500": 123060.69,
      "ask_depth_500": 118486.88,
      "imbalance": 0.0189,
      "score": 88.5
    },
    "INJ": {
      "tradeable": true,
      "spread_pct": 0.039656,
      "bid_depth_50": 44247.61,
      "ask_depth_50": 22215.72,
      "bid_depth_100": 44247.61,
      "ask_depth_100": 22215.72,
      "bid_depth_500": 44247.61,
      "ask_depth_500": 22215.72,
      "imbalance": 0.3315,
      "score": 51.1
    },
    "JUP": {
      "tradeable": true,
      "spread_pct": 0.049903,
      "bid_depth_50": 50901.82,
      "ask_depth_50": 62010.31,
      "bid_depth_100": 50901.82,
      "ask_depth_100": 62010.31,
      "bid_depth_500": 50901.82,
      "ask_depth_500": 62010.31,
      "imbalance": -0.0984,
      "score": 42.9
    },
    "LDO": {
      "tradeable": true,
      "spread_pct": 0.030211,
      "bid_depth_50": 38609.77,
      "ask_depth_50": 66907.43,
      "bid_depth_100": 38609.77,
      "ask_depth_100": 66907.43,
      "bid_depth_500": 38609.77,
      "ask_depth_500": 66907.43,
      "imbalance": -0.2682,
      "score": 62.3
    },
    "LINK": {
      "tradeable": true,
      "spread_pct": 0.020948,
      "bid_depth_50": 121677.84,
      "ask_depth_50": 63764.58,
      "bid_depth_100": 121677.84,
      "ask_depth_100": 63764.58,
      "bid_depth_500": 121677.84,
      "ask_depth_500": 63764.58,
      "imbalance": 0.3123,
      "score": 75.1
    },
    "LTC": {
      "tradeable": true,
      "spread_pct": 0.001791,
      "bid_depth_50": 95930.45,
      "ask_depth_50": 126523.1,
      "bid_depth_100": 95930.45,
      "ask_depth_100": 126523.1,
      "bid_depth_500": 95930.45,
      "ask_depth_500": 126523.1,
      "imbalance": -0.1375,
      "score": 87.7
    },
    "NEAR": {
      "tradeable": true,
      "spread_pct": 0.007493,
      "bid_depth_50": 203834.16,
      "ask_depth_50": 120669.03,
      "bid_depth_100": 203834.16,
      "ask_depth_100": 120669.03,
      "bid_depth_500": 203834.16,
      "ask_depth_500": 120669.03,
      "imbalance": 0.2563,
      "score": 92.2
    },
    "ONDO": {
      "tradeable": true,
      "spread_pct": 0.030981,
      "bid_depth_50": 74512.0,
      "ask_depth_50": 75156.51,
      "bid_depth_100": 74512.0,
      "ask_depth_100": 75156.51,
      "bid_depth_500": 74512.0,
      "ask_depth_500": 75156.51,
      "imbalance": -0.0043,
      "score": 63.4
    },
    "OP": {
      "tradeable": false,
      "spread_pct": 0.057964,
      "bid_depth_50": 111239.38,
      "ask_depth_50": 69906.94,
      "bid_depth_100": 111250.39,
      "ask_depth_100": 69906.94,
      "bid_depth_500": 111250.39,
      "ask_depth_500": 69906.94,
      "imbalance": 0.2282,
      "score": 55.3
    },
    "PAXG": {
      "tradeable": true,
      "spread_pct": 0.002144,
      "bid_depth_50": 204894.52,
      "ask_depth_50": 172671.65,
      "bid_depth_100": 204894.52,
      "ask_depth_100": 172671.65,
      "bid_depth_500": 204894.52,
      "ask_depth_500": 172671.65,
      "imbalance": 0.0853,
      "score": 94.6
    },
    "PUMP": {
      "tradeable": false,
      "spread_pct": 0.053691,
      "bid_depth_50": 390394.22,
      "ask_depth_50": 305661.01,
      "bid_depth_100": 801149.86,