{
  "timestamp": "2026-03-18T20:27:44.331907+00:00",
  "coins": {
    "AAVE": {
      "tradeable": true,
      "spread_pct": 0.017616,
      "bid_depth_50": 283948.52,
      "ask_depth_50": 178560.89,
      "bid_depth_100": 283948.52,
      "ask_depth_100": 178560.89,
      "bid_depth_500": 283948.52,
      "ask_depth_500": 178560.89,
      "imbalance": 0.2279,
      "score": 90.7
    },
    "ADA": {
      "tradeable": true,
      "spread_pct": 0.033118,
      "bid_depth_50": 111953.56,
      "ask_depth_50": 89397.91,
      "bid_depth_100": 111953.56,
      "ask_depth_100": 89397.91,
      "bid_depth_500": 111953.56,
      "ask_depth_500": 89397.91,
      "imbalance": 0.112,
      "score": 63.6
    },
    "APT": {
      "tradeable": true,
      "spread_pct": 0.010484,
      "bid_depth_50": 115489.51,
      "ask_depth_50": 73185.61,
      "bid_depth_100": 115489.51,
      "ask_depth_100": 73185.61,
      "bid_depth_500": 115489.51,
      "ask_depth_500": 73185.61,
      "imbalance": 0.2242,
      "score": 85.7
    },
    "ARB": {
      "tradeable": true,
      "spread_pct": 0.029491,
      "bid_depth_50": 200001.0,
      "ask_depth_50": 136833.56,
      "bid_depth_100": 200001.0,
      "ask_depth_100": 136833.56,
      "bid_depth_500": 200001.0,
      "ask_depth_500": 136833.56,
      "imbalance": 0.1875,
      "score": 73.3
    },
    "AVAX": {
      "tradeable": true,
      "spread_pct": 0.009362,
      "bid_depth_50": 138751.02,
      "ask_depth_50": 120440.56,
      "bid_depth_100": 138751.02,
      "ask_depth_100": 120440.56,
      "bid_depth_500": 138751.02,
      "ask_depth_500": 120440.56,
      "imbalance": 0.0706,
      "score": 89.3
    },
    "BCH": {
      "tradeable": true,
      "spread_pct": 0.015446,
      "bid_depth_50": 89655.11,
      "ask_depth_50": 99794.7,
      "bid_depth_100": 89655.11,
      "ask_depth_100": 99794.7,
      "bid_depth_500": 89655.11,
      "ask_depth_500": 99794.7,
      "imbalance": -0.0535,
      "score": 80.8
    },
    "BNB": {
      "tradeable": true,
      "spread_pct": 0.001544,
      "bid_depth_50": 102360.03,
      "ask_depth_50": 87289.05,
      "bid_depth_100": 102360.03,
      "ask_depth_100": 87289.05,
      "bid_depth_500": 102360.03,
      "ask_depth_500": 87289.05,
      "imbalance": 0.0795,
      "score": 86.2
    },
    "BTC": {
      "tradeable": true,
      "spread_pct": 0.00141,
      "bid_depth_50": 2505521.63,
      "ask_depth_50": 3103112.96,
      "bid_depth_100": 2505521.63,
      "ask_depth_100": 3103112.96,
      "bid_depth_500": 2505521.63,
      "ask_depth_500": 3103112.96,
      "imbalance": -0.1065,
      "score": 100
    },
    "CRV": {
      "tradeable": true,
      "spread_pct": 0.037803,
      "bid_depth_50": 85843.91,
      "ask_depth_50": 94888.5,
      "bid_depth_100": 85843.91,
      "ask_depth_100": 94888.5,
      "bid_depth_500": 85843.91,
      "ask_depth_500": 94888.5,
      "imbalance": -0.05,
      "score": 58.0
    },
    "DOGE": {
      "tradeable": true,
      "spread_pct": 0.001058,
      "bid_depth_50": 114146.76,
      "ask_depth_50": 295323.37,
      "bid_depth_100": 114146.76,
      "ask_depth_100": 295323.37,
      "bid_depth_500": 114146.76,
      "ask_depth_500": 295323.37,
      "imbalance": -0.4425,
      "score": 96.0
    },
    "DOT": {
      "tradeable": true,
      "spread_pct": 0.019377,
      "bid_depth_50": 114511.47,
      "ask_depth_50": 139332.83,
      "bid_depth_100": 114511.47,
      "ask_depth_100": 139332.83,
      "bid_depth_500": 114511.47,
      "ask_depth_500": 139332.83,
      "imbalance": -0.0978,
      "score": 79.7
    },
    "ENA": {
      "tradeable": false,
      "spread_pct": 0.055824,
      "bid_depth_50": 232212.08,
      "ask_depth_50": 218851.61,
      "bid_depth_100": 232212.08,
      "ask_depth_100": 218851.61,
      "bid_depth_500": 232212.08,
      "ask_depth_500": 218851.61,
      "imbalance": 0.0296,
      "score": 67.4
    },
    "ETH": {
      "tradeable": true,
      "spread_pct": 0.013786,
      "bid_depth_50": 8710685.0,
      "ask_depth_50": 9567752.7,
      "bid_depth_100": 8710685.0,
      "ask_depth_100": 9567752.7,
      "bid_depth_500": 8710685.0,
      "ask_depth_500": 9567752.7,
      "imbalance": -0.0469,
      "score": 96.2
    },
    "FARTCOIN": {
      "tradeable": true,
      "spread_pct": 0.009915,
      "bid_depth_50": 36584.23,
      "ask_depth_50": 59546.51,
      "bid_depth_100": 36584.23,
      "ask_depth_100": 59546.51,
      "bid_depth_500": 36584.23,
      "ask_depth_500": 59546.51,
      "imbalance": -0.2389,
      "score": 82.1
    },
    "HYPE": {
      "tradeable": true,
      "spread_pct": 0.004672,
      "bid_depth_50": 114525.26,
      "ask_depth_50": 271567.95,
      "bid_depth_100": 114525.26,
      "ask_depth_100": 271567.95,
      "bid_depth_500": 114525.26,
      "ask_depth_500": 271567.95,
      "imbalance": -0.4067,
      "score": 94.9
    },
    "INJ": {
      "tradeable": false,
      "spread_pct": 0.134191,
      "bid_depth_50": 24791.43,
      "ask_depth_50": 14349.36,
      "bid_depth_100": 30207.64,
      "ask_depth_100": 382257.85,
      "bid_depth_500": 30207.64,
      "ask_depth_500": 382257.85,
      "imbalance": 0.2668,
      "score": 55.7
    },
    "JUP": {
      "tradeable": true,
      "spread_pct": 0.049301,
      "bid_depth_50": 37226.89,
      "ask_depth_50": 52793.68,
      "bid_depth_100": 37226.89,
      "ask_depth_100": 52793.68,
      "bid_depth_500": 37226.89,
      "ask_depth_500": 52793.68,
      "imbalance": -0.1729,
      "score": 42.5
    },
    "LDO": {
      "tradeable": true,
      "spread_pct": 0.016614,
      "bid_depth_50": 37561.7,
      "ask_depth_50": 85686.21,
      "bid_depth_100": 37561.7,
      "ask_depth_100": 85686.21,
      "bid_depth_500": 37561.7,
      "ask_depth_500": 85686.21,
      "imbalance": -0.3905,
      "score": 76.6
    },
    "LINK": {
      "tradeable": true,
      "spread_pct": 0.006552,
      "bid_depth_50": 131465.26,
      "ask_depth_50": 131943.82,
      "bid_depth_100": 131465.26,
      "ask_depth_100": 131943.82,
      "bid_depth_500": 131465.26,
      "ask_depth_500": 131943.82,
      "imbalance": -0.0018,
      "score": 89.5
    },
    "LTC": {
      "tradeable": true,
      "spread_pct": 0.003584,
      "bid_depth_50": 100525.37,
      "ask_depth_50": 137424.13,
      "bid_depth_100": 100525.37,
      "ask_depth_100": 137424.13,
      "bid_depth_500": 100525.37,
      "ask_depth_500": 137424.13,
      "imbalance": -0.1551,
      "score": 88.4
    },
    "NEAR": {
      "tradeable": true,
      "spread_pct": 0.043165,
      "bid_depth_50": 128199.57,
      "ask_depth_50": 122213.38,
      "bid_depth_100": 128199.57,
      "ask_depth_100": 122213.38,
      "bid_depth_500": 128199.57,
      "ask_depth_500": 122213.38,
      "imbalance": 0.0239,
      "score": 55.7
    },
    "ONDO": {
      "tradeable": true,
      "spread_pct": 0.011354,
      "bid_depth_50": 90807.09,
      "ask_depth_50": 58675.67,
      "bid_depth_100": 90807.09,
      "ask_depth_100": 58675.67,
      "bid_depth_500": 90807.09,
      "ask_depth_500": 58675.67,
      "imbalance": 0.215,
      "score": 83.1
    },
    "OP": {
      "tradeable": true,
      "spread_pct": 0.007936,
      "bid_depth_50": 70277.41,
      "ask_depth_50": 77143.54,
      "bid_depth_100": 73496.07,
      "ask_depth_100": 77143.54,
      "bid_depth_500": 73496.07,
      "ask_depth_500": 77143.54,
      "imbalance": -0.0466,
      "score": 84.5
    },
    "PAXG": {
      "tradeable": true,
      "spread_pct": 0.020793,
      "bid_depth_50": 485310.5,
      "ask_depth_50": 489433.93,
      "bid_depth_100": 485310.5,
      "ask_depth_100": 489433.93,
      "bid_depth_500": 485310.5,
      "ask_depth_500": 489433.93,
      "imbalance": -0.0042,
      "score": 89.2
    },
    "PUMP": {
      "tradeable": false,
      "spread_pct": 0.051454,
      "bid_depth_50": 364073.55,
      "ask_depth_50": 435494.52,
      "bid_depth_100": 698627.87,