{
  "timestamp": "2026-03-18T08:40:22.279083+00:00",
  "coins": {
    "BTC": {
      "tradeable": true,
      "spread_pct": 0.001351,
      "bid_depth_50": 2655930.29,
      "ask_depth_50": 5101279.19,
      "bid_depth_100": 2655930.29,
      "ask_depth_100": 5101279.19,
      "bid_depth_500": 2655930.29,
      "ask_depth_500": 5101279.19,
      "imbalance": -0.3152,
      "score": 100
    },
    "ETH": {
      "tradeable": true,
      "spread_pct": 0.00431,
      "bid_depth_50": 8858935.77,
      "ask_depth_50": 6485394.44,
      "bid_depth_100": 8858935.77,
      "ask_depth_100": 6485394.44,
      "bid_depth_500": 8858935.77,
      "ask_depth_500": 6485394.44,
      "imbalance": 0.1547,
      "score": 100
    },
    "SOL": {
      "tradeable": true,
      "spread_pct": 0.001063,
      "bid_depth_50": 455221.85,
      "ask_depth_50": 271232.85,
      "bid_depth_100": 455221.85,
      "ask_depth_100": 271232.85,
      "bid_depth_500": 455221.85,
      "ask_depth_500": 271232.85,
      "imbalance": 0.2533,
      "score": 100
    },
    "DOGE": {
      "tradeable": true,
      "spread_pct": 0.010022,
      "bid_depth_50": 163267.27,
      "ask_depth_50": 239839.91,
      "bid_depth_100": 163267.27,
      "ask_depth_100": 239839.91,
      "bid_depth_500": 163267.27,
      "ask_depth_500": 239839.91,
      "imbalance": -0.19,
      "score": 95.7
    },
    "AVAX": {
      "tradeable": true,
      "spread_pct": 0.039047,
      "bid_depth_50": 306021.15,
      "ask_depth_50": 337182.48,
      "bid_depth_100": 306021.15,
      "ask_depth_100": 337182.48,
      "bid_depth_500": 306021.15,
      "ask_depth_500": 337182.48,
      "imbalance": -0.0484,
      "score": 71.0
    },
    "LINK": {
      "tradeable": true,
      "spread_pct": 0.001018,
      "bid_depth_50": 109112.26,
      "ask_depth_50": 141298.65,
      "bid_depth_100": 109112.26,
      "ask_depth_100": 141298.65,
      "bid_depth_500": 109112.26,
      "ask_depth_500": 141298.65,
      "imbalance": -0.1285,
      "score": 88.9
    },
    "ARB": {
      "tradeable": true,
      "spread_pct": 0.027833,
      "bid_depth_50": 199704.66,
      "ask_depth_50": 132558.53,
      "bid_depth_100": 199704.66,
      "ask_depth_100": 132558.53,
      "bid_depth_500": 199704.66,
      "ask_depth_500": 132558.53,
      "imbalance": 0.2021,
      "score": 74.7
    },
    "NEAR": {
      "tradeable": true,
      "spread_pct": 0.034764,
      "bid_depth_50": 121955.82,
      "ask_depth_50": 74786.24,
      "bid_depth_100": 121955.82,
      "ask_depth_100": 74786.24,
      "bid_depth_500": 121955.82,
      "ask_depth_500": 74786.24,
      "imbalance": 0.2398,
      "score": 61.8
    },
    "SUI": {
      "tradeable": true,
      "spread_pct": 0.009724,
      "bid_depth_50": 462819.83,
      "ask_depth_50": 801246.0,
      "bid_depth_100": 462819.83,
      "ask_depth_100": 801246.0,
      "bid_depth_500": 462819.83,
      "ask_depth_500": 801246.0,
      "imbalance": -0.2677,
      "score": 100
    },
    "INJ": {
      "tradeable": true,
      "spread_pct": 0.03416,
      "bid_depth_50": 219765.47,
      "ask_depth_50": 32846.08,
      "bid_depth_100": 279188.91,
      "ask_depth_100": 35122.85,
      "bid_depth_500": 279188.91,
      "ask_depth_500": 35122.85,
      "imbalance": 0.7399,
      "score": 67.6
    }
  }
}