{
  "timestamp": "2026-03-26T04:53:01.591290+00:00",
  "coins": {
    "AAVE": {
      "tradeable": true,
      "spread_pct": 0.027247,
      "bid_depth_50": 254044.63,
      "ask_depth_50": 368939.04,
      "bid_depth_100": 254044.63,
      "ask_depth_100": 368939.04,
      "bid_depth_500": 254044.63,
      "ask_depth_500": 368939.04,
      "imbalance": -0.1844,
      "score": 82.8
    },
    "ADA": {
      "tradeable": true,
      "spread_pct": 0.00753,
      "bid_depth_50": 84564.95,
      "ask_depth_50": 126004.46,
      "bid_depth_100": 84564.95,
      "ask_depth_100": 126004.46,
      "bid_depth_500": 84564.95,
      "ask_depth_500": 126004.46,
      "imbalance": -0.1968,
      "score": 87.1
    },
    "APT": {
      "tradeable": true,
      "spread_pct": 0.009636,
      "bid_depth_50": 67985.72,
      "ask_depth_50": 60891.07,
      "bid_depth_100": 67985.72,
      "ask_depth_100": 60891.07,
      "bid_depth_500": 67985.72,
      "ask_depth_500": 60891.07,
      "imbalance": 0.055,
      "score": 83.5
    },
    "ARB": {
      "tradeable": true,
      "spread_pct": 0.010338,
      "bid_depth_50": 168971.92,
      "ask_depth_50": 162894.42,
      "bid_depth_100": 168971.92,
      "ask_depth_100": 162894.42,
      "bid_depth_500": 168971.92,
      "ask_depth_500": 162894.42,
      "imbalance": 0.0183,
      "score": 92.2
    },
    "AVAX": {
      "tradeable": true,
      "spread_pct": 0.01884,
      "bid_depth_50": 96301.09,
      "ask_depth_50": 49466.16,
      "bid_depth_100": 96301.09,
      "ask_depth_100": 49466.16,
      "bid_depth_500": 96301.09,
      "ask_depth_500": 49466.16,
      "imbalance": 0.3213,
      "score": 75.4
    },
    "BCH": {
      "tradeable": true,
      "spread_pct": 0.023417,
      "bid_depth_50": 80860.38,
      "ask_depth_50": 75271.18,
      "bid_depth_100": 80860.38,
      "ask_depth_100": 75271.18,
      "bid_depth_500": 80860.38,
      "ask_depth_500": 75271.18,
      "imbalance": 0.0358,
      "score": 71.3
    },
    "BNB": {
      "tradeable": true,
      "spread_pct": 0.017126,
      "bid_depth_50": 85400.05,
      "ask_depth_50": 57448.38,
      "bid_depth_100": 85400.05,
      "ask_depth_100": 57448.38,
      "bid_depth_500": 85400.05,
      "ask_depth_500": 57448.38,
      "imbalance": 0.1957,
      "score": 77.0
    },
    "BTC": {
      "tradeable": true,
      "spread_pct": 0.001413,
      "bid_depth_50": 5806933.68,
      "ask_depth_50": 1479679.59,
      "bid_depth_100": 5806933.68,
      "ask_depth_100": 1479679.59,
      "bid_depth_500": 5806933.68,
      "ask_depth_500": 1479679.59,
      "imbalance": 0.5939,
      "score": 100
    },
    "CRV": {
      "tradeable": true,
      "spread_pct": 0.034887,
      "bid_depth_50": 134728.88,
      "ask_depth_50": 92504.98,
      "bid_depth_100": 134728.88,
      "ask_depth_100": 92504.98,
      "bid_depth_500": 134728.88,
      "ask_depth_500": 92504.98,
      "imbalance": 0.1858,
      "score": 63.0
    },
    "DOGE": {
      "tradeable": true,
      "spread_pct": 0.007425,
      "bid_depth_50": 111142.91,
      "ask_depth_50": 308152.79,
      "bid_depth_100": 111142.91,
      "ask_depth_100": 308152.79,
      "bid_depth_500": 111142.91,
      "ask_depth_500": 308152.79,
      "imbalance": -0.4699,
      "score": 96.4
    },
    "DOT": {
      "tradeable": true,
      "spread_pct": 0.01499,
      "bid_depth_50": 55582.15,
      "ask_depth_50": 298007.47,
      "bid_depth_100": 55582.15,
      "ask_depth_100": 298007.47,
      "bid_depth_500": 55582.15,
      "ask_depth_500": 298007.47,
      "imbalance": -0.6856,
      "score": 88.5
    },
    "ENA": {
      "tradeable": true,
      "spread_pct": 0.037875,
      "bid_depth_50": 246388.86,
      "ask_depth_50": 270283.41,
      "bid_depth_100": 246388.86,
      "ask_depth_100": 270283.41,
      "bid_depth_500": 246388.86,
      "ask_depth_500": 270283.41,
      "imbalance": -0.0462,
      "score": 72.1
    },
    "ETH": {
      "tradeable": true,
      "spread_pct": 0.00465,
      "bid_depth_50": 7409100.48,
      "ask_depth_50": 11325304.06,
      "bid_depth_100": 7409100.48,
      "ask_depth_100": 11325304.06,
      "bid_depth_500": 7409100.48,
      "ask_depth_500": 11325304.06,
      "imbalance": -0.209,
      "score": 100
    },
    "FARTCOIN": {
      "tradeable": false,
      "spread_pct": 0.064236,
      "bid_depth_50": 76139.92,
      "ask_depth_50": 93690.28,
      "bid_depth_100": 76139.92,
      "ask_depth_100": 93690.28,
      "bid_depth_500": 76139.92,
      "ask_depth_500": 93690.28,
      "imbalance": -0.1033,
      "score": 54.4
    },
    "HYPE": {
      "tradeable": true,
      "spread_pct": 0.002541,
      "bid_depth_50": 148233.26,
      "ask_depth_50": 148887.04,
      "bid_depth_100": 148233.26,
      "ask_depth_100": 148887.04,
      "bid_depth_500": 148233.26,
      "ask_depth_500": 148887.04,
      "imbalance": -0.0022,
      "score": 91.0
    },
    "INJ": {
      "tradeable": true,
      "spread_pct": 0.026403,
      "bid_depth_50": 34605.68,
      "ask_depth_50": 165754.56,
      "bid_depth_100": 34605.68,
      "ask_depth_100": 169543.17,
      "bid_depth_500": 34605.68,
      "ask_depth_500": 169543.17,
      "imbalance": -0.6546,
      "score": 70.4
    },
    "JUP": {
      "tradeable": true,
      "spread_pct": 0.03264,
      "bid_depth_50": 49551.22,
      "ask_depth_50": 41730.55,
      "bid_depth_100": 49551.22,
      "ask_depth_100": 41730.55,
      "bid_depth_500": 49551.22,
      "ask_depth_500": 41730.55,
      "imbalance": 0.0857,
      "score": 59.2
    },
    "LDO": {
      "tradeable": true,
      "spread_pct": 0.030234,
      "bid_depth_50": 37474.5,
      "ask_depth_50": 26613.41,
      "bid_depth_100": 37474.5,
      "ask_depth_100": 26613.41,
      "bid_depth_500": 37474.5,
      "ask_depth_500": 26613.41,
      "imbalance": 0.1695,
      "score": 60.4
    },
    "LINK": {
      "tradeable": true,
      "spread_pct": 0.004334,
      "bid_depth_50": 139253.25,
      "ask_depth_50": 146491.84,
      "bid_depth_100": 139253.25,
      "ask_depth_100": 146491.84,
      "bid_depth_500": 139253.25,
      "ask_depth_500": 146491.84,
      "imbalance": -0.0253,
      "score": 90.5
    },
    "LTC": {
      "tradeable": true,
      "spread_pct": 0.001789,
      "bid_depth_50": 126085.98,
      "ask_depth_50": 188770.69,
      "bid_depth_100": 126085.98,
      "ask_depth_100": 188770.69,
      "bid_depth_500": 126085.98,
      "ask_depth_500": 188770.69,
      "imbalance": -0.1991,
      "score": 91.8
    },
    "NEAR": {
      "tradeable": true,
      "spread_pct": 0.008004,
      "bid_depth_50": 73699.01,
      "ask_depth_50": 123648.27,
      "bid_depth_100": 73699.01,
      "ask_depth_100": 123648.27,
      "bid_depth_500": 73699.01,
      "ask_depth_500": 123648.27,
      "imbalance": -0.2531,
      "score": 86.5
    },
    "ONDO": {
      "tradeable": true,
      "spread_pct": 0.018627,
      "bid_depth_50": 44231.3,
      "ask_depth_50": 48879.62,
      "bid_depth_100": 44231.3,
      "ask_depth_100": 48879.62,
      "bid_depth_500": 44231.3,
      "ask_depth_500": 48879.62,
      "imbalance": -0.0499,
      "score": 73.3
    },
    "OP": {
      "tradeable": true,
      "spread_pct": 0.035868,
      "bid_depth_50": 40951.52,
      "ask_depth_50": 107899.29,
      "bid_depth_100": 127478.29,
      "ask_depth_100": 180576.53,
      "bid_depth_500": 127478.29,
      "ask_depth_500": 180576.53,
      "imbalance": -0.4498,
      "score": 65.6
    },
    "PAXG": {
      "tradeable": true,
      "spread_pct": 0.013275,
      "bid_depth_50": 586954.47,
      "ask_depth_50": 387651.65,
      "bid_depth_100": 586954.47,
      "ask_depth_100": 387651.65,
      "bid_depth_500": 586954.47,
      "ask_depth_500": 387651.65,
      "imbalance": 0.2045,
      "score": 96.7
    },
    "PUMP": {
      "tradeable": false,
      "spread_pct": 0.053691,
      "bid_depth_50": 369368.71,
      "ask_depth_50": 376099.42,
      "bid_depth_100": 861477.27,