{
  "timestamp": "2026-03-19T10:34:45.789090+00:00",
  "coins": {
    "AAVE": {
      "tradeable": true,
      "spread_pct": 0.017432,
      "bid_depth_50": 217510.88,
      "ask_depth_50": 286541.92,
      "bid_depth_100": 217510.88,
      "ask_depth_100": 286541.92,
      "bid_depth_500": 217510.88,
      "ask_depth_500": 286541.92,
      "imbalance": -0.137,
      "score": 92.6
    },
    "ADA": {
      "tradeable": true,
      "spread_pct": 0.025877,
      "bid_depth_50": 120988.58,
      "ask_depth_50": 97133.13,
      "bid_depth_100": 120988.58,
      "ask_depth_100": 97133.13,
      "bid_depth_500": 120988.58,
      "ask_depth_500": 97133.13,
      "imbalance": 0.1094,
      "score": 71.6
    },
    "APT": {
      "tradeable": false,
      "spread_pct": 0.051741,
      "bid_depth_50": 121690.68,
      "ask_depth_50": 95699.0,
      "bid_depth_100": 121690.68,
      "ask_depth_100": 95699.0,
      "bid_depth_500": 121690.68,
      "ask_depth_500": 95699.0,
      "imbalance": 0.1196,
      "score": 57.3
    },
    "ARB": {
      "tradeable": true,
      "spread_pct": 0.029784,
      "bid_depth_50": 170046.97,
      "ask_depth_50": 234508.13,
      "bid_depth_100": 170046.97,
      "ask_depth_100": 234508.13,
      "bid_depth_500": 170046.97,
      "ask_depth_500": 234508.13,
      "imbalance": -0.1593,
      "score": 76.0
    },
    "AVAX": {
      "tradeable": true,
      "spread_pct": 0.027187,
      "bid_depth_50": 145129.01,
      "ask_depth_50": 66631.45,
      "bid_depth_100": 145129.01,
      "ask_depth_100": 66631.45,
      "bid_depth_500": 145129.01,
      "ask_depth_500": 66631.45,
      "imbalance": 0.3707,
      "score": 70.0
    },
    "BCH": {
      "tradeable": true,
      "spread_pct": 0.015264,
      "bid_depth_50": 146096.21,
      "ask_depth_50": 97813.74,
      "bid_depth_100": 146096.21,
      "ask_depth_100": 97813.74,
      "bid_depth_500": 146096.21,
      "ask_depth_500": 97813.74,
      "imbalance": 0.198,
      "score": 83.4
    },
    "BNB": {
      "tradeable": true,
      "spread_pct": 0.001546,
      "bid_depth_50": 140009.6,
      "ask_depth_50": 70550.63,
      "bid_depth_100": 140009.6,
      "ask_depth_100": 70550.63,
      "bid_depth_500": 140009.6,
      "ask_depth_500": 70550.63,
      "imbalance": 0.3299,
      "score": 87.1
    },
    "BTC": {
      "tradeable": true,
      "spread_pct": 0.001423,
      "bid_depth_50": 577687.94,
      "ask_depth_50": 11783306.32,
      "bid_depth_100": 577687.94,
      "ask_depth_100": 11783306.32,
      "bid_depth_500": 577687.94,
      "ask_depth_500": 11783306.32,
      "imbalance": -0.9065,
      "score": 100
    },
    "CRV": {
      "tradeable": true,
      "spread_pct": 0.012614,
      "bid_depth_50": 95072.13,
      "ask_depth_50": 89407.21,
      "bid_depth_100": 95072.13,
      "ask_depth_100": 89407.21,
      "bid_depth_500": 95072.13,
      "ask_depth_500": 89407.21,
      "imbalance": 0.0307,
      "score": 83.4
    },
    "DOGE": {
      "tradeable": true,
      "spread_pct": 0.001056,
      "bid_depth_50": 113079.01,
      "ask_depth_50": 236689.25,
      "bid_depth_100": 113079.01,
      "ask_depth_100": 236689.25,
      "bid_depth_500": 113079.01,
      "ask_depth_500": 236689.25,
      "imbalance": -0.3534,
      "score": 93.3
    },
    "DOT": {
      "tradeable": true,
      "spread_pct": 0.045566,
      "bid_depth_50": 103862.43,
      "ask_depth_50": 175654.01,
      "bid_depth_100": 103862.43,
      "ask_depth_100": 175654.01,
      "bid_depth_500": 103862.43,
      "ask_depth_500": 175654.01,
      "imbalance": -0.2568,
      "score": 54.6
    },
    "ENA": {
      "tradeable": true,
      "spread_pct": 0.038662,
      "bid_depth_50": 224420.56,
      "ask_depth_50": 238703.68,
      "bid_depth_100": 224420.56,
      "ask_depth_100": 238703.68,
      "bid_depth_500": 224420.56,
      "ask_depth_500": 238703.68,
      "imbalance": -0.0308,
      "score": 69.7
    },
    "ETH": {
      "tradeable": true,
      "spread_pct": 0.004592,
      "bid_depth_50": 9705568.3,
      "ask_depth_50": 6465589.03,
      "bid_depth_100": 9705568.3,
      "ask_depth_100": 6465589.03,
      "bid_depth_500": 9705568.3,
      "ask_depth_500": 6465589.03,
      "imbalance": 0.2004,
      "score": 100
    },
    "FARTCOIN": {
      "tradeable": true,
      "spread_pct": 0.010279,
      "bid_depth_50": 76424.61,
      "ask_depth_50": 27702.59,
      "bid_depth_100": 76424.61,
      "ask_depth_100": 27702.59,
      "bid_depth_500": 76424.61,
      "ask_depth_500": 27702.59,
      "imbalance": 0.4679,
      "score": 82.1
    },
    "HYPE": {
      "tradeable": true,
      "spread_pct": 0.007519,
      "bid_depth_50": 266175.63,
      "ask_depth_50": 183526.2,
      "bid_depth_100": 266175.63,
      "ask_depth_100": 183526.2,
      "bid_depth_500": 266175.63,
      "ask_depth_500": 183526.2,
      "imbalance": 0.1838,
      "score": 97.8
    },
    "INJ": {
      "tradeable": true,
      "spread_pct": 0.043088,
      "bid_depth_50": 35816.95,
      "ask_depth_50": 34182.62,
      "bid_depth_100": 35816.95,
      "ask_depth_100": 35673.9,
      "bid_depth_500": 35816.95,
      "ask_depth_500": 35673.9,
      "imbalance": 0.0233,
      "score": 47.9
    },
    "JUP": {
      "tradeable": true,
      "spread_pct": 0.043028,
      "bid_depth_50": 45743.51,
      "ask_depth_50": 40084.53,
      "bid_depth_100": 45743.51,
      "ask_depth_100": 40084.53,
      "bid_depth_500": 45743.51,
      "ask_depth_500": 40084.53,
      "imbalance": 0.0659,
      "score": 48.6
    },
    "LDO": {
      "tradeable": true,
      "spread_pct": 0.02658,
      "bid_depth_50": 32120.44,
      "ask_depth_50": 66709.39,
      "bid_depth_100": 32120.44,
      "ask_depth_100": 66709.39,
      "bid_depth_500": 32120.44,
      "ask_depth_500": 66709.39,
      "imbalance": -0.35,
      "score": 65.6
    },
    "LINK": {
      "tradeable": true,
      "spread_pct": 0.00438,
      "bid_depth_50": 123800.79,
      "ask_depth_50": 80137.5,
      "bid_depth_100": 123800.79,
      "ask_depth_100": 80137.5,
      "bid_depth_500": 123800.79,
      "ask_depth_500": 80137.5,
      "imbalance": 0.2141,
      "score": 86.8
    },
    "LTC": {
      "tradeable": true,
      "spread_pct": 0.0018,
      "bid_depth_50": 119181.92,
      "ask_depth_50": 165017.87,
      "bid_depth_100": 119181.92,
      "ask_depth_100": 165017.87,
      "bid_depth_500": 119181.92,
      "ask_depth_500": 165017.87,
      "imbalance": -0.1613,
      "score": 90.4
    },
    "NEAR": {
      "tradeable": true,
      "spread_pct": 0.036899,
      "bid_depth_50": 179993.57,
      "ask_depth_50": 147035.46,
      "bid_depth_100": 179993.57,
      "ask_depth_100": 147035.46,
      "bid_depth_500": 179993.57,
      "ask_depth_500": 147035.46,
      "imbalance": 0.1008,
      "score": 65.4
    },
    "ONDO": {
      "tradeable": true,
      "spread_pct": 0.003822,
      "bid_depth_50": 59248.11,
      "ask_depth_50": 57145.49,
      "bid_depth_100": 59248.11,
      "ask_depth_100": 57145.49,
      "bid_depth_500": 59248.11,
      "ask_depth_500": 57145.49,
      "imbalance": 0.0181,
      "score": 83.0
    },
    "OP": {
      "tradeable": true,
      "spread_pct": 0.016371,
      "bid_depth_50": 34620.53,
      "ask_depth_50": 119779.28,
      "bid_depth_100": 113166.82,
      "ask_depth_100": 119779.28,
      "bid_depth_500": 113166.82,
      "ask_depth_500": 119779.28,
      "imbalance": -0.5515,
      "score": 81.8
    },
    "PAXG": {
      "tradeable": true,
      "spread_pct": 0.01705,
      "bid_depth_50": 679013.22,
      "ask_depth_50": 315140.4,
      "bid_depth_100": 679013.22,
      "ask_depth_100": 315140.4,
      "bid_depth_500": 679013.22,
      "ask_depth_500": 315140.4,
      "imbalance": 0.366,
      "score": 93.0
    },
    "PUMP": {
      "tradeable": false,
      "spread_pct": 0.052757,
      "bid_depth_50": 439441.41,
      "ask_depth_50": 291687.01,
      "bid_depth_100": 768089.39,
      "ask_depth_100": 730013.63,