{
  "timestamp": "2026-03-21T06:30:37.820850+00:00",
  "coins": {
    "AAVE": {
      "tradeable": true,
      "spread_pct": 0.008959,
      "bid_depth_50": 296128.26,
      "ask_depth_50": 240362.27,
      "bid_depth_100": 296128.26,
      "ask_depth_100": 240362.27,
      "bid_depth_500": 296128.26,
      "ask_depth_500": 240362.27,
      "imbalance": 0.1039,
      "score": 100
    },
    "ADA": {
      "tradeable": true,
      "spread_pct": 0.015012,
      "bid_depth_50": 96158.09,
      "ask_depth_50": 96519.43,
      "bid_depth_100": 96158.09,
      "ask_depth_100": 96519.43,
      "bid_depth_500": 96158.09,
      "ask_depth_500": 96519.43,
      "imbalance": -0.0019,
      "score": 81.3
    },
    "APT": {
      "tradeable": true,
      "spread_pct": 0.039896,
      "bid_depth_50": 43490.94,
      "ask_depth_50": 47246.98,
      "bid_depth_100": 43490.94,
      "ask_depth_100": 47246.98,
      "bid_depth_500": 43490.94,
      "ask_depth_500": 47246.98,
      "imbalance": -0.0414,
      "score": 51.9
    },
    "ARB": {
      "tradeable": true,
      "spread_pct": 0.029957,
      "bid_depth_50": 184973.75,
      "ask_depth_50": 99984.06,
      "bid_depth_100": 184973.75,
      "ask_depth_100": 99984.06,
      "bid_depth_500": 184973.75,
      "ask_depth_500": 99984.06,
      "imbalance": 0.2983,
      "score": 70.5
    },
    "AVAX": {
      "tradeable": true,
      "spread_pct": 0.017665,
      "bid_depth_50": 65365.62,
      "ask_depth_50": 75109.59,
      "bid_depth_100": 65365.62,
      "ask_depth_100": 75109.59,
      "bid_depth_500": 65365.62,
      "ask_depth_500": 75109.59,
      "imbalance": -0.0694,
      "score": 76.4
    },
    "BCH": {
      "tradeable": true,
      "spread_pct": 0.012728,
      "bid_depth_50": 62837.13,
      "ask_depth_50": 70408.16,
      "bid_depth_100": 62837.13,
      "ask_depth_100": 70408.16,
      "bid_depth_500": 62837.13,
      "ask_depth_500": 70408.16,
      "imbalance": -0.0568,
      "score": 81.0
    },
    "BNB": {
      "tradeable": true,
      "spread_pct": 0.009334,
      "bid_depth_50": 42141.45,
      "ask_depth_50": 97851.79,
      "bid_depth_100": 42141.45,
      "ask_depth_100": 97851.79,
      "bid_depth_500": 42141.45,
      "ask_depth_500": 97851.79,
      "imbalance": -0.398,
      "score": 84.0
    },
    "BTC": {
      "tradeable": true,
      "spread_pct": 0.001413,
      "bid_depth_50": 4034554.6,
      "ask_depth_50": 4019185.96,
      "bid_depth_100": 4034554.6,
      "ask_depth_100": 4019185.96,
      "bid_depth_500": 4034554.6,
      "ask_depth_500": 4019185.96,
      "imbalance": 0.0019,
      "score": 100
    },
    "CRV": {
      "tradeable": false,
      "spread_pct": 0.059648,
      "bid_depth_50": 101263.61,
      "ask_depth_50": 99024.26,
      "bid_depth_100": 101263.61,
      "ask_depth_100": 99024.26,
      "bid_depth_500": 101263.61,
      "ask_depth_500": 99024.26,
      "imbalance": 0.0112,
      "score": 56.0
    },
    "DOGE": {
      "tradeable": true,
      "spread_pct": 0.001055,
      "bid_depth_50": 151212.37,
      "ask_depth_50": 128133.53,
      "bid_depth_100": 151212.37,
      "ask_depth_100": 128133.53,
      "bid_depth_500": 151212.37,
      "ask_depth_500": 128133.53,
      "imbalance": 0.0826,
      "score": 90.2
    },
    "DOT": {
      "tradeable": true,
      "spread_pct": 0.039638,
      "bid_depth_50": 73399.86,
      "ask_depth_50": 97181.61,
      "bid_depth_100": 73399.86,
      "ask_depth_100": 97181.61,
      "bid_depth_500": 73399.86,
      "ask_depth_500": 97181.61,
      "imbalance": -0.1394,
      "score": 55.7
    },
    "ENA": {
      "tradeable": true,
      "spread_pct": 0.03899,
      "bid_depth_50": 245615.26,
      "ask_depth_50": 247405.69,
      "bid_depth_100": 245615.26,
      "ask_depth_100": 247405.69,
      "bid_depth_500": 245615.26,
      "ask_depth_500": 247405.69,
      "imbalance": -0.0036,
      "score": 70.7
    },
    "ETH": {
      "tradeable": true,
      "spread_pct": 0.004642,
      "bid_depth_50": 7435535.45,
      "ask_depth_50": 9837148.87,
      "bid_depth_100": 7435535.45,
      "ask_depth_100": 9837148.87,
      "bid_depth_500": 7435535.45,
      "ask_depth_500": 9837148.87,
      "imbalance": -0.139,
      "score": 100
    },
    "FARTCOIN": {
      "tradeable": true,
      "spread_pct": 0.035772,
      "bid_depth_50": 31128.65,
      "ask_depth_50": 52332.18,
      "bid_depth_100": 31128.65,
      "ask_depth_100": 52332.18,
      "bid_depth_500": 31128.65,
      "ask_depth_500": 52332.18,
      "imbalance": -0.2541,
      "score": 55.7
    },
    "HYPE": {
      "tradeable": true,
      "spread_pct": 0.002536,
      "bid_depth_50": 87224.82,
      "ask_depth_50": 115044.01,
      "bid_depth_100": 87224.82,
      "ask_depth_100": 115044.01,
      "bid_depth_500": 87224.82,
      "ask_depth_500": 115044.01,
      "imbalance": -0.1375,
      "score": 86.8
    },
    "INJ": {
      "tradeable": false,
      "spread_pct": 0.096482,
      "bid_depth_50": 40786.82,
      "ask_depth_50": 30941.69,
      "bid_depth_100": 40786.82,
      "ask_depth_100": 30941.69,
      "bid_depth_500": 40786.82,
      "ask_depth_500": 30941.69,
      "imbalance": 0.1373,
      "score": 47.9
    },
    "JUP": {
      "tradeable": true,
      "spread_pct": 0.006223,
      "bid_depth_50": 47275.86,
      "ask_depth_50": 50719.54,
      "bid_depth_100": 47275.86,
      "ask_depth_100": 50719.54,
      "bid_depth_500": 47275.86,
      "ask_depth_500": 50719.54,
      "imbalance": -0.0351,
      "score": 82.1
    },
    "LDO": {
      "tradeable": true,
      "spread_pct": 0.019969,
      "bid_depth_50": 28973.25,
      "ask_depth_50": 55521.58,
      "bid_depth_100": 28973.25,
      "ask_depth_100": 55521.58,
      "bid_depth_500": 28973.25,
      "ask_depth_500": 55521.58,
      "imbalance": -0.3142,
      "score": 71.6
    },
    "LINK": {
      "tradeable": true,
      "spread_pct": 0.004383,
      "bid_depth_50": 151207.1,
      "ask_depth_50": 99865.97,
      "bid_depth_100": 151207.1,
      "ask_depth_100": 99865.97,
      "bid_depth_500": 151207.1,
      "ask_depth_500": 99865.97,
      "imbalance": 0.2045,
      "score": 88.9
    },
    "LTC": {
      "tradeable": true,
      "spread_pct": 0.007106,
      "bid_depth_50": 135237.54,
      "ask_depth_50": 158425.87,
      "bid_depth_100": 135237.54,
      "ask_depth_100": 158425.87,
      "bid_depth_500": 135237.54,
      "ask_depth_500": 158425.87,
      "imbalance": -0.079,
      "score": 90.8
    },
    "NEAR": {
      "tradeable": false,
      "spread_pct": 0.060661,
      "bid_depth_50": 130399.89,
      "ask_depth_50": 98422.11,
      "bid_depth_100": 130399.89,
      "ask_depth_100": 98422.11,
      "bid_depth_500": 130399.89,
      "ask_depth_500": 98422.11,
      "imbalance": 0.1397,
      "score": 57.2
    },
    "ONDO": {
      "tradeable": true,
      "spread_pct": 0.034412,
      "bid_depth_50": 59709.78,
      "ask_depth_50": 75152.88,
      "bid_depth_100": 59709.78,
      "ask_depth_100": 75152.88,
      "bid_depth_500": 59709.78,
      "ask_depth_500": 75152.88,
      "imbalance": -0.1145,
      "score": 59.4
    },
    "OP": {
      "tradeable": true,
      "spread_pct": 0.048721,
      "bid_depth_50": 79785.31,
      "ask_depth_50": 94820.0,
      "bid_depth_100": 157612.73,
      "ask_depth_100": 94820.0,
      "bid_depth_500": 157612.73,
      "ask_depth_500": 94820.0,
      "imbalance": -0.0861,
      "score": 50.3
    },
    "PAXG": {
      "tradeable": true,
      "spread_pct": 0.002217,
      "bid_depth_50": 304287.99,
      "ask_depth_50": 188068.31,
      "bid_depth_100": 304287.99,
      "ask_depth_100": 188068.31,
      "bid_depth_500": 304287.99,
      "ask_depth_500": 188068.31,
      "imbalance": 0.236,
      "score": 99.7
    },
    "PUMP": {
      "tradeable": false,
      "spread_pct": 0.053093,
      "bid_depth_50": 485648.6,
      "ask_depth_50": 416087.23,
      "bid_depth_100": 866526.04,
      "ask_depth_100": 799817.74,