{
  "timestamp": "2026-03-20T14:56:16.536859+00:00",
  "coins": {
    "AAVE": {
      "tradeable": true,
      "spread_pct": 0.018303,
      "bid_depth_50": 276978.86,
      "ask_depth_50": 266128.21,
      "bid_depth_100": 276978.86,
      "ask_depth_100": 266128.21,
      "bid_depth_500": 276978.86,
      "ask_depth_500": 266128.21,
      "imbalance": 0.02,
      "score": 91.7
    },
    "ADA": {
      "tradeable": true,
      "spread_pct": 0.030147,
      "bid_depth_50": 100781.19,
      "ask_depth_50": 120215.67,
      "bid_depth_100": 100781.19,
      "ask_depth_100": 120215.67,
      "bid_depth_500": 100781.19,
      "ask_depth_500": 120215.67,
      "imbalance": -0.0879,
      "score": 67.5
    },
    "APT": {
      "tradeable": false,
      "spread_pct": 0.080988,
      "bid_depth_50": 50788.22,
      "ask_depth_50": 64783.36,
      "bid_depth_100": 50788.22,
      "ask_depth_100": 64783.36,
      "bid_depth_500": 50788.22,
      "ask_depth_500": 64783.36,
      "imbalance": -0.1211,
      "score": 50.8
    },
    "ARB": {
      "tradeable": true,
      "spread_pct": 0.040278,
      "bid_depth_50": 193775.85,
      "ask_depth_50": 132828.73,
      "bid_depth_100": 193775.85,
      "ask_depth_100": 132828.73,
      "bid_depth_500": 193775.85,
      "ask_depth_500": 132828.73,
      "imbalance": 0.1866,
      "score": 62.0
    },
    "AVAX": {
      "tradeable": true,
      "spread_pct": 0.023283,
      "bid_depth_50": 44679.59,
      "ask_depth_50": 44531.27,
      "bid_depth_100": 44679.59,
      "ask_depth_100": 44531.27,
      "bid_depth_500": 44679.59,
      "ask_depth_500": 44531.27,
      "imbalance": 0.0017,
      "score": 68.5
    },
    "BCH": {
      "tradeable": true,
      "spread_pct": 0.017053,
      "bid_depth_50": 58515.86,
      "ask_depth_50": 70631.61,
      "bid_depth_100": 58515.86,
      "ask_depth_100": 70631.61,
      "bid_depth_500": 58515.86,
      "ask_depth_500": 70631.61,
      "imbalance": -0.0938,
      "score": 76.5
    },
    "BNB": {
      "tradeable": true,
      "spread_pct": 0.023484,
      "bid_depth_50": 123192.98,
      "ask_depth_50": 128868.93,
      "bid_depth_100": 123192.98,
      "ask_depth_100": 128868.93,
      "bid_depth_500": 123192.98,
      "ask_depth_500": 128868.93,
      "imbalance": -0.0225,
      "score": 75.5
    },
    "BTC": {
      "tradeable": true,
      "spread_pct": 0.001435,
      "bid_depth_50": 2349928.2,
      "ask_depth_50": 6593664.06,
      "bid_depth_100": 2349928.2,
      "ask_depth_100": 6593664.06,
      "bid_depth_500": 2349928.2,
      "ask_depth_500": 6593664.06,
      "imbalance": -0.4745,
      "score": 100
    },
    "CRV": {
      "tradeable": false,
      "spread_pct": 0.072533,
      "bid_depth_50": 88709.67,
      "ask_depth_50": 91995.8,
      "bid_depth_100": 88709.67,
      "ask_depth_100": 91995.8,
      "bid_depth_500": 88709.67,
      "ask_depth_500": 91995.8,
      "imbalance": -0.0182,
      "score": 54.3
    },
    "DOGE": {
      "tradeable": true,
      "spread_pct": 0.011747,
      "bid_depth_50": 232946.09,
      "ask_depth_50": 315721.07,
      "bid_depth_100": 232946.09,
      "ask_depth_100": 315721.07,
      "bid_depth_500": 232946.09,
      "ask_depth_500": 315721.07,
      "imbalance": -0.1509,
      "score": 98.3
    },
    "DOT": {
      "tradeable": true,
      "spread_pct": 0.03295,
      "bid_depth_50": 107632.62,
      "ask_depth_50": 88426.25,
      "bid_depth_100": 107632.62,
      "ask_depth_100": 88426.25,
      "bid_depth_500": 107632.62,
      "ask_depth_500": 88426.25,
      "imbalance": 0.098,
      "score": 63.5
    },
    "ENA": {
      "tradeable": true,
      "spread_pct": 0.019585,
      "bid_depth_50": 127048.28,
      "ask_depth_50": 220883.81,
      "bid_depth_100": 127048.28,
      "ask_depth_100": 220883.81,
      "bid_depth_500": 127048.28,
      "ask_depth_500": 220883.81,
      "imbalance": -0.2697,
      "score": 83.7
    },
    "ETH": {
      "tradeable": true,
      "spread_pct": 0.0047,
      "bid_depth_50": 6393144.11,
      "ask_depth_50": 17913554.74,
      "bid_depth_100": 6393144.11,
      "ask_depth_100": 17913554.74,
      "bid_depth_500": 6393144.11,
      "ask_depth_500": 17913554.74,
      "imbalance": -0.474,
      "score": 100
    },
    "FARTCOIN": {
      "tradeable": true,
      "spread_pct": 0.0407,
      "bid_depth_50": 53184.24,
      "ask_depth_50": 39649.63,
      "bid_depth_100": 53184.24,
      "ask_depth_100": 39649.63,
      "bid_depth_500": 53184.24,
      "ask_depth_500": 39649.63,
      "imbalance": 0.1458,
      "score": 51.2
    },
    "HYPE": {
      "tradeable": true,
      "spread_pct": 0.002578,
      "bid_depth_50": 26355.84,
      "ask_depth_50": 128828.26,
      "bid_depth_100": 26355.84,
      "ask_depth_100": 128828.26,
      "bid_depth_500": 26355.84,
      "ask_depth_500": 128828.26,
      "imbalance": -0.6603,
      "score": 84.7
    },
    "INJ": {
      "tradeable": false,
      "spread_pct": 0.110318,
      "bid_depth_50": 27512.71,
      "ask_depth_50": 39007.65,
      "bid_depth_100": 27512.71,
      "ask_depth_100": 39007.65,
      "bid_depth_500": 27512.71,
      "ask_depth_500": 39007.65,
      "imbalance": -0.1728,
      "score": 46.7
    },
    "JUP": {
      "tradeable": true,
      "spread_pct": 0.044232,
      "bid_depth_50": 57685.88,
      "ask_depth_50": 46370.26,
      "bid_depth_100": 57685.88,
      "ask_depth_100": 46370.26,
      "bid_depth_500": 57685.88,
      "ask_depth_500": 46370.26,
      "imbalance": 0.1087,
      "score": 48.2
    },
    "LDO": {
      "tradeable": false,
      "spread_pct": 0.064271,
      "bid_depth_50": 38270.76,
      "ask_depth_50": 64346.49,
      "bid_depth_100": 38270.76,
      "ask_depth_100": 64346.49,
      "bid_depth_500": 38270.76,
      "ask_depth_500": 64346.49,
      "imbalance": -0.2541,
      "score": 51.4
    },
    "LINK": {
      "tradeable": true,
      "spread_pct": 0.018895,
      "bid_depth_50": 103877.49,
      "ask_depth_50": 108583.04,
      "bid_depth_100": 103877.49,
      "ask_depth_100": 108583.04,
      "bid_depth_500": 103877.49,
      "ask_depth_500": 108583.04,
      "imbalance": -0.0221,
      "score": 78.3
    },
    "LTC": {
      "tradeable": true,
      "spread_pct": 0.005422,
      "bid_depth_50": 113519.45,
      "ask_depth_50": 146357.14,
      "bid_depth_100": 113519.45,
      "ask_depth_100": 146357.14,
      "bid_depth_500": 113519.45,
      "ask_depth_500": 146357.14,
      "imbalance": -0.1264,
      "score": 89.3
    },
    "NEAR": {
      "tradeable": true,
      "spread_pct": 0.037746,
      "bid_depth_50": 135711.46,
      "ask_depth_50": 88162.88,
      "bid_depth_100": 135711.46,
      "ask_depth_100": 88162.88,
      "bid_depth_500": 135711.46,
      "ask_depth_500": 88162.88,
      "imbalance": 0.2124,
      "score": 60.0
    },
    "ONDO": {
      "tradeable": false,
      "spread_pct": 0.054358,
      "bid_depth_50": 74442.89,
      "ask_depth_50": 78306.78,
      "bid_depth_100": 74442.89,
      "ask_depth_100": 78306.78,
      "bid_depth_500": 74442.89,
      "ask_depth_500": 78306.78,
      "imbalance": -0.0253,
      "score": 54.3
    },
    "OP": {
      "tradeable": true,
      "spread_pct": 0.048832,
      "bid_depth_50": 24849.12,
      "ask_depth_50": 115723.16,
      "bid_depth_100": 163970.49,
      "ask_depth_100": 115723.16,
      "bid_depth_500": 163970.49,
      "ask_depth_500": 115723.16,
      "imbalance": -0.6465,
      "score": 51.4
    },
    "PAXG": {
      "tradeable": true,
      "spread_pct": 0.017523,
      "bid_depth_50": 302901.46,
      "ask_depth_50": 363849.54,
      "bid_depth_100": 302901.46,
      "ask_depth_100": 363849.54,
      "bid_depth_500": 302901.46,
      "ask_depth_500": 363849.54,
      "imbalance": -0.0914,
      "score": 92.5
    },
    "PUMP": {
      "tradeable": false,
      "spread_pct": 0.053923,
      "bid_depth_50": 333978.22,
      "ask_depth_50": 237978.53,
      "bid_depth_100": 618536.63,