{
  "timestamp": "2026-03-18T12:34:01.042068+00:00",
  "coins": {
    "AAVE": {
      "tradeable": false,
      "spread_pct": 0.07771,
      "bid_depth_50": 176087.67,
      "ask_depth_50": 125689.53,
      "bid_depth_100": 176087.67,
      "ask_depth_100": 125689.53,
      "bid_depth_500": 176087.67,
      "ask_depth_500": 125689.53,
      "imbalance": 0.167,
      "score": 59.3
    },
    "ADA": {
      "tradeable": true,
      "spread_pct": 0.007264,
      "bid_depth_50": 77941.27,
      "ask_depth_50": 87451.72,
      "bid_depth_100": 77941.27,
      "ask_depth_100": 87451.72,
      "bid_depth_500": 77941.27,
      "ask_depth_500": 87451.72,
      "imbalance": -0.0575,
      "score": 85.1
    },
    "APT": {
      "tradeable": false,
      "spread_pct": 0.113819,
      "bid_depth_50": 49353.12,
      "ask_depth_50": 83997.86,
      "bid_depth_100": 49353.12,
      "ask_depth_100": 83997.86,
      "bid_depth_500": 49353.12,
      "ask_depth_500": 83997.86,
      "imbalance": -0.2598,
      "score": 49.4
    },
    "ARB": {
      "tradeable": false,
      "spread_pct": 0.067839,
      "bid_depth_50": 169383.12,
      "ask_depth_50": 180115.44,
      "bid_depth_100": 169383.12,
      "ask_depth_100": 180115.44,
      "bid_depth_500": 169383.12,
      "ask_depth_500": 180115.44,
      "imbalance": -0.0307,
      "score": 62.1
    },
    "AVAX": {
      "tradeable": true,
      "spread_pct": 0.049203,
      "bid_depth_50": 154556.63,
      "ask_depth_50": 117240.14,
      "bid_depth_100": 154556.63,
      "ask_depth_100": 117240.14,
      "bid_depth_500": 154556.63,
      "ask_depth_500": 117240.14,
      "imbalance": 0.1373,
      "score": 50.7
    },
    "BCH": {
      "tradeable": true,
      "spread_pct": 0.024068,
      "bid_depth_50": 104536.77,
      "ask_depth_50": 58288.49,
      "bid_depth_100": 104536.77,
      "ask_depth_100": 58288.49,
      "bid_depth_500": 104536.77,
      "ask_depth_500": 58288.49,
      "imbalance": 0.284,
      "score": 70.9
    },
    "BNB": {
      "tradeable": true,
      "spread_pct": 0.019793,
      "bid_depth_50": 147044.32,
      "ask_depth_50": 128520.2,
      "bid_depth_100": 147044.32,
      "ask_depth_100": 128520.2,
      "bid_depth_500": 147044.32,
      "ask_depth_500": 128520.2,
      "imbalance": 0.0672,
      "score": 80.2
    },
    "BTC": {
      "tradeable": true,
      "spread_pct": 0.001382,
      "bid_depth_50": 7584962.97,
      "ask_depth_50": 482228.81,
      "bid_depth_100": 7584962.97,
      "ask_depth_100": 482228.81,
      "bid_depth_500": 7584962.97,
      "ask_depth_500": 482228.81,
      "imbalance": 0.8804,
      "score": 100
    },
    "CRV": {
      "tradeable": false,
      "spread_pct": 0.070001,
      "bid_depth_50": 101749.69,
      "ask_depth_50": 101398.27,
      "bid_depth_100": 101749.69,
      "ask_depth_100": 101398.27,
      "bid_depth_500": 101749.69,
      "ask_depth_500": 101398.27,
      "imbalance": 0.0017,
      "score": 55.5
    },
    "DOGE": {
      "tradeable": true,
      "spread_pct": 0.03442,
      "bid_depth_50": 241072.67,
      "ask_depth_50": 255869.13,
      "bid_depth_100": 241072.67,
      "ask_depth_100": 255869.13,
      "bid_depth_500": 241072.67,
      "ask_depth_500": 255869.13,
      "imbalance": -0.0298,
      "score": 75.4
    },
    "DOT": {
      "tradeable": false,
      "spread_pct": 0.050531,
      "bid_depth_50": 81082.78,
      "ask_depth_50": 117325.25,
      "bid_depth_100": 81082.78,
      "ask_depth_100": 117325.25,
      "bid_depth_500": 81082.78,
      "ask_depth_500": 117325.25,
      "imbalance": -0.1827,
      "score": 56.6
    },
    "ENA": {
      "tradeable": true,
      "spread_pct": 0.009082,
      "bid_depth_50": 256372.75,
      "ask_depth_50": 163259.3,
      "bid_depth_100": 256372.75,
      "ask_depth_100": 163259.3,
      "bid_depth_500": 256372.75,
      "ask_depth_500": 163259.3,
      "imbalance": 0.2219,
      "score": 96.4
    },
    "ETH": {
      "tradeable": true,
      "spread_pct": 0.004459,
      "bid_depth_50": 7209667.21,
      "ask_depth_50": 6105844.06,
      "bid_depth_100": 7209667.21,
      "ask_depth_100": 6105844.06,
      "bid_depth_500": 7209667.21,
      "ask_depth_500": 6105844.06,
      "imbalance": 0.0829,
      "score": 100
    },
    "FARTCOIN": {
      "tradeable": true,
      "spread_pct": 0.040353,
      "bid_depth_50": 72677.45,
      "ask_depth_50": 135523.54,
      "bid_depth_100": 72677.45,
      "ask_depth_100": 135523.54,
      "bid_depth_500": 72677.45,
      "ask_depth_500": 135523.54,
      "imbalance": -0.3019,
      "score": 56.7
    },
    "HYPE": {
      "tradeable": true,
      "spread_pct": 0.002467,
      "bid_depth_50": 111047.51,
      "ask_depth_50": 241163.99,
      "bid_depth_100": 111047.51,
      "ask_depth_100": 241163.99,
      "bid_depth_500": 111047.51,
      "ask_depth_500": 241163.99,
      "imbalance": -0.3694,
      "score": 93.4
    },
    "INJ": {
      "tradeable": true,
      "spread_pct": 0.041742,
      "bid_depth_50": 15410.63,
      "ask_depth_50": 165281.33,
      "bid_depth_100": 150498.36,
      "ask_depth_100": 165281.33,
      "bid_depth_500": 150498.36,
      "ask_depth_500": 165281.33,
      "imbalance": -0.8294,
      "score": 60.1
    },
    "JUP": {
      "tradeable": false,
      "spread_pct": 0.061316,
      "bid_depth_50": 52849.76,
      "ask_depth_50": 57460.32,
      "bid_depth_100": 52849.76,
      "ask_depth_100": 57460.32,
      "bid_depth_500": 52849.76,
      "ask_depth_500": 57460.32,
      "imbalance": -0.0418,
      "score": 51.9
    },
    "LDO": {
      "tradeable": true,
      "spread_pct": 0.035496,
      "bid_depth_50": 48847.1,
      "ask_depth_50": 60584.52,
      "bid_depth_100": 48847.1,
      "ask_depth_100": 60584.52,
      "bid_depth_500": 48847.1,
      "ask_depth_500": 60584.52,
      "imbalance": -0.1073,
      "score": 57.1
    },
    "LINK": {
      "tradeable": true,
      "spread_pct": 0.021344,
      "bid_depth_50": 149681.25,
      "ask_depth_50": 120631.84,
      "bid_depth_100": 149681.25,
      "ask_depth_100": 120631.84,
      "bid_depth_500": 149681.25,
      "ask_depth_500": 120631.84,
      "imbalance": 0.1075,
      "score": 78.4
    },
    "LTC": {
      "tradeable": true,
      "spread_pct": 0.028609,
      "bid_depth_50": 106329.53,
      "ask_depth_50": 95905.11,
      "bid_depth_100": 106329.53,
      "ask_depth_100": 95905.11,
      "bid_depth_500": 106329.53,
      "ask_depth_500": 95905.11,
      "imbalance": 0.0515,
      "score": 68.2
    },
    "NEAR": {
      "tradeable": true,
      "spread_pct": 0.007105,
      "bid_depth_50": 114828.86,
      "ask_depth_50": 115866.72,
      "bid_depth_100": 114828.86,
      "ask_depth_100": 115866.72,
      "bid_depth_500": 114828.86,
      "ask_depth_500": 115866.72,
      "imbalance": -0.0045,
      "score": 88.0
    },
    "ONDO": {
      "tradeable": false,
      "spread_pct": 0.085345,
      "bid_depth_50": 58909.86,
      "ask_depth_50": 85764.18,
      "bid_depth_100": 58909.86,
      "ask_depth_100": 85764.18,
      "bid_depth_500": 58909.86,
      "ask_depth_500": 85764.18,
      "imbalance": -0.1856,
      "score": 51.9
    },
    "OP": {
      "tradeable": false,
      "spread_pct": 0.107701,
      "bid_depth_50": 59665.01,
      "ask_depth_50": 111088.61,
      "bid_depth_100": 62136.81,
      "ask_depth_100": 111088.61,
      "bid_depth_500": 62136.81,
      "ask_depth_500": 111088.61,
      "imbalance": -0.3012,
      "score": 51.6
    },
    "PAXG": {
      "tradeable": true,
      "spread_pct": 0.012299,
      "bid_depth_50": 356278.91,
      "ask_depth_50": 614392.68,
      "bid_depth_100": 356278.91,
      "ask_depth_100": 614392.68,
      "bid_depth_500": 356278.91,
      "ask_depth_500": 614392.68,
      "imbalance": -0.2659,
      "score": 97.7
    },
    "PUMP": {
      "tradeable": false,
      "spread_pct": 0.050543,
      "bid_depth_50": 322101.6,
      "ask_depth_50": 325595.59,
      "bid_depth_100": 695160.88,