{
  "timestamp": "2026-03-20T09:56:16.096591+00:00",
  "coins": {
    "AAVE": {
      "tradeable": true,
      "spread_pct": 0.00895,
      "bid_depth_50": 268792.35,
      "ask_depth_50": 231067.72,
      "bid_depth_100": 268792.35,
      "ask_depth_100": 231067.72,
      "bid_depth_500": 268792.35,
      "ask_depth_500": 231067.72,
      "imbalance": 0.0755,
      "score": 100.0
    },
    "ADA": {
      "tradeable": true,
      "spread_pct": 0.02236,
      "bid_depth_50": 85936.34,
      "ask_depth_50": 109834.51,
      "bid_depth_100": 85936.34,
      "ask_depth_100": 109834.51,
      "bid_depth_500": 85936.34,
      "ask_depth_500": 109834.51,
      "imbalance": -0.1221,
      "score": 74.1
    },
    "APT": {
      "tradeable": true,
      "spread_pct": 0.040213,
      "bid_depth_50": 86178.12,
      "ask_depth_50": 115826.61,
      "bid_depth_100": 86178.12,
      "ask_depth_100": 115826.61,
      "bid_depth_500": 86178.12,
      "ask_depth_500": 115826.61,
      "imbalance": -0.1468,
      "score": 56.5
    },
    "ARB": {
      "tradeable": true,
      "spread_pct": 0.0199,
      "bid_depth_50": 267523.09,
      "ask_depth_50": 143242.58,
      "bid_depth_100": 267523.09,
      "ask_depth_100": 143242.58,
      "bid_depth_500": 267523.09,
      "ask_depth_500": 143242.58,
      "imbalance": 0.3026,
      "score": 86.1
    },
    "AVAX": {
      "tradeable": true,
      "spread_pct": 0.015765,
      "bid_depth_50": 83887.2,
      "ask_depth_50": 45686.6,
      "bid_depth_100": 83887.2,
      "ask_depth_100": 45686.6,
      "bid_depth_500": 83887.2,
      "ask_depth_500": 45686.6,
      "imbalance": 0.2948,
      "score": 77.8
    },
    "BCH": {
      "tradeable": true,
      "spread_pct": 0.019432,
      "bid_depth_50": 69363.66,
      "ask_depth_50": 93120.02,
      "bid_depth_100": 69363.66,
      "ask_depth_100": 93120.02,
      "bid_depth_500": 69363.66,
      "ask_depth_500": 93120.02,
      "imbalance": -0.1462,
      "score": 75.6
    },
    "BNB": {
      "tradeable": true,
      "spread_pct": 0.007796,
      "bid_depth_50": 85212.36,
      "ask_depth_50": 148779.93,
      "bid_depth_100": 85212.36,
      "ask_depth_100": 148779.93,
      "bid_depth_500": 85212.36,
      "ask_depth_500": 148779.93,
      "imbalance": -0.2717,
      "score": 88.2
    },
    "BTC": {
      "tradeable": true,
      "spread_pct": 0.001418,
      "bid_depth_50": 2254896.0,
      "ask_depth_50": 4352708.29,
      "bid_depth_100": 2254896.0,
      "ask_depth_100": 4352708.29,
      "bid_depth_500": 2254896.0,
      "ask_depth_500": 4352708.29,
      "imbalance": -0.3175,
      "score": 100
    },
    "CRV": {
      "tradeable": true,
      "spread_pct": 0.042274,
      "bid_depth_50": 99720.41,
      "ask_depth_50": 101090.77,
      "bid_depth_100": 99720.41,
      "ask_depth_100": 101090.77,
      "bid_depth_500": 99720.41,
      "ask_depth_500": 101090.77,
      "imbalance": -0.0068,
      "score": 54.4
    },
    "DOGE": {
      "tradeable": true,
      "spread_pct": 0.011715,
      "bid_depth_50": 145528.83,
      "ask_depth_50": 161970.07,
      "bid_depth_100": 145528.83,
      "ask_depth_100": 161970.07,
      "bid_depth_500": 145528.83,
      "ask_depth_500": 161970.07,
      "imbalance": -0.0535,
      "score": 89.7
    },
    "DOT": {
      "tradeable": true,
      "spread_pct": 0.032784,
      "bid_depth_50": 85319.29,
      "ask_depth_50": 202067.28,
      "bid_depth_100": 85319.29,
      "ask_depth_100": 202067.28,
      "bid_depth_500": 85319.29,
      "ask_depth_500": 202067.28,
      "imbalance": -0.4062,
      "score": 67.8
    },
    "ENA": {
      "tradeable": true,
      "spread_pct": 0.03819,
      "bid_depth_50": 261224.38,
      "ask_depth_50": 238526.16,
      "bid_depth_100": 261224.38,
      "ask_depth_100": 238526.16,
      "bid_depth_500": 261224.38,
      "ask_depth_500": 238526.16,
      "imbalance": 0.0454,
      "score": 71.8
    },
    "ETH": {
      "tradeable": true,
      "spread_pct": 0.004676,
      "bid_depth_50": 10273701.86,
      "ask_depth_50": 6830335.09,
      "bid_depth_100": 10273701.86,
      "ask_depth_100": 6830335.09,
      "bid_depth_500": 10273701.86,
      "ask_depth_500": 6830335.09,
      "imbalance": 0.2013,
      "score": 100
    },
    "FARTCOIN": {
      "tradeable": true,
      "spread_pct": 0.024789,
      "bid_depth_50": 53733.1,
      "ask_depth_50": 67924.19,
      "bid_depth_100": 53733.1,
      "ask_depth_100": 67924.19,
      "bid_depth_500": 53733.1,
      "ask_depth_500": 67924.19,
      "imbalance": -0.1166,
      "score": 68.4
    },
    "HYPE": {
      "tradeable": true,
      "spread_pct": 0.010144,
      "bid_depth_50": 154601.2,
      "ask_depth_50": 80567.76,
      "bid_depth_100": 154601.2,
      "ask_depth_100": 80567.76,
      "bid_depth_500": 154601.2,
      "ask_depth_500": 80567.76,
      "imbalance": 0.3148,
      "score": 88.1
    },
    "INJ": {
      "tradeable": true,
      "spread_pct": 0.038442,
      "bid_depth_50": 28882.05,
      "ask_depth_50": 37270.47,
      "bid_depth_100": 28882.05,
      "ask_depth_100": 153050.45,
      "bid_depth_500": 28882.05,
      "ask_depth_500": 153050.45,
      "imbalance": -0.1268,
      "score": 57.4
    },
    "JUP": {
      "tradeable": true,
      "spread_pct": 0.043719,
      "bid_depth_50": 41110.87,
      "ask_depth_50": 50681.38,
      "bid_depth_100": 41110.87,
      "ask_depth_100": 50681.38,
      "bid_depth_500": 41110.87,
      "ask_depth_500": 50681.38,
      "imbalance": -0.1043,
      "score": 48.1
    },
    "LDO": {
      "tradeable": true,
      "spread_pct": 0.04692,
      "bid_depth_50": 36555.31,
      "ask_depth_50": 52758.54,
      "bid_depth_100": 36555.31,
      "ask_depth_100": 52758.54,
      "bid_depth_500": 36555.31,
      "ask_depth_500": 52758.54,
      "imbalance": -0.1814,
      "score": 44.8
    },
    "LINK": {
      "tradeable": true,
      "spread_pct": 0.016495,
      "bid_depth_50": 134280.37,
      "ask_depth_50": 116450.96,
      "bid_depth_100": 134280.37,
      "ask_depth_100": 116450.96,
      "bid_depth_500": 134280.37,
      "ask_depth_500": 116450.96,
      "imbalance": 0.0711,
      "score": 82.4
    },
    "LTC": {
      "tradeable": true,
      "spread_pct": 0.005395,
      "bid_depth_50": 122115.71,
      "ask_depth_50": 238375.5,
      "bid_depth_100": 122115.71,
      "ask_depth_100": 238375.5,
      "bid_depth_500": 122115.71,
      "ask_depth_500": 238375.5,
      "imbalance": -0.3225,
      "score": 93.8
    },
    "NEAR": {
      "tradeable": true,
      "spread_pct": 0.03722,
      "bid_depth_50": 152101.92,
      "ask_depth_50": 135656.17,
      "bid_depth_100": 152101.92,
      "ask_depth_100": 135656.17,
      "bid_depth_500": 152101.92,
      "ask_depth_500": 135656.17,
      "imbalance": 0.0572,
      "score": 63.3
    },
    "ONDO": {
      "tradeable": false,
      "spread_pct": 0.050088,
      "bid_depth_50": 61913.86,
      "ask_depth_50": 95679.31,
      "bid_depth_100": 61913.86,
      "ask_depth_100": 95679.31,
      "bid_depth_500": 61913.86,
      "ask_depth_500": 95679.31,
      "imbalance": -0.2143,
      "score": 54.8
    },
    "OP": {
      "tradeable": true,
      "spread_pct": 0.048042,
      "bid_depth_50": 52873.75,
      "ask_depth_50": 198153.15,
      "bid_depth_100": 112701.51,
      "ask_depth_100": 203634.91,
      "bid_depth_500": 112701.51,
      "ask_depth_500": 203634.91,
      "imbalance": -0.5787,
      "score": 53.8
    },
    "PAXG": {
      "tradeable": true,
      "spread_pct": 0.002144,
      "bid_depth_50": 242543.11,
      "ask_depth_50": 452834.66,
      "bid_depth_100": 242543.11,
      "ask_depth_100": 452834.66,
      "bid_depth_500": 242543.11,
      "ask_depth_500": 452834.66,
      "imbalance": -0.3024,
      "score": 100
    },
    "PUMP": {
      "tradeable": false,
      "spread_pct": 0.105932,
      "bid_depth_50": 410127.98,
      "ask_depth_50": 405469.99,
      "bid_depth_100": 718698.5,