{
  "timestamp": "2026-03-19T13:29:29.868118+00:00",
  "coins": {
    "AAVE": {
      "tradeable": true,
      "spread_pct": 0.026758,
      "bid_depth_50": 252902.31,
      "ask_depth_50": 271648.5,
      "bid_depth_100": 252902.31,
      "ask_depth_100": 271648.5,
      "bid_depth_500": 252902.31,
      "ask_depth_500": 271648.5,
      "imbalance": -0.0357,
      "score": 83.2
    },
    "ADA": {
      "tradeable": true,
      "spread_pct": 0.015139,
      "bid_depth_50": 64440.17,
      "ask_depth_50": 137510.76,
      "bid_depth_100": 64440.17,
      "ask_depth_100": 137510.76,
      "bid_depth_500": 64440.17,
      "ask_depth_500": 137510.76,
      "imbalance": -0.3618,
      "score": 81.6
    },
    "APT": {
      "tradeable": true,
      "spread_pct": 0.031594,
      "bid_depth_50": 65354.7,
      "ask_depth_50": 62860.48,
      "bid_depth_100": 65354.7,
      "ask_depth_100": 62860.48,
      "bid_depth_500": 65354.7,
      "ask_depth_500": 62860.48,
      "imbalance": 0.0195,
      "score": 61.9
    },
    "ARB": {
      "tradeable": true,
      "spread_pct": 0.030418,
      "bid_depth_50": 188418.42,
      "ask_depth_50": 210527.56,
      "bid_depth_100": 188418.42,
      "ask_depth_100": 210527.56,
      "bid_depth_500": 188418.42,
      "ask_depth_500": 210527.56,
      "imbalance": -0.0554,
      "score": 75.1
    },
    "AVAX": {
      "tradeable": true,
      "spread_pct": 0.013793,
      "bid_depth_50": 106934.09,
      "ask_depth_50": 56011.09,
      "bid_depth_100": 106934.09,
      "ask_depth_100": 56011.09,
      "bid_depth_500": 106934.09,
      "ask_depth_500": 56011.09,
      "imbalance": 0.3125,
      "score": 81.2
    },
    "BCH": {
      "tradeable": true,
      "spread_pct": 0.004408,
      "bid_depth_50": 134644.18,
      "ask_depth_50": 72455.4,
      "bid_depth_100": 134644.18,
      "ask_depth_100": 72455.4,
      "bid_depth_500": 134644.18,
      "ask_depth_500": 72455.4,
      "imbalance": 0.3003,
      "score": 87.0
    },
    "BNB": {
      "tradeable": true,
      "spread_pct": 0.015658,
      "bid_depth_50": 161718.43,
      "ask_depth_50": 79740.57,
      "bid_depth_100": 161718.43,
      "ask_depth_100": 79740.57,
      "bid_depth_500": 161718.43,
      "ask_depth_500": 79740.57,
      "imbalance": 0.3395,
      "score": 82.9
    },
    "BTC": {
      "tradeable": true,
      "spread_pct": 0.001443,
      "bid_depth_50": 1054299.09,
      "ask_depth_50": 7545190.37,
      "bid_depth_100": 1054299.09,
      "ask_depth_100": 7545190.37,
      "bid_depth_500": 1054299.09,
      "ask_depth_500": 7545190.37,
      "imbalance": -0.7548,
      "score": 100
    },
    "CRV": {
      "tradeable": true,
      "spread_pct": 0.0432,
      "bid_depth_50": 88151.8,
      "ask_depth_50": 103501.47,
      "bid_depth_100": 88151.8,
      "ask_depth_100": 103501.47,
      "bid_depth_500": 88151.8,
      "ask_depth_500": 103501.47,
      "imbalance": -0.0801,
      "score": 53.1
    },
    "DOGE": {
      "tradeable": true,
      "spread_pct": 0.001079,
      "bid_depth_50": 198740.09,
      "ask_depth_50": 194676.32,
      "bid_depth_100": 198740.09,
      "ask_depth_100": 194676.32,
      "bid_depth_500": 198740.09,
      "ask_depth_500": 194676.32,
      "imbalance": 0.0103,
      "score": 95.3
    },
    "DOT": {
      "tradeable": true,
      "spread_pct": 0.039588,
      "bid_depth_50": 94604.84,
      "ask_depth_50": 147640.74,
      "bid_depth_100": 94604.84,
      "ask_depth_100": 147640.74,
      "bid_depth_500": 94604.84,
      "ask_depth_500": 147640.74,
      "imbalance": -0.2189,
      "score": 59.0
    },
    "ENA": {
      "tradeable": true,
      "spread_pct": 0.019547,
      "bid_depth_50": 231291.96,
      "ask_depth_50": 214531.51,
      "bid_depth_100": 231291.96,
      "ask_depth_100": 214531.51,
      "bid_depth_500": 231291.96,
      "ask_depth_500": 214531.51,
      "imbalance": 0.0376,
      "score": 88.0
    },
    "ETH": {
      "tradeable": true,
      "spread_pct": 0.004698,
      "bid_depth_50": 6401713.68,
      "ask_depth_50": 10437549.25,
      "bid_depth_100": 6401713.68,
      "ask_depth_100": 10437549.25,
      "bid_depth_500": 6401713.68,
      "ask_depth_500": 10437549.25,
      "imbalance": -0.2397,
      "score": 100
    },
    "FARTCOIN": {
      "tradeable": true,
      "spread_pct": 0.005221,
      "bid_depth_50": 44313.19,
      "ask_depth_50": 381023.36,
      "bid_depth_100": 44313.19,
      "ask_depth_100": 381023.36,
      "bid_depth_500": 44313.19,
      "ask_depth_500": 381023.36,
      "imbalance": -0.7916,
      "score": 96.7
    },
    "HYPE": {
      "tradeable": true,
      "spread_pct": 0.025757,
      "bid_depth_50": 113619.83,
      "ask_depth_50": 151707.6,
      "bid_depth_100": 113619.83,
      "ask_depth_100": 151707.6,
      "bid_depth_500": 113619.83,
      "ask_depth_500": 151707.6,
      "imbalance": -0.1436,
      "score": 73.8
    },
    "INJ": {
      "tradeable": true,
      "spread_pct": 0.023602,
      "bid_depth_50": 30546.42,
      "ask_depth_50": 36965.34,
      "bid_depth_100": 30546.42,
      "ask_depth_100": 36965.34,
      "bid_depth_500": 30546.42,
      "ask_depth_500": 36965.34,
      "imbalance": -0.0951,
      "score": 67.2
    },
    "JUP": {
      "tradeable": false,
      "spread_pct": 0.050217,
      "bid_depth_50": 52408.06,
      "ask_depth_50": 32290.82,
      "bid_depth_100": 52408.06,
      "ask_depth_100": 32290.82,
      "bid_depth_500": 52408.06,
      "ask_depth_500": 32290.82,
      "imbalance": 0.2375,
      "score": 51.5
    },
    "LDO": {
      "tradeable": true,
      "spread_pct": 0.016964,
      "bid_depth_50": 34650.95,
      "ask_depth_50": 55926.14,
      "bid_depth_100": 34650.95,
      "ask_depth_100": 55926.14,
      "bid_depth_500": 34650.95,
      "ask_depth_500": 55926.14,
      "imbalance": -0.2349,
      "score": 74.8
    },
    "LINK": {
      "tradeable": true,
      "spread_pct": 0.008931,
      "bid_depth_50": 124475.89,
      "ask_depth_50": 79850.23,
      "bid_depth_100": 124475.89,
      "ask_depth_100": 79850.23,
      "bid_depth_500": 124475.89,
      "ask_depth_500": 79850.23,
      "imbalance": 0.2184,
      "score": 86.9
    },
    "LTC": {
      "tradeable": true,
      "spread_pct": 0.001826,
      "bid_depth_50": 115104.04,
      "ask_depth_50": 177446.56,
      "bid_depth_100": 115104.04,
      "ask_depth_100": 177446.56,
      "bid_depth_500": 115104.04,
      "ask_depth_500": 177446.56,
      "imbalance": -0.2131,
      "score": 90.8
    },
    "NEAR": {
      "tradeable": true,
      "spread_pct": 0.030111,
      "bid_depth_50": 113843.12,
      "ask_depth_50": 179163.3,
      "bid_depth_100": 113843.12,
      "ask_depth_100": 179163.3,
      "bid_depth_500": 113843.12,
      "ask_depth_500": 179163.3,
      "imbalance": -0.2229,
      "score": 70.7
    },
    "ONDO": {
      "tradeable": true,
      "spread_pct": 0.019509,
      "bid_depth_50": 41689.04,
      "ask_depth_50": 82961.61,
      "bid_depth_100": 41689.04,
      "ask_depth_100": 82961.61,
      "bid_depth_500": 41689.04,
      "ask_depth_500": 82961.61,
      "imbalance": -0.3311,
      "score": 73.8
    },
    "OP": {
      "tradeable": true,
      "spread_pct": 0.041527,
      "bid_depth_50": 49910.72,
      "ask_depth_50": 143657.07,
      "bid_depth_100": 49910.72,
      "ask_depth_100": 143657.07,
      "bid_depth_500": 49910.72,
      "ask_depth_500": 143657.07,
      "imbalance": -0.4843,
      "score": 54.9
    },
    "PAXG": {
      "tradeable": true,
      "spread_pct": 0.013102,
      "bid_depth_50": 467972.96,
      "ask_depth_50": 497467.74,
      "bid_depth_100": 467972.96,
      "ask_depth_100": 497467.74,
      "bid_depth_500": 467972.96,
      "ask_depth_500": 497467.74,
      "imbalance": -0.0306,
      "score": 96.9
    },
    "PUMP": {
      "tradeable": false,
      "spread_pct": 0.053952,
      "bid_depth_50": 370835.65,
      "ask_depth_50": 410064.98,
      "bid_depth_100": 908070.54,