{
  "timestamp": "2026-03-19T19:19:28.991558+00:00",
  "coins": {
    "AAVE": {
      "tradeable": true,
      "spread_pct": 0.026618,
      "bid_depth_50": 212864.98,
      "ask_depth_50": 247137.88,
      "bid_depth_100": 212864.98,
      "ask_depth_100": 247137.88,
      "bid_depth_500": 212864.98,
      "ask_depth_500": 247137.88,
      "imbalance": -0.0745,
      "score": 81.6
    },
    "ADA": {
      "tradeable": true,
      "spread_pct": 0.033549,
      "bid_depth_50": 141002.44,
      "ask_depth_50": 129915.38,
      "bid_depth_100": 141002.44,
      "ask_depth_100": 129915.38,
      "bid_depth_500": 141002.44,
      "ask_depth_500": 129915.38,
      "imbalance": 0.0409,
      "score": 66.3
    },
    "APT": {
      "tradeable": false,
      "spread_pct": 0.074125,
      "bid_depth_50": 90225.27,
      "ask_depth_50": 73615.66,
      "bid_depth_100": 90225.27,
      "ask_depth_100": 73615.66,
      "bid_depth_500": 90225.27,
      "ask_depth_500": 73615.66,
      "imbalance": 0.1014,
      "score": 53.5
    },
    "ARB": {
      "tradeable": true,
      "spread_pct": 0.010073,
      "bid_depth_50": 191492.75,
      "ask_depth_50": 214264.06,
      "bid_depth_100": 191492.75,
      "ask_depth_100": 214264.06,
      "bid_depth_500": 191492.75,
      "ask_depth_500": 214264.06,
      "imbalance": -0.0561,
      "score": 95.7
    },
    "AVAX": {
      "tradeable": true,
      "spread_pct": 0.008369,
      "bid_depth_50": 83847.05,
      "ask_depth_50": 44668.48,
      "bid_depth_100": 83847.05,
      "ask_depth_100": 44668.48,
      "bid_depth_500": 83847.05,
      "ask_depth_500": 44668.48,
      "imbalance": 0.3049,
      "score": 83.5
    },
    "BCH": {
      "tradeable": true,
      "spread_pct": 0.017469,
      "bid_depth_50": 92709.6,
      "ask_depth_50": 75073.11,
      "bid_depth_100": 92709.6,
      "ask_depth_100": 75073.11,
      "bid_depth_500": 92709.6,
      "ask_depth_500": 75073.11,
      "imbalance": 0.1051,
      "score": 77.8
    },
    "BNB": {
      "tradeable": true,
      "spread_pct": 0.007796,
      "bid_depth_50": 70641.62,
      "ask_depth_50": 136911.18,
      "bid_depth_100": 70641.62,
      "ask_depth_100": 136911.18,
      "bid_depth_500": 70641.62,
      "ask_depth_500": 136911.18,
      "imbalance": -0.3193,
      "score": 87.0
    },
    "BTC": {
      "tradeable": true,
      "spread_pct": 0.001418,
      "bid_depth_50": 9503864.43,
      "ask_depth_50": 5996328.51,
      "bid_depth_100": 9503864.43,
      "ask_depth_100": 5996328.51,
      "bid_depth_500": 9503864.43,
      "ask_depth_500": 5996328.51,
      "imbalance": 0.2263,
      "score": 100
    },
    "CRV": {
      "tradeable": false,
      "spread_pct": 0.080371,
      "bid_depth_50": 106537.67,
      "ask_depth_50": 88272.97,
      "bid_depth_100": 106537.67,
      "ask_depth_100": 88272.97,
      "bid_depth_500": 106537.67,
      "ask_depth_500": 88272.97,
      "imbalance": 0.0938,
      "score": 54.4
    },
    "DOGE": {
      "tradeable": true,
      "spread_pct": 0.027711,
      "bid_depth_50": 301816.05,
      "ask_depth_50": 180118.32,
      "bid_depth_100": 301816.05,
      "ask_depth_100": 180118.32,
      "bid_depth_500": 301816.05,
      "ask_depth_500": 180118.32,
      "imbalance": 0.2525,
      "score": 81.5
    },
    "DOT": {
      "tradeable": true,
      "spread_pct": 0.045684,
      "bid_depth_50": 84748.49,
      "ask_depth_50": 372232.74,
      "bid_depth_100": 84748.49,
      "ask_depth_100": 372232.74,
      "bid_depth_500": 84748.49,
      "ask_depth_500": 372232.74,
      "imbalance": -0.6291,
      "score": 62.4
    },
    "ENA": {
      "tradeable": true,
      "spread_pct": 0.019363,
      "bid_depth_50": 178020.45,
      "ask_depth_50": 116992.38,
      "bid_depth_100": 178020.45,
      "ask_depth_100": 116992.38,
      "bid_depth_500": 178020.45,
      "ask_depth_500": 116992.38,
      "imbalance": 0.2069,
      "score": 81.5
    },
    "ETH": {
      "tradeable": true,
      "spread_pct": 0.013941,
      "bid_depth_50": 19892139.16,
      "ask_depth_50": 2555939.68,
      "bid_depth_100": 19892139.16,
      "ask_depth_100": 2555939.68,
      "bid_depth_500": 19892139.16,
      "ask_depth_500": 2555939.68,
      "imbalance": 0.7723,
      "score": 96.1
    },
    "FARTCOIN": {
      "tradeable": false,
      "spread_pct": 0.065174,
      "bid_depth_50": 75891.96,
      "ask_depth_50": 40738.81,
      "bid_depth_100": 75891.96,
      "ask_depth_100": 40738.81,
      "bid_depth_500": 75891.96,
      "ask_depth_500": 40738.81,
      "imbalance": 0.3014,
      "score": 51.9
    },
    "HYPE": {
      "tradeable": true,
      "spread_pct": 0.002475,
      "bid_depth_50": 111501.48,
      "ask_depth_50": 131321.56,
      "bid_depth_100": 111501.48,
      "ask_depth_100": 131321.56,
      "bid_depth_500": 111501.48,
      "ask_depth_500": 131321.56,
      "imbalance": -0.0816,
      "score": 88.6
    },
    "INJ": {
      "tradeable": true,
      "spread_pct": 0.029857,
      "bid_depth_50": 47932.34,
      "ask_depth_50": 132522.08,
      "bid_depth_100": 52177.39,
      "ask_depth_100": 132522.08,
      "bid_depth_500": 52177.39,
      "ask_depth_500": 132522.08,
      "imbalance": -0.4688,
      "score": 66.1
    },
    "JUP": {
      "tradeable": false,
      "spread_pct": 0.074594,
      "bid_depth_50": 46826.79,
      "ask_depth_50": 58887.49,
      "bid_depth_100": 46826.79,
      "ask_depth_100": 58887.49,
      "bid_depth_500": 46826.79,
      "ask_depth_500": 58887.49,
      "imbalance": -0.1141,
      "score": 50.8
    },
    "LDO": {
      "tradeable": true,
      "spread_pct": 0.0436,
      "bid_depth_50": 38235.73,
      "ask_depth_50": 86745.13,
      "bid_depth_100": 38235.73,
      "ask_depth_100": 86745.13,
      "bid_depth_500": 38235.73,
      "ask_depth_500": 86745.13,
      "imbalance": -0.3881,
      "score": 49.7
    },
    "LINK": {
      "tradeable": true,
      "spread_pct": 0.039635,
      "bid_depth_50": 104422.18,
      "ask_depth_50": 68031.16,
      "bid_depth_100": 104422.18,
      "ask_depth_100": 68031.16,
      "bid_depth_500": 104422.18,
      "ask_depth_500": 68031.16,
      "imbalance": 0.211,
      "score": 55.8
    },
    "LTC": {
      "tradeable": true,
      "spread_pct": 0.037594,
      "bid_depth_50": 114218.41,
      "ask_depth_50": 111942.94,
      "bid_depth_100": 114218.41,
      "ask_depth_100": 111942.94,
      "bid_depth_500": 114218.41,
      "ask_depth_500": 111942.94,
      "imbalance": 0.0101,
      "score": 60.2
    },
    "NEAR": {
      "tradeable": true,
      "spread_pct": 0.029665,
      "bid_depth_50": 94175.69,
      "ask_depth_50": 84306.76,
      "bid_depth_100": 94175.69,
      "ask_depth_100": 84306.76,
      "bid_depth_500": 94175.69,
      "ask_depth_500": 84306.76,
      "imbalance": 0.0553,
      "score": 66.0
    },
    "ONDO": {
      "tradeable": true,
      "spread_pct": 0.027182,
      "bid_depth_50": 49276.19,
      "ask_depth_50": 85817.58,
      "bid_depth_100": 49276.19,
      "ask_depth_100": 85817.58,
      "bid_depth_500": 49276.19,
      "ask_depth_500": 85817.58,
      "imbalance": -0.2705,
      "score": 66.6
    },
    "OP": {
      "tradeable": true,
      "spread_pct": 0.032938,
      "bid_depth_50": 48857.25,
      "ask_depth_50": 94880.88,
      "bid_depth_100": 124597.23,
      "ask_depth_100": 94880.88,
      "bid_depth_500": 124597.23,
      "ask_depth_500": 94880.88,
      "imbalance": -0.3202,
      "score": 64.6
    },
    "PAXG": {
      "tradeable": true,
      "spread_pct": 0.015014,
      "bid_depth_50": 564064.15,
      "ask_depth_50": 443722.48,
      "bid_depth_100": 564064.15,
      "ask_depth_100": 443722.48,
      "bid_depth_500": 564064.15,
      "ask_depth_500": 443722.48,
      "imbalance": 0.1194,
      "score": 95.0
    },
    "PUMP": {
      "tradeable": false,
      "spread_pct": 0.107009,
      "bid_depth_50": 378754.74,
      "ask_depth_50": 342988.02,
      "bid_depth_100": 713572.58,