{
  "timestamp": "2026-03-18T12:47:40.265533+00:00",
  "coins": {
    "AAVE": {
      "tradeable": true,
      "spread_pct": 0.026027,
      "bid_depth_50": 174779.94,
      "ask_depth_50": 154270.33,
      "bid_depth_100": 174779.94,
      "ask_depth_100": 154270.33,
      "bid_depth_500": 174779.94,
      "ask_depth_500": 154270.33,
      "imbalance": 0.0623,
      "score": 76.4
    },
    "ADA": {
      "tradeable": true,
      "spread_pct": 0.021778,
      "bid_depth_50": 160203.45,
      "ask_depth_50": 72726.73,
      "bid_depth_100": 160203.45,
      "ask_depth_100": 72726.73,
      "bid_depth_500": 160203.45,
      "ask_depth_500": 72726.73,
      "imbalance": 0.3755,
      "score": 76.4
    },
    "APT": {
      "tradeable": true,
      "spread_pct": 0.010302,
      "bid_depth_50": 121299.39,
      "ask_depth_50": 125797.36,
      "bid_depth_100": 121299.39,
      "ask_depth_100": 125797.36,
      "bid_depth_500": 121299.39,
      "ask_depth_500": 125797.36,
      "imbalance": -0.0182,
      "score": 88.5
    },
    "ARB": {
      "tradeable": true,
      "spread_pct": 0.009696,
      "bid_depth_50": 193400.09,
      "ask_depth_50": 164255.29,
      "bid_depth_100": 193400.09,
      "ask_depth_100": 164255.29,
      "bid_depth_500": 193400.09,
      "ask_depth_500": 164255.29,
      "imbalance": 0.0815,
      "score": 93.7
    },
    "AVAX": {
      "tradeable": true,
      "spread_pct": 0.022492,
      "bid_depth_50": 148877.69,
      "ask_depth_50": 101956.02,
      "bid_depth_100": 148877.69,
      "ask_depth_100": 101956.02,
      "bid_depth_500": 148877.69,
      "ask_depth_500": 101956.02,
      "imbalance": 0.1871,
      "score": 76.4
    },
    "BCH": {
      "tradeable": true,
      "spread_pct": 0.006576,
      "bid_depth_50": 84102.39,
      "ask_depth_50": 83416.89,
      "bid_depth_100": 84102.39,
      "ask_depth_100": 83416.89,
      "bid_depth_500": 84102.39,
      "ask_depth_500": 83416.89,
      "imbalance": 0.0041,
      "score": 85.2
    },
    "BNB": {
      "tradeable": true,
      "spread_pct": 0.015227,
      "bid_depth_50": 121207.41,
      "ask_depth_50": 134829.84,
      "bid_depth_100": 121207.41,
      "ask_depth_100": 134829.84,
      "bid_depth_500": 121207.41,
      "ask_depth_500": 134829.84,
      "imbalance": -0.0532,
      "score": 83.9
    },
    "BTC": {
      "tradeable": true,
      "spread_pct": 0.001383,
      "bid_depth_50": 8659197.99,
      "ask_depth_50": 1534841.41,
      "bid_depth_100": 8659197.99,
      "ask_depth_100": 1534841.41,
      "bid_depth_500": 8659197.99,
      "ask_depth_500": 1534841.41,
      "imbalance": 0.6989,
      "score": 100
    },
    "CRV": {
      "tradeable": true,
      "spread_pct": 0.03695,
      "bid_depth_50": 119446.79,
      "ask_depth_50": 94145.12,
      "bid_depth_100": 119446.79,
      "ask_depth_100": 94145.12,
      "bid_depth_500": 119446.79,
      "ask_depth_500": 94145.12,
      "imbalance": 0.1185,
      "score": 60.3
    },
    "DOGE": {
      "tradeable": true,
      "spread_pct": 0.001044,
      "bid_depth_50": 295014.34,
      "ask_depth_50": 224470.54,
      "bid_depth_100": 295014.34,
      "ask_depth_100": 224470.54,
      "bid_depth_500": 295014.34,
      "ask_depth_500": 224470.54,
      "imbalance": 0.1358,
      "score": 100
    },
    "DOT": {
      "tradeable": true,
      "spread_pct": 0.031579,
      "bid_depth_50": 98962.7,
      "ask_depth_50": 209500.22,
      "bid_depth_100": 98962.7,
      "ask_depth_100": 209500.22,
      "bid_depth_500": 98962.7,
      "ask_depth_500": 209500.22,
      "imbalance": -0.3583,
      "score": 69.9
    },
    "ENA": {
      "tradeable": false,
      "spread_pct": 0.063697,
      "bid_depth_50": 197196.83,
      "ask_depth_50": 251003.86,
      "bid_depth_100": 197196.83,
      "ask_depth_100": 251003.86,
      "bid_depth_500": 197196.83,
      "ask_depth_500": 251003.86,
      "imbalance": -0.1201,
      "score": 66.8
    },
    "ETH": {
      "tradeable": true,
      "spread_pct": 0.00447,
      "bid_depth_50": 6898390.95,
      "ask_depth_50": 6641918.87,
      "bid_depth_100": 6898390.95,
      "ask_depth_100": 6641918.87,
      "bid_depth_500": 6898390.95,
      "ask_depth_500": 6641918.87,
      "imbalance": 0.0189,
      "score": 100
    },
    "FARTCOIN": {
      "tradeable": true,
      "spread_pct": 0.005034,
      "bid_depth_50": 41506.31,
      "ask_depth_50": 60058.49,
      "bid_depth_100": 41506.31,
      "ask_depth_100": 60058.49,
      "bid_depth_500": 41506.31,
      "ask_depth_500": 60058.49,
      "imbalance": -0.1827,
      "score": 82.3
    },
    "HYPE": {
      "tradeable": true,
      "spread_pct": 0.002464,
      "bid_depth_50": 89071.18,
      "ask_depth_50": 115376.48,
      "bid_depth_100": 89071.18,
      "ask_depth_100": 115376.48,
      "bid_depth_500": 89071.18,
      "ask_depth_500": 115376.48,
      "imbalance": -0.1287,
      "score": 86.9
    },
    "INJ": {
      "tradeable": false,
      "spread_pct": 0.086793,
      "bid_depth_50": 36638.63,
      "ask_depth_50": 31711.78,
      "bid_depth_100": 36638.63,
      "ask_depth_100": 31711.78,
      "bid_depth_500": 36638.63,
      "ask_depth_500": 31711.78,
      "imbalance": 0.0721,
      "score": 48.4
    },
    "JUP": {
      "tradeable": false,
      "spread_pct": 0.05523,
      "bid_depth_50": 48190.05,
      "ask_depth_50": 53261.77,
      "bid_depth_100": 48190.05,
      "ask_depth_100": 53261.77,
      "bid_depth_500": 48190.05,
      "ask_depth_500": 53261.77,
      "imbalance": -0.05,
      "score": 51.9
    },
    "LDO": {
      "tradeable": true,
      "spread_pct": 0.035474,
      "bid_depth_50": 53761.32,
      "ask_depth_50": 55111.16,
      "bid_depth_100": 53761.32,
      "ask_depth_100": 55111.16,
      "bid_depth_500": 53761.32,
      "ask_depth_500": 55111.16,
      "imbalance": -0.0124,
      "score": 57.1
    },
    "LINK": {
      "tradeable": true,
      "spread_pct": 0.002131,
      "bid_depth_50": 130443.78,
      "ask_depth_50": 125924.8,
      "bid_depth_100": 130443.78,
      "ask_depth_100": 125924.8,
      "bid_depth_500": 130443.78,
      "ask_depth_500": 125924.8,
      "imbalance": 0.0176,
      "score": 89.2
    },
    "LTC": {
      "tradeable": true,
      "spread_pct": 0.028619,
      "bid_depth_50": 130884.81,
      "ask_depth_50": 113603.86,
      "bid_depth_100": 130884.81,
      "ask_depth_100": 113603.86,
      "bid_depth_500": 130884.81,
      "ask_depth_500": 113603.86,
      "imbalance": 0.0707,
      "score": 70.0
    },
    "NEAR": {
      "tradeable": true,
      "spread_pct": 0.028229,
      "bid_depth_50": 164051.35,
      "ask_depth_50": 92289.2,
      "bid_depth_100": 164051.35,
      "ask_depth_100": 92289.2,
      "bid_depth_500": 164051.35,
      "ask_depth_500": 92289.2,
      "imbalance": 0.2799,
      "score": 70.9
    },
    "ONDO": {
      "tradeable": false,
      "spread_pct": 0.085415,
      "bid_depth_50": 66063.54,
      "ask_depth_50": 67629.37,
      "bid_depth_100": 66063.54,
      "ask_depth_100": 67629.37,
      "bid_depth_500": 66063.54,
      "ask_depth_500": 67629.37,
      "imbalance": -0.0117,
      "score": 51.4
    },
    "OP": {
      "tradeable": false,
      "spread_pct": 0.061795,
      "bid_depth_50": 99282.04,
      "ask_depth_50": 99545.65,
      "bid_depth_100": 248366.31,
      "ask_depth_100": 99545.65,
      "bid_depth_500": 248366.31,
      "ask_depth_500": 99545.65,
      "imbalance": -0.0013,
      "score": 62.5
    },
    "PAXG": {
      "tradeable": true,
      "spread_pct": 0.002054,
      "bid_depth_50": 378343.06,
      "ask_depth_50": 410295.57,
      "bid_depth_100": 378343.06,
      "ask_depth_100": 410295.57,
      "bid_depth_500": 378343.06,
      "ask_depth_500": 410295.57,
      "imbalance": -0.0405,
      "score": 100
    },
    "PUMP": {
      "tradeable": false,
      "spread_pct": 0.101215,
      "bid_depth_50": 454616.08,
      "ask_depth_50": 403535.07,
      "bid_depth_100": 767305.56,