{
  "timestamp": "2026-03-18T12:58:53.059021+00:00",
  "coins": {
    "AAVE": {
      "tradeable": true,
      "spread_pct": 0.017333,
      "bid_depth_50": 164423.5,
      "ask_depth_50": 179782.98,
      "bid_depth_100": 164423.5,
      "ask_depth_100": 179782.98,
      "bid_depth_500": 164423.5,
      "ask_depth_500": 179782.98,
      "imbalance": -0.0446,
      "score": 85.7
    },
    "ADA": {
      "tradeable": true,
      "spread_pct": 0.010864,
      "bid_depth_50": 124160.15,
      "ask_depth_50": 87647.05,
      "bid_depth_100": 124160.15,
      "ask_depth_100": 87647.05,
      "bid_depth_500": 124160.15,
      "ask_depth_500": 87647.05,
      "imbalance": 0.1724,
      "score": 86.3
    },
    "APT": {
      "tradeable": true,
      "spread_pct": 0.020619,
      "bid_depth_50": 115803.84,
      "ask_depth_50": 104468.01,
      "bid_depth_100": 115803.84,
      "ask_depth_100": 104468.01,
      "bid_depth_500": 115803.84,
      "ask_depth_500": 104468.01,
      "imbalance": 0.0515,
      "score": 76.9
    },
    "ARB": {
      "tradeable": true,
      "spread_pct": 0.048485,
      "bid_depth_50": 159535.1,
      "ask_depth_50": 197527.12,
      "bid_depth_100": 159535.1,
      "ask_depth_100": 197527.12,
      "bid_depth_500": 159535.1,
      "ask_depth_500": 197527.12,
      "imbalance": -0.1064,
      "score": 55.2
    },
    "AVAX": {
      "tradeable": true,
      "spread_pct": 0.024493,
      "bid_depth_50": 145152.58,
      "ask_depth_50": 94791.52,
      "bid_depth_100": 145152.58,
      "ask_depth_100": 94791.52,
      "bid_depth_500": 145152.58,
      "ask_depth_500": 94791.52,
      "imbalance": 0.2099,
      "score": 73.9
    },
    "BCH": {
      "tradeable": true,
      "spread_pct": 0.019714,
      "bid_depth_50": 125800.35,
      "ask_depth_50": 76336.35,
      "bid_depth_100": 125800.35,
      "ask_depth_100": 76336.35,
      "bid_depth_500": 125800.35,
      "ask_depth_500": 76336.35,
      "imbalance": 0.2447,
      "score": 77.0
    },
    "BNB": {
      "tradeable": true,
      "spread_pct": 0.009127,
      "bid_depth_50": 98610.9,
      "ask_depth_50": 84221.82,
      "bid_depth_100": 98610.9,
      "ask_depth_100": 84221.82,
      "bid_depth_500": 98610.9,
      "ask_depth_500": 84221.82,
      "imbalance": 0.0787,
      "score": 85.9
    },
    "BTC": {
      "tradeable": true,
      "spread_pct": 0.001382,
      "bid_depth_50": 2267068.11,
      "ask_depth_50": 6161016.47,
      "bid_depth_100": 2267068.11,
      "ask_depth_100": 6161016.47,
      "bid_depth_500": 2267068.11,
      "ask_depth_500": 6161016.47,
      "imbalance": -0.462,
      "score": 100
    },
    "CRV": {
      "tradeable": true,
      "spread_pct": 0.036907,
      "bid_depth_50": 94479.83,
      "ask_depth_50": 101239.64,
      "bid_depth_100": 94479.83,
      "ask_depth_100": 101239.64,
      "bid_depth_500": 94479.83,
      "ask_depth_500": 101239.64,
      "imbalance": -0.0345,
      "score": 59.6
    },
    "DOGE": {
      "tradeable": true,
      "spread_pct": 0.001042,
      "bid_depth_50": 92130.65,
      "ask_depth_50": 284319.88,
      "bid_depth_100": 92130.65,
      "ask_depth_100": 284319.88,
      "bid_depth_500": 92130.65,
      "ask_depth_500": 284319.88,
      "imbalance": -0.5105,
      "score": 94.5
    },
    "DOT": {
      "tradeable": true,
      "spread_pct": 0.037836,
      "bid_depth_50": 86954.12,
      "ask_depth_50": 172806.02,
      "bid_depth_100": 86954.12,
      "ask_depth_100": 172806.02,
      "bid_depth_500": 86954.12,
      "ask_depth_500": 172806.02,
      "imbalance": -0.3305,
      "score": 61.5
    },
    "ENA": {
      "tradeable": true,
      "spread_pct": 0.018208,
      "bid_depth_50": 199546.53,
      "ask_depth_50": 228243.03,
      "bid_depth_100": 199546.53,
      "ask_depth_100": 228243.03,
      "bid_depth_500": 199546.53,
      "ask_depth_500": 228243.03,
      "imbalance": -0.0671,
      "score": 88.6
    },
    "ETH": {
      "tradeable": true,
      "spread_pct": 0.004469,
      "bid_depth_50": 7945479.32,
      "ask_depth_50": 9124589.0,
      "bid_depth_100": 7945479.32,
      "ask_depth_100": 9124589.0,
      "bid_depth_500": 7945479.32,
      "ask_depth_500": 9124589.0,
      "imbalance": -0.0691,
      "score": 100
    },
    "FARTCOIN": {
      "tradeable": true,
      "spread_pct": 0.005049,
      "bid_depth_50": 13945.47,
      "ask_depth_50": 75168.72,
      "bid_depth_100": 13945.47,
      "ask_depth_100": 75168.72,
      "bid_depth_500": 13945.47,
      "ask_depth_500": 75168.72,
      "imbalance": -0.687,
      "score": 81.7
    },
    "HYPE": {
      "tradeable": true,
      "spread_pct": 0.002467,
      "bid_depth_50": 98071.78,
      "ask_depth_50": 92951.93,
      "bid_depth_100": 98071.78,
      "ask_depth_100": 92951.93,
      "bid_depth_500": 98071.78,
      "ask_depth_500": 92951.93,
      "imbalance": 0.0268,
      "score": 86.3
    },
    "INJ": {
      "tradeable": true,
      "spread_pct": 0.041744,
      "bid_depth_50": 36369.05,
      "ask_depth_50": 32671.58,
      "bid_depth_100": 36369.05,
      "ask_depth_100": 35179.19,
      "bid_depth_500": 36369.05,
      "ask_depth_500": 35179.19,
      "imbalance": 0.0536,
      "score": 49.2
    },
    "JUP": {
      "tradeable": false,
      "spread_pct": 0.067487,
      "bid_depth_50": 57178.63,
      "ask_depth_50": 64169.01,
      "bid_depth_100": 57178.63,
      "ask_depth_100": 64169.01,
      "bid_depth_500": 57178.63,
      "ask_depth_500": 64169.01,
      "imbalance": -0.0576,
      "score": 52.0
    },
    "LDO": {
      "tradeable": true,
      "spread_pct": 0.041877,
      "bid_depth_50": 57639.43,
      "ask_depth_50": 45406.46,
      "bid_depth_100": 57639.43,
      "ask_depth_100": 45406.46,
      "bid_depth_500": 57639.43,
      "ask_depth_500": 45406.46,
      "imbalance": 0.1187,
      "score": 50.5
    },
    "LINK": {
      "tradeable": true,
      "spread_pct": 0.007461,
      "bid_depth_50": 121247.78,
      "ask_depth_50": 135956.61,
      "bid_depth_100": 121247.78,
      "ask_depth_100": 135956.61,
      "bid_depth_500": 121247.78,
      "ask_depth_500": 135956.61,
      "imbalance": -0.0572,
      "score": 89.2
    },
    "LTC": {
      "tradeable": true,
      "spread_pct": 0.001784,
      "bid_depth_50": 131759.87,
      "ask_depth_50": 93928.06,
      "bid_depth_100": 131759.87,
      "ask_depth_100": 93928.06,
      "bid_depth_500": 131759.87,
      "ask_depth_500": 93928.06,
      "imbalance": 0.1676,
      "score": 87.8
    },
    "NEAR": {
      "tradeable": true,
      "spread_pct": 0.014141,
      "bid_depth_50": 156113.85,
      "ask_depth_50": 97276.2,
      "bid_depth_100": 156113.85,
      "ask_depth_100": 97276.2,
      "bid_depth_500": 156113.85,
      "ask_depth_500": 97276.2,
      "imbalance": 0.2322,
      "score": 84.9
    },
    "ONDO": {
      "tradeable": true,
      "spread_pct": 0.029681,
      "bid_depth_50": 73406.53,
      "ask_depth_50": 89228.73,
      "bid_depth_100": 73406.53,
      "ask_depth_100": 89228.73,
      "bid_depth_500": 73406.53,
      "ask_depth_500": 89228.73,
      "imbalance": -0.0973,
      "score": 65.3
    },
    "OP": {
      "tradeable": true,
      "spread_pct": 0.046186,
      "bid_depth_50": 51589.67,
      "ask_depth_50": 90293.57,
      "bid_depth_100": 51589.67,
      "ask_depth_100": 90293.57,
      "bid_depth_500": 51589.67,
      "ask_depth_500": 90293.57,
      "imbalance": -0.2728,
      "score": 47.9
    },
    "PAXG": {
      "tradeable": true,
      "spread_pct": 0.014373,
      "bid_depth_50": 380183.65,
      "ask_depth_50": 471163.72,
      "bid_depth_100": 380183.65,
      "ask_depth_100": 471163.72,
      "bid_depth_500": 380183.65,
      "ask_depth_500": 471163.72,
      "imbalance": -0.1069,
      "score": 95.6
    },
    "PUMP": {
      "tradeable": false,
      "spread_pct": 0.050569,
      "bid_depth_50": 444543.27,
      "ask_depth_50": 453939.57,
      "bid_depth_100": 755449.73,
      "ask_depth_100": 832518.5,