{
  "timestamp": "2026-03-19T09:13:36.911379+00:00",
  "coins": {
    "AAVE": {
      "tradeable": true,
      "spread_pct": 0.026248,
      "bid_depth_50": 245218.64,
      "ask_depth_50": 215491.01,
      "bid_depth_100": 245218.64,
      "ask_depth_100": 215491.01,
      "bid_depth_500": 245218.64,
      "ask_depth_500": 215491.01,
      "imbalance": 0.0645,
      "score": 82.0
    },
    "ADA": {
      "tradeable": true,
      "spread_pct": 0.011167,
      "bid_depth_50": 91462.92,
      "ask_depth_50": 70621.11,
      "bid_depth_100": 91462.92,
      "ask_depth_100": 70621.11,
      "bid_depth_500": 91462.92,
      "ask_depth_500": 70621.11,
      "imbalance": 0.1286,
      "score": 83.8
    },
    "APT": {
      "tradeable": true,
      "spread_pct": 0.031112,
      "bid_depth_50": 118141.77,
      "ask_depth_50": 130434.71,
      "bid_depth_100": 118141.77,
      "ask_depth_100": 130434.71,
      "bid_depth_500": 118141.77,
      "ask_depth_500": 130434.71,
      "imbalance": -0.0495,
      "score": 67.7
    },
    "ARB": {
      "tradeable": true,
      "spread_pct": 0.0299,
      "bid_depth_50": 101909.4,
      "ask_depth_50": 187970.94,
      "bid_depth_100": 101909.4,
      "ask_depth_100": 187970.94,
      "bid_depth_500": 101909.4,
      "ask_depth_500": 187970.94,
      "imbalance": -0.2969,
      "score": 70.8
    },
    "AVAX": {
      "tradeable": true,
      "spread_pct": 0.015774,
      "bid_depth_50": 87233.99,
      "ask_depth_50": 150237.41,
      "bid_depth_100": 87233.99,
      "ask_depth_100": 150237.41,
      "bid_depth_500": 87233.99,
      "ask_depth_500": 150237.41,
      "imbalance": -0.2653,
      "score": 82.6
    },
    "BCH": {
      "tradeable": true,
      "spread_pct": 0.004388,
      "bid_depth_50": 107912.5,
      "ask_depth_50": 79383.05,
      "bid_depth_100": 107912.5,
      "ask_depth_100": 79383.05,
      "bid_depth_500": 107912.5,
      "ask_depth_500": 79383.05,
      "imbalance": 0.1523,
      "score": 86.1
    },
    "BNB": {
      "tradeable": true,
      "spread_pct": 0.021753,
      "bid_depth_50": 159904.45,
      "ask_depth_50": 118716.76,
      "bid_depth_100": 159904.45,
      "ask_depth_100": 118716.76,
      "bid_depth_500": 159904.45,
      "ask_depth_500": 118716.76,
      "imbalance": 0.1478,
      "score": 78.4
    },
    "BTC": {
      "tradeable": true,
      "spread_pct": 0.00143,
      "bid_depth_50": 2598352.44,
      "ask_depth_50": 3045865.06,
      "bid_depth_100": 2598352.44,
      "ask_depth_100": 3045865.06,
      "bid_depth_500": 2598352.44,
      "ask_depth_500": 3045865.06,
      "imbalance": -0.0793,
      "score": 100
    },
    "CRV": {
      "tradeable": false,
      "spread_pct": 0.05055,
      "bid_depth_50": 112976.61,
      "ask_depth_50": 96467.34,
      "bid_depth_100": 112976.61,
      "ask_depth_100": 96467.34,
      "bid_depth_500": 112976.61,
      "ask_depth_500": 96467.34,
      "imbalance": 0.0788,
      "score": 57.0
    },
    "DOGE": {
      "tradeable": true,
      "spread_pct": 0.001061,
      "bid_depth_50": 102889.09,
      "ask_depth_50": 291617.91,
      "bid_depth_100": 102889.09,
      "ask_depth_100": 291617.91,
      "bid_depth_500": 102889.09,
      "ask_depth_500": 291617.91,
      "imbalance": -0.4784,
      "score": 95.3
    },
    "DOT": {
      "tradeable": true,
      "spread_pct": 0.045792,
      "bid_depth_50": 87642.44,
      "ask_depth_50": 188540.63,
      "bid_depth_100": 87642.44,
      "ask_depth_100": 188540.63,
      "bid_depth_500": 87642.44,
      "ask_depth_500": 188540.63,
      "imbalance": -0.3653,
      "score": 54.3
    },
    "ENA": {
      "tradeable": true,
      "spread_pct": 0.019186,
      "bid_depth_50": 158378.8,
      "ask_depth_50": 232655.88,
      "bid_depth_100": 158378.8,
      "ask_depth_100": 232655.88,
      "bid_depth_500": 158378.8,
      "ask_depth_500": 232655.88,
      "imbalance": -0.19,
      "score": 86.0
    },
    "ETH": {
      "tradeable": true,
      "spread_pct": 0.004629,
      "bid_depth_50": 6444538.44,
      "ask_depth_50": 9320399.71,
      "bid_depth_100": 6444538.44,
      "ask_depth_100": 9320399.71,
      "bid_depth_500": 6444538.44,
      "ask_depth_500": 9320399.71,
      "imbalance": -0.1824,
      "score": 100
    },
    "FARTCOIN": {
      "tradeable": true,
      "spread_pct": 0.005257,
      "bid_depth_50": 67343.98,
      "ask_depth_50": 26184.99,
      "bid_depth_100": 67343.98,
      "ask_depth_100": 26184.99,
      "bid_depth_500": 67343.98,
      "ask_depth_500": 26184.99,
      "imbalance": 0.4401,
      "score": 81.9
    },
    "HYPE": {
      "tradeable": true,
      "spread_pct": 0.022856,
      "bid_depth_50": 174221.0,
      "ask_depth_50": 164425.81,
      "bid_depth_100": 174221.0,
      "ask_depth_100": 164425.81,
      "bid_depth_500": 174221.0,
      "ask_depth_500": 164425.81,
      "imbalance": 0.0289,
      "score": 80.0
    },
    "INJ": {
      "tradeable": false,
      "spread_pct": 0.069838,
      "bid_depth_50": 23277.6,
      "ask_depth_50": 48799.59,
      "bid_depth_100": 25398.48,
      "ask_depth_100": 48799.59,
      "bid_depth_500": 25398.48,
      "ask_depth_500": 48799.59,
      "imbalance": -0.3541,
      "score": 49.8
    },
    "JUP": {
      "tradeable": true,
      "spread_pct": 0.049597,
      "bid_depth_50": 60806.12,
      "ask_depth_50": 51061.9,
      "bid_depth_100": 60806.12,
      "ask_depth_100": 51061.9,
      "bid_depth_500": 60806.12,
      "ask_depth_500": 51061.9,
      "imbalance": 0.0871,
      "score": 43.2
    },
    "LDO": {
      "tradeable": true,
      "spread_pct": 0.006679,
      "bid_depth_50": 28634.94,
      "ask_depth_50": 60589.73,
      "bid_depth_100": 28634.94,
      "ask_depth_100": 60589.73,
      "bid_depth_500": 28634.94,
      "ask_depth_500": 60589.73,
      "imbalance": -0.3581,
      "score": 81.7
    },
    "LINK": {
      "tradeable": true,
      "spread_pct": 0.001101,
      "bid_depth_50": 97128.4,
      "ask_depth_50": 137764.13,
      "bid_depth_100": 97128.4,
      "ask_depth_100": 137764.13,
      "bid_depth_500": 97128.4,
      "ask_depth_500": 137764.13,
      "imbalance": -0.173,
      "score": 88.2
    },
    "LTC": {
      "tradeable": true,
      "spread_pct": 0.005441,
      "bid_depth_50": 113721.8,
      "ask_depth_50": 120739.07,
      "bid_depth_100": 113721.8,
      "ask_depth_100": 120739.07,
      "bid_depth_500": 113721.8,
      "ask_depth_500": 120739.07,
      "imbalance": -0.0299,
      "score": 88.2
    },
    "NEAR": {
      "tradeable": true,
      "spread_pct": 0.014836,
      "bid_depth_50": 142144.21,
      "ask_depth_50": 84018.11,
      "bid_depth_100": 142144.21,
      "ask_depth_100": 84018.11,
      "bid_depth_500": 142144.21,
      "ask_depth_500": 84018.11,
      "imbalance": 0.257,
      "score": 83.0
    },
    "ONDO": {
      "tradeable": true,
      "spread_pct": 0.026855,
      "bid_depth_50": 45883.9,
      "ask_depth_50": 63251.54,
      "bid_depth_100": 45883.9,
      "ask_depth_100": 63251.54,
      "bid_depth_500": 45883.9,
      "ask_depth_500": 63251.54,
      "imbalance": -0.1591,
      "score": 65.8
    },
    "OP": {
      "tradeable": true,
      "spread_pct": 0.032808,
      "bid_depth_50": 37258.63,
      "ask_depth_50": 88983.1,
      "bid_depth_100": 37258.63,
      "ask_depth_100": 88983.1,
      "bid_depth_500": 37258.63,
      "ask_depth_500": 88983.1,
      "imbalance": -0.4097,
      "score": 60.6
    },
    "PAXG": {
      "tradeable": true,
      "spread_pct": 0.002134,
      "bid_depth_50": 399856.77,
      "ask_depth_50": 541012.37,
      "bid_depth_100": 399856.77,
      "ask_depth_100": 541012.37,
      "bid_depth_500": 399856.77,
      "ask_depth_500": 541012.37,
      "imbalance": -0.15,
      "score": 100
    },
    "PUMP": {
      "tradeable": false,
      "spread_pct": 0.106326,
      "bid_depth_50": 496037.29,
      "ask_depth_50": 322067.72,
      "bid_depth_100": 1394552.67,
      "ask_depth_100": 736371.61,