{
  "timestamp": "2026-03-25T18:21:21.960021+00:00",
  "coins": {
    "AAVE": {
      "tradeable": true,
      "spread_pct": 0.017663,
      "bid_depth_50": 368764.19,
      "ask_depth_50": 317709.37,
      "bid_depth_100": 368764.19,
      "ask_depth_100": 317709.37,
      "bid_depth_500": 368764.19,
      "ask_depth_500": 317709.37,
      "imbalance": 0.0744,
      "score": 92.3
    },
    "ADA": {
      "tradeable": true,
      "spread_pct": 0.014771,
      "bid_depth_50": 98897.26,
      "ask_depth_50": 124215.3,
      "bid_depth_100": 98897.26,
      "ask_depth_100": 124215.3,
      "bid_depth_500": 98897.26,
      "ask_depth_500": 124215.3,
      "imbalance": -0.1135,
      "score": 82.9
    },
    "APT": {
      "tradeable": true,
      "spread_pct": 0.009317,
      "bid_depth_50": 70488.8,
      "ask_depth_50": 69028.52,
      "bid_depth_100": 70488.8,
      "ask_depth_100": 69028.52,
      "bid_depth_500": 70488.8,
      "ask_depth_500": 69028.52,
      "imbalance": 0.0105,
      "score": 84.0
    },
    "ARB": {
      "tradeable": true,
      "spread_pct": 0.030164,
      "bid_depth_50": 198415.05,
      "ask_depth_50": 164705.42,
      "bid_depth_100": 198415.05,
      "ask_depth_100": 164705.42,
      "bid_depth_500": 198415.05,
      "ask_depth_500": 164705.42,
      "imbalance": 0.0928,
      "score": 73.8
    },
    "AVAX": {
      "tradeable": true,
      "spread_pct": 0.003099,
      "bid_depth_50": 100005.58,
      "ask_depth_50": 47344.0,
      "bid_depth_100": 100005.58,
      "ask_depth_100": 47344.0,
      "bid_depth_500": 100005.58,
      "ask_depth_500": 47344.0,
      "imbalance": 0.3574,
      "score": 84.3
    },
    "BCH": {
      "tradeable": true,
      "spread_pct": 0.002099,
      "bid_depth_50": 46522.37,
      "ask_depth_50": 86475.33,
      "bid_depth_100": 46522.37,
      "ask_depth_100": 86475.33,
      "bid_depth_500": 46522.37,
      "ask_depth_500": 86475.33,
      "imbalance": -0.3004,
      "score": 83.7
    },
    "BNB": {
      "tradeable": true,
      "spread_pct": 0.006192,
      "bid_depth_50": 75627.47,
      "ask_depth_50": 89768.11,
      "bid_depth_100": 75627.47,
      "ask_depth_100": 89768.11,
      "bid_depth_500": 75627.47,
      "ask_depth_500": 89768.11,
      "imbalance": -0.0855,
      "score": 85.1
    },
    "BTC": {
      "tradeable": true,
      "spread_pct": 0.001408,
      "bid_depth_50": 2458194.38,
      "ask_depth_50": 2513337.86,
      "bid_depth_100": 2458194.38,
      "ask_depth_100": 2513337.86,
      "bid_depth_500": 2458194.38,
      "ask_depth_500": 2513337.86,
      "imbalance": -0.0111,
      "score": 100
    },
    "CRV": {
      "tradeable": true,
      "spread_pct": 0.046163,
      "bid_depth_50": 111206.54,
      "ask_depth_50": 55456.03,
      "bid_depth_100": 111206.54,
      "ask_depth_100": 55456.03,
      "bid_depth_500": 111206.54,
      "ask_depth_500": 55456.03,
      "imbalance": 0.3345,
      "score": 49.0
    },
    "DOGE": {
      "tradeable": true,
      "spread_pct": 0.006223,
      "bid_depth_50": 171544.77,
      "ask_depth_50": 299436.61,
      "bid_depth_100": 171544.77,
      "ask_depth_100": 299436.61,
      "bid_depth_500": 171544.77,
      "ask_depth_500": 299436.61,
      "imbalance": -0.2715,
      "score": 98.7
    },
    "DOT": {
      "tradeable": true,
      "spread_pct": 0.029095,
      "bid_depth_50": 162718.93,
      "ask_depth_50": 95663.71,
      "bid_depth_100": 162718.93,
      "ask_depth_100": 95663.71,
      "bid_depth_500": 162718.93,
      "ask_depth_500": 95663.71,
      "imbalance": 0.2595,
      "score": 70.2
    },
    "ENA": {
      "tradeable": true,
      "spread_pct": 0.009931,
      "bid_depth_50": 260504.75,
      "ask_depth_50": 194447.26,
      "bid_depth_100": 260504.75,
      "ask_depth_100": 194447.26,
      "bid_depth_500": 260504.75,
      "ask_depth_500": 194447.26,
      "imbalance": 0.1452,
      "score": 98.0
    },
    "ETH": {
      "tradeable": true,
      "spread_pct": 0.004606,
      "bid_depth_50": 10038108.47,
      "ask_depth_50": 8906347.28,
      "bid_depth_100": 10038108.47,
      "ask_depth_100": 8906347.28,
      "bid_depth_500": 10038108.47,
      "ask_depth_500": 8906347.28,
      "imbalance": 0.0597,
      "score": 100
    },
    "FARTCOIN": {
      "tradeable": true,
      "spread_pct": 0.005155,
      "bid_depth_50": 48413.45,
      "ask_depth_50": 77721.33,
      "bid_depth_100": 48413.45,
      "ask_depth_100": 77721.33,
      "bid_depth_500": 48413.45,
      "ask_depth_500": 77721.33,
      "imbalance": -0.2324,
      "score": 83.4
    },
    "HYPE": {
      "tradeable": true,
      "spread_pct": 0.022156,
      "bid_depth_50": 345443.0,
      "ask_depth_50": 101848.67,
      "bid_depth_100": 345443.0,
      "ask_depth_100": 101848.67,
      "bid_depth_500": 345443.0,
      "ask_depth_500": 101848.67,
      "imbalance": 0.5446,
      "score": 85.5
    },
    "INJ": {
      "tradeable": true,
      "spread_pct": 0.032359,
      "bid_depth_50": 42151.48,
      "ask_depth_50": 153279.84,
      "bid_depth_100": 42151.48,
      "ask_depth_100": 155618.35,
      "bid_depth_500": 42151.48,
      "ask_depth_500": 155618.35,
      "imbalance": -0.5686,
      "score": 64.2
    },
    "JUP": {
      "tradeable": false,
      "spread_pct": 0.051243,
      "bid_depth_50": 55549.84,
      "ask_depth_50": 37716.64,
      "bid_depth_100": 55549.84,
      "ask_depth_100": 37716.64,
      "bid_depth_500": 55549.84,
      "ask_depth_500": 37716.64,
      "imbalance": 0.1912,
      "score": 51.8
    },
    "LDO": {
      "tradeable": true,
      "spread_pct": 0.026706,
      "bid_depth_50": 48342.55,
      "ask_depth_50": 62658.43,
      "bid_depth_100": 48342.55,
      "ask_depth_100": 62658.43,
      "bid_depth_500": 48342.55,
      "ask_depth_500": 62658.43,
      "imbalance": -0.129,
      "score": 66.0
    },
    "LINK": {
      "tradeable": true,
      "spread_pct": 0.002135,
      "bid_depth_50": 170889.0,
      "ask_depth_50": 104504.79,
      "bid_depth_100": 170889.0,
      "ask_depth_100": 104504.79,
      "bid_depth_500": 170889.0,
      "ask_depth_500": 104504.79,
      "imbalance": 0.2411,
      "score": 90.0
    },
    "LTC": {
      "tradeable": true,
      "spread_pct": 0.003547,
      "bid_depth_50": 86341.48,
      "ask_depth_50": 128054.29,
      "bid_depth_100": 86341.48,
      "ask_depth_100": 128054.29,
      "bid_depth_500": 86341.48,
      "ask_depth_500": 128054.29,
      "imbalance": -0.1946,
      "score": 87.3
    },
    "NEAR": {
      "tradeable": true,
      "spread_pct": 0.007796,
      "bid_depth_50": 105486.94,
      "ask_depth_50": 58016.86,
      "bid_depth_100": 105486.94,
      "ask_depth_100": 58016.86,
      "bid_depth_500": 105486.94,
      "ask_depth_500": 58016.86,
      "imbalance": 0.2903,
      "score": 85.0
    },
    "ONDO": {
      "tradeable": true,
      "spread_pct": 0.042209,
      "bid_depth_50": 36913.76,
      "ask_depth_50": 56049.04,
      "bid_depth_100": 36913.76,
      "ask_depth_100": 56049.04,
      "bid_depth_500": 36913.76,
      "ask_depth_500": 56049.04,
      "imbalance": -0.2058,
      "score": 49.7
    },
    "OP": {
      "tradeable": true,
      "spread_pct": 0.035125,
      "bid_depth_50": 52296.36,
      "ask_depth_50": 93109.89,
      "bid_depth_100": 52296.36,
      "ask_depth_100": 111255.7,
      "bid_depth_500": 52296.36,
      "ask_depth_500": 111255.7,
      "imbalance": -0.2807,
      "score": 59.9
    },
    "PAXG": {
      "tradeable": true,
      "spread_pct": 0.002196,
      "bid_depth_50": 393718.09,
      "ask_depth_50": 577931.61,
      "bid_depth_100": 393718.09,
      "ask_depth_100": 577931.61,
      "bid_depth_500": 393718.09,
      "ask_depth_500": 577931.61,
      "imbalance": -0.1896,
      "score": 100
    },
    "PUMP": {
      "tradeable": false,
      "spread_pct": 0.052535,
      "bid_depth_50": 512787.53,
      "ask_depth_50": 317990.29,
      "bid_depth_100": 825589.82,
      "ask_depth_100": 728659.88,