{
  "timestamp": "2026-03-26T12:27:54.322901+00:00",
  "coins": {
    "AAVE": {
      "tradeable": true,
      "spread_pct": 0.018864,
      "bid_depth_50": 321156.81,
      "ask_depth_50": 433358.87,
      "bid_depth_100": 321156.81,
      "ask_depth_100": 433358.87,
      "bid_depth_500": 321156.81,
      "ask_depth_500": 433358.87,
      "imbalance": -0.1487,
      "score": 91.1
    },
    "ADA": {
      "tradeable": true,
      "spread_pct": 0.007761,
      "bid_depth_50": 112379.14,
      "ask_depth_50": 111273.18,
      "bid_depth_100": 112379.14,
      "ask_depth_100": 111273.18,
      "bid_depth_500": 112379.14,
      "ask_depth_500": 111273.18,
      "imbalance": 0.0049,
      "score": 87.7
    },
    "APT": {
      "tradeable": true,
      "spread_pct": 0.019342,
      "bid_depth_50": 66120.54,
      "ask_depth_50": 102532.82,
      "bid_depth_100": 66120.54,
      "ask_depth_100": 102532.82,
      "bid_depth_500": 66120.54,
      "ask_depth_500": 102532.82,
      "imbalance": -0.2159,
      "score": 75.9
    },
    "ARB": {
      "tradeable": true,
      "spread_pct": 0.021261,
      "bid_depth_50": 199976.08,
      "ask_depth_50": 203367.57,
      "bid_depth_100": 199976.08,
      "ask_depth_100": 203367.57,
      "bid_depth_500": 199976.08,
      "ask_depth_500": 203367.57,
      "imbalance": -0.0084,
      "score": 84.4
    },
    "AVAX": {
      "tradeable": true,
      "spread_pct": 0.017328,
      "bid_depth_50": 71020.52,
      "ask_depth_50": 48526.71,
      "bid_depth_100": 71020.52,
      "ask_depth_100": 48526.71,
      "bid_depth_500": 71020.52,
      "ask_depth_500": 48526.71,
      "imbalance": 0.1882,
      "score": 75.8
    },
    "BCH": {
      "tradeable": true,
      "spread_pct": 0.00649,
      "bid_depth_50": 71564.28,
      "ask_depth_50": 56896.65,
      "bid_depth_100": 71564.28,
      "ask_depth_100": 56896.65,
      "bid_depth_500": 71564.28,
      "ask_depth_500": 56896.65,
      "imbalance": 0.1142,
      "score": 83.5
    },
    "BNB": {
      "tradeable": true,
      "spread_pct": 0.006359,
      "bid_depth_50": 86701.77,
      "ask_depth_50": 61030.81,
      "bid_depth_100": 86701.77,
      "ask_depth_100": 61030.81,
      "bid_depth_500": 86701.77,
      "ask_depth_500": 61030.81,
      "imbalance": 0.1738,
      "score": 84.3
    },
    "BTC": {
      "tradeable": true,
      "spread_pct": 0.001442,
      "bid_depth_50": 2359945.42,
      "ask_depth_50": 3185001.38,
      "bid_depth_100": 2359945.42,
      "ask_depth_100": 3185001.38,
      "bid_depth_500": 2359945.42,
      "ask_depth_500": 3185001.38,
      "imbalance": -0.1488,
      "score": 100
    },
    "CRV": {
      "tradeable": true,
      "spread_pct": 0.031631,
      "bid_depth_50": 83788.88,
      "ask_depth_50": 62909.48,
      "bid_depth_100": 83788.88,
      "ask_depth_100": 62909.48,
      "bid_depth_500": 83788.88,
      "ask_depth_500": 62909.48,
      "imbalance": 0.1423,
      "score": 62.7
    },
    "DOGE": {
      "tradeable": true,
      "spread_pct": 0.001094,
      "bid_depth_50": 143931.46,
      "ask_depth_50": 289680.85,
      "bid_depth_100": 143931.46,
      "ask_depth_100": 289680.85,
      "bid_depth_500": 143931.46,
      "ask_depth_500": 289680.85,
      "imbalance": -0.3361,
      "score": 97.0
    },
    "DOT": {
      "tradeable": true,
      "spread_pct": 0.037757,
      "bid_depth_50": 156218.82,
      "ask_depth_50": 98527.53,
      "bid_depth_100": 156218.82,
      "ask_depth_100": 98527.53,
      "bid_depth_500": 156218.82,
      "ask_depth_500": 98527.53,
      "imbalance": 0.2265,
      "score": 61.3
    },
    "ENA": {
      "tradeable": true,
      "spread_pct": 0.034654,
      "bid_depth_50": 65798.89,
      "ask_depth_50": 95074.16,
      "bid_depth_100": 65798.89,
      "ask_depth_100": 95074.16,
      "bid_depth_500": 65798.89,
      "ask_depth_500": 95074.16,
      "imbalance": -0.182,
      "score": 60.3
    },
    "ETH": {
      "tradeable": true,
      "spread_pct": 0.004831,
      "bid_depth_50": 6127387.57,
      "ask_depth_50": 7335873.08,
      "bid_depth_100": 6127387.57,
      "ask_depth_100": 7335873.08,
      "bid_depth_500": 6127387.57,
      "ask_depth_500": 7335873.08,
      "imbalance": -0.0898,
      "score": 100
    },
    "FARTCOIN": {
      "tradeable": true,
      "spread_pct": 0.027885,
      "bid_depth_50": 104005.35,
      "ask_depth_50": 56607.93,
      "bid_depth_100": 104005.35,
      "ask_depth_100": 56607.93,
      "bid_depth_500": 104005.35,
      "ask_depth_500": 56607.93,
      "imbalance": 0.2951,
      "score": 67.0
    },
    "HYPE": {
      "tradeable": true,
      "spread_pct": 0.002549,
      "bid_depth_50": 230103.56,
      "ask_depth_50": 256539.89,
      "bid_depth_100": 230103.56,
      "ask_depth_100": 256539.89,
      "bid_depth_500": 230103.56,
      "ask_depth_500": 256539.89,
      "imbalance": -0.0543,
      "score": 99.4
    },
    "INJ": {
      "tradeable": true,
      "spread_pct": 0.033756,
      "bid_depth_50": 30677.85,
      "ask_depth_50": 36677.13,
      "bid_depth_100": 30677.85,
      "ask_depth_100": 36677.13,
      "bid_depth_500": 30677.85,
      "ask_depth_500": 36677.13,
      "imbalance": -0.0891,
      "score": 57.0
    },
    "JUP": {
      "tradeable": true,
      "spread_pct": 0.03992,
      "bid_depth_50": 49869.32,
      "ask_depth_50": 56457.09,
      "bid_depth_100": 49869.32,
      "ask_depth_100": 56457.09,
      "bid_depth_500": 49869.32,
      "ask_depth_500": 56457.09,
      "imbalance": -0.062,
      "score": 52.6
    },
    "LDO": {
      "tradeable": true,
      "spread_pct": 0.027833,
      "bid_depth_50": 30683.14,
      "ask_depth_50": 48831.73,
      "bid_depth_100": 30683.14,
      "ask_depth_100": 48831.73,
      "bid_depth_500": 30683.14,
      "ask_depth_500": 48831.73,
      "imbalance": -0.2282,
      "score": 63.5
    },
    "LINK": {
      "tradeable": true,
      "spread_pct": 0.001119,
      "bid_depth_50": 140886.64,
      "ask_depth_50": 147169.73,
      "bid_depth_100": 140886.64,
      "ask_depth_100": 147169.73,
      "bid_depth_500": 140886.64,
      "ask_depth_500": 147169.73,
      "imbalance": -0.0218,
      "score": 90.6
    },
    "LTC": {
      "tradeable": true,
      "spread_pct": 0.00183,
      "bid_depth_50": 99716.22,
      "ask_depth_50": 94601.19,
      "bid_depth_100": 99716.22,
      "ask_depth_100": 94601.19,
      "bid_depth_500": 99716.22,
      "ask_depth_500": 94601.19,
      "imbalance": 0.0263,
      "score": 86.4
    },
    "NEAR": {
      "tradeable": true,
      "spread_pct": 0.008138,
      "bid_depth_50": 173175.16,
      "ask_depth_50": 113966.08,
      "bid_depth_100": 173175.16,
      "ask_depth_100": 113966.08,
      "bid_depth_500": 173175.16,
      "ask_depth_500": 113966.08,
      "imbalance": 0.2062,
      "score": 90.5
    },
    "ONDO": {
      "tradeable": false,
      "spread_pct": 0.05443,
      "bid_depth_50": 39733.2,
      "ask_depth_50": 91287.79,
      "bid_depth_100": 39733.2,
      "ask_depth_100": 91287.79,
      "bid_depth_500": 39733.2,
      "ask_depth_500": 91287.79,
      "imbalance": -0.3935,
      "score": 53.3
    },
    "OP": {
      "tradeable": true,
      "spread_pct": 0.036938,
      "bid_depth_50": 63265.47,
      "ask_depth_50": 100981.43,
      "bid_depth_100": 110033.89,
      "ask_depth_100": 100981.43,
      "bid_depth_500": 110033.89,
      "ask_depth_500": 100981.43,
      "imbalance": -0.2296,
      "score": 60.2
    },
    "PAXG": {
      "tradeable": true,
      "spread_pct": 0.002251,
      "bid_depth_50": 559978.0,
      "ask_depth_50": 468338.84,
      "bid_depth_100": 559978.0,
      "ask_depth_100": 468338.84,
      "bid_depth_500": 559978.0,
      "ask_depth_500": 468338.84,
      "imbalance": 0.0891,
      "score": 100
    },
    "PUMP": {
      "tradeable": false,
      "spread_pct": 0.112233,
      "bid_depth_50": 279887.28,
      "ask_depth_50": 400509.61,
      "bid_depth_100": 717448.37,
      "ask_depth_100": 921492.88,