{
  "timestamp": "2026-03-18T16:25:04.979889+00:00",
  "coins": {
    "AAVE": {
      "tradeable": true,
      "spread_pct": 0.008844,
      "bid_depth_50": 185745.14,
      "ask_depth_50": 139179.83,
      "bid_depth_100": 185745.14,
      "ask_depth_100": 139179.83,
      "bid_depth_500": 185745.14,
      "ask_depth_500": 139179.83,
      "imbalance": 0.1433,
      "score": 92.2
    },
    "ADA": {
      "tradeable": true,
      "spread_pct": 0.007406,
      "bid_depth_50": 104734.25,
      "ask_depth_50": 101345.29,
      "bid_depth_100": 104734.25,
      "ask_depth_100": 101345.29,
      "bid_depth_500": 104734.25,
      "ask_depth_500": 101345.29,
      "imbalance": 0.0164,
      "score": 86.9
    },
    "APT": {
      "tradeable": true,
      "spread_pct": 0.010574,
      "bid_depth_50": 56183.05,
      "ask_depth_50": 82171.87,
      "bid_depth_100": 56183.05,
      "ask_depth_100": 82171.87,
      "bid_depth_500": 56183.05,
      "ask_depth_500": 82171.87,
      "imbalance": -0.1878,
      "score": 83.4
    },
    "ARB": {
      "tradeable": true,
      "spread_pct": 0.02976,
      "bid_depth_50": 147588.41,
      "ask_depth_50": 167423.72,
      "bid_depth_100": 147588.41,
      "ask_depth_100": 167423.72,
      "bid_depth_500": 147588.41,
      "ask_depth_500": 167423.72,
      "imbalance": -0.063,
      "score": 72.0
    },
    "AVAX": {
      "tradeable": true,
      "spread_pct": 0.00841,
      "bid_depth_50": 115554.78,
      "ask_depth_50": 85944.01,
      "bid_depth_100": 115554.78,
      "ask_depth_100": 85944.01,
      "bid_depth_500": 115554.78,
      "ask_depth_500": 85944.01,
      "imbalance": 0.147,
      "score": 86.7
    },
    "BCH": {
      "tradeable": true,
      "spread_pct": 0.020116,
      "bid_depth_50": 121293.31,
      "ask_depth_50": 73913.01,
      "bid_depth_100": 121293.31,
      "ask_depth_100": 73913.01,
      "bid_depth_500": 121293.31,
      "ask_depth_500": 73913.01,
      "imbalance": 0.2427,
      "score": 76.3
    },
    "BNB": {
      "tradeable": true,
      "spread_pct": 0.003092,
      "bid_depth_50": 171169.91,
      "ask_depth_50": 46369.06,
      "bid_depth_100": 171169.91,
      "ask_depth_100": 46369.06,
      "bid_depth_500": 171169.91,
      "ask_depth_500": 46369.06,
      "imbalance": 0.5737,
      "score": 87.4
    },
    "BTC": {
      "tradeable": true,
      "spread_pct": 0.001405,
      "bid_depth_50": 15890945.33,
      "ask_depth_50": 874311.2,
      "bid_depth_100": 15890945.33,
      "ask_depth_100": 874311.2,
      "bid_depth_500": 15890945.33,
      "ask_depth_500": 874311.2,
      "imbalance": 0.8957,
      "score": 100
    },
    "CRV": {
      "tradeable": false,
      "spread_pct": 0.062721,
      "bid_depth_50": 51691.11,
      "ask_depth_50": 104427.05,
      "bid_depth_100": 51691.11,
      "ask_depth_100": 104427.05,
      "bid_depth_500": 51691.11,
      "ask_depth_500": 104427.05,
      "imbalance": -0.3378,
      "score": 53.9
    },
    "DOGE": {
      "tradeable": true,
      "spread_pct": 0.005346,
      "bid_depth_50": 130781.25,
      "ask_depth_50": 201019.22,
      "bid_depth_100": 130781.25,
      "ask_depth_100": 201019.22,
      "bid_depth_500": 130781.25,
      "ask_depth_500": 201019.22,
      "imbalance": -0.2117,
      "score": 92.5
    },
    "DOT": {
      "tradeable": true,
      "spread_pct": 0.03211,
      "bid_depth_50": 109770.22,
      "ask_depth_50": 82146.82,
      "bid_depth_100": 109770.22,
      "ask_depth_100": 82146.82,
      "bid_depth_500": 109770.22,
      "ask_depth_500": 82146.82,
      "imbalance": 0.1439,
      "score": 64.2
    },
    "ENA": {
      "tradeable": true,
      "spread_pct": 0.028015,
      "bid_depth_50": 175023.94,
      "ask_depth_50": 255863.98,
      "bid_depth_100": 175023.94,
      "ask_depth_100": 255863.98,
      "bid_depth_500": 175023.94,
      "ask_depth_500": 255863.98,
      "imbalance": -0.1876,
      "score": 78.9
    },
    "ETH": {
      "tradeable": true,
      "spread_pct": 0.004602,
      "bid_depth_50": 6571662.46,
      "ask_depth_50": 7346658.07,
      "bid_depth_100": 6571662.46,
      "ask_depth_100": 7346658.07,
      "bid_depth_500": 6571662.46,
      "ask_depth_500": 7346658.07,
      "imbalance": -0.0557,
      "score": 100
    },
    "FARTCOIN": {
      "tradeable": true,
      "spread_pct": 0.014907,
      "bid_depth_50": 47406.78,
      "ask_depth_50": 41179.21,
      "bid_depth_100": 47406.78,
      "ask_depth_100": 41179.21,
      "bid_depth_500": 47406.78,
      "ask_depth_500": 41179.21,
      "imbalance": 0.0703,
      "score": 76.8
    },
    "HYPE": {
      "tradeable": true,
      "spread_pct": 0.002379,
      "bid_depth_50": 95073.59,
      "ask_depth_50": 508333.13,
      "bid_depth_100": 95073.59,
      "ask_depth_100": 508333.13,
      "bid_depth_500": 95073.59,
      "ask_depth_500": 508333.13,
      "imbalance": -0.6849,
      "score": 100
    },
    "INJ": {
      "tradeable": false,
      "spread_pct": 0.082146,
      "bid_depth_50": 38666.13,
      "ask_depth_50": 29989.09,
      "bid_depth_100": 40725.97,
      "ask_depth_100": 31652.77,
      "bid_depth_500": 40725.97,
      "ask_depth_500": 31652.77,
      "imbalance": 0.1264,
      "score": 48.9
    },
    "JUP": {
      "tradeable": false,
      "spread_pct": 0.055864,
      "bid_depth_50": 56161.78,
      "ask_depth_50": 51290.29,
      "bid_depth_100": 56161.78,
      "ask_depth_100": 51290.29,
      "bid_depth_500": 56161.78,
      "ask_depth_500": 51290.29,
      "imbalance": 0.0453,
      "score": 52.2
    },
    "LDO": {
      "tradeable": true,
      "spread_pct": 0.016672,
      "bid_depth_50": 29268.43,
      "ask_depth_50": 83909.58,
      "bid_depth_100": 29268.43,
      "ask_depth_100": 83909.58,
      "bid_depth_500": 29268.43,
      "ask_depth_500": 83909.58,
      "imbalance": -0.4828,
      "score": 76.1
    },
    "LINK": {
      "tradeable": true,
      "spread_pct": 0.018626,
      "bid_depth_50": 130506.19,
      "ask_depth_50": 127998.62,
      "bid_depth_100": 130506.19,
      "ask_depth_100": 127998.62,
      "bid_depth_500": 130506.19,
      "ask_depth_500": 127998.62,
      "imbalance": 0.0097,
      "score": 80.6
    },
    "LTC": {
      "tradeable": true,
      "spread_pct": 0.014443,
      "bid_depth_50": 98861.19,
      "ask_depth_50": 165341.04,
      "bid_depth_100": 98861.19,
      "ask_depth_100": 165341.04,
      "bid_depth_500": 98861.19,
      "ask_depth_500": 165341.04,
      "imbalance": -0.2516,
      "score": 85.1
    },
    "NEAR": {
      "tradeable": true,
      "spread_pct": 0.021754,
      "bid_depth_50": 182774.35,
      "ask_depth_50": 109891.54,
      "bid_depth_100": 182774.35,
      "ask_depth_100": 109891.54,
      "bid_depth_500": 182774.35,
      "ask_depth_500": 109891.54,
      "imbalance": 0.249,
      "score": 79.0
    },
    "ONDO": {
      "tradeable": true,
      "spread_pct": 0.015231,
      "bid_depth_50": 54550.95,
      "ask_depth_50": 55756.69,
      "bid_depth_100": 54550.95,
      "ask_depth_100": 55756.69,
      "bid_depth_500": 54550.95,
      "ask_depth_500": 55756.69,
      "imbalance": -0.0109,
      "score": 77.4
    },
    "OP": {
      "tradeable": true,
      "spread_pct": 0.039864,
      "bid_depth_50": 64226.87,
      "ask_depth_50": 87026.58,
      "bid_depth_100": 64226.87,
      "ask_depth_100": 89983.23,
      "bid_depth_500": 64226.87,
      "ask_depth_500": 89983.23,
      "imbalance": -0.1507,
      "score": 54.8
    },
    "PAXG": {
      "tradeable": true,
      "spread_pct": 0.002054,
      "bid_depth_50": 502972.37,
      "ask_depth_50": 460778.41,
      "bid_depth_100": 502972.37,
      "ask_depth_100": 460778.41,
      "bid_depth_500": 502972.37,
      "ask_depth_500": 460778.41,
      "imbalance": 0.0438,
      "score": 100
    },
    "PUMP": {
      "tradeable": false,
      "spread_pct": 0.05156,
      "bid_depth_50": 501416.49,
      "ask_depth_50": 410700.1,
      "bid_depth_100": 779119.87,