{
  "timestamp": "2026-03-19T02:22:40.918452+00:00",
  "coins": {
    "AAVE": {
      "tradeable": true,
      "spread_pct": 0.025792,
      "bid_depth_50": 387682.83,
      "ask_depth_50": 215218.66,
      "bid_depth_100": 387682.83,
      "ask_depth_100": 215218.66,
      "bid_depth_500": 387682.83,
      "ask_depth_500": 215218.66,
      "imbalance": 0.2861,
      "score": 84.2
    },
    "ADA": {
      "tradeable": true,
      "spread_pct": 0.018353,
      "bid_depth_50": 80370.92,
      "ask_depth_50": 129377.55,
      "bid_depth_100": 80370.92,
      "ask_depth_100": 129377.55,
      "bid_depth_500": 80370.92,
      "ask_depth_500": 129377.55,
      "imbalance": -0.2336,
      "score": 78.7
    },
    "APT": {
      "tradeable": true,
      "spread_pct": 0.010254,
      "bid_depth_50": 75300.5,
      "ask_depth_50": 74827.93,
      "bid_depth_100": 75300.5,
      "ask_depth_100": 74827.93,
      "bid_depth_500": 75300.5,
      "ask_depth_500": 74827.93,
      "imbalance": 0.0031,
      "score": 84.2
    },
    "ARB": {
      "tradeable": true,
      "spread_pct": 0.019548,
      "bid_depth_50": 181985.53,
      "ask_depth_50": 182898.77,
      "bid_depth_100": 181985.53,
      "ask_depth_100": 182898.77,
      "bid_depth_500": 181985.53,
      "ask_depth_500": 182898.77,
      "imbalance": -0.0025,
      "score": 84.4
    },
    "AVAX": {
      "tradeable": true,
      "spread_pct": 0.025904,
      "bid_depth_50": 149200.12,
      "ask_depth_50": 142960.6,
      "bid_depth_100": 149200.12,
      "ask_depth_100": 142960.6,
      "bid_depth_500": 149200.12,
      "ask_depth_500": 142960.6,
      "imbalance": 0.0214,
      "score": 74.9
    },
    "BCH": {
      "tradeable": true,
      "spread_pct": 0.01315,
      "bid_depth_50": 143724.24,
      "ask_depth_50": 84198.83,
      "bid_depth_100": 143724.24,
      "ask_depth_100": 84198.83,
      "bid_depth_500": 143724.24,
      "ask_depth_500": 84198.83,
      "imbalance": 0.2612,
      "score": 84.8
    },
    "BNB": {
      "tradeable": true,
      "spread_pct": 0.001535,
      "bid_depth_50": 96078.05,
      "ask_depth_50": 85167.48,
      "bid_depth_100": 96078.05,
      "ask_depth_100": 85167.48,
      "bid_depth_500": 96078.05,
      "ask_depth_500": 85167.48,
      "imbalance": 0.0602,
      "score": 85.8
    },
    "BTC": {
      "tradeable": true,
      "spread_pct": 0.001405,
      "bid_depth_50": 12345471.52,
      "ask_depth_50": 1610665.28,
      "bid_depth_100": 12345471.52,
      "ask_depth_100": 1610665.28,
      "bid_depth_500": 12345471.52,
      "ask_depth_500": 1610665.28,
      "imbalance": 0.7692,
      "score": 100
    },
    "CRV": {
      "tradeable": false,
      "spread_pct": 0.050067,
      "bid_depth_50": 112250.92,
      "ask_depth_50": 92634.65,
      "bid_depth_100": 112250.92,
      "ask_depth_100": 92634.65,
      "bid_depth_500": 112250.92,
      "ask_depth_500": 92634.65,
      "imbalance": 0.0957,
      "score": 56.9
    },
    "DOGE": {
      "tradeable": true,
      "spread_pct": 0.003164,
      "bid_depth_50": 119493.72,
      "ask_depth_50": 173864.17,
      "bid_depth_100": 119493.72,
      "ask_depth_100": 173864.17,
      "bid_depth_500": 119493.72,
      "ask_depth_500": 173864.17,
      "imbalance": -0.1853,
      "score": 90.8
    },
    "DOT": {
      "tradeable": true,
      "spread_pct": 0.038608,
      "bid_depth_50": 109613.17,
      "ask_depth_50": 92971.35,
      "bid_depth_100": 109613.17,
      "ask_depth_100": 92971.35,
      "bid_depth_500": 109613.17,
      "ask_depth_500": 92971.35,
      "imbalance": 0.0821,
      "score": 58.2
    },
    "ENA": {
      "tradeable": true,
      "spread_pct": 0.009284,
      "bid_depth_50": 200806.62,
      "ask_depth_50": 161825.63,
      "bid_depth_100": 200806.62,
      "ask_depth_100": 161825.63,
      "bid_depth_500": 200806.62,
      "ask_depth_500": 161825.63,
      "imbalance": 0.1075,
      "score": 93.9
    },
    "ETH": {
      "tradeable": true,
      "spread_pct": 0.004544,
      "bid_depth_50": 6341876.12,
      "ask_depth_50": 10615455.14,
      "bid_depth_100": 6341876.12,
      "ask_depth_100": 10615455.14,
      "bid_depth_500": 6341876.12,
      "ask_depth_500": 10615455.14,
      "imbalance": -0.252,
      "score": 100
    },
    "FARTCOIN": {
      "tradeable": true,
      "spread_pct": 0.00981,
      "bid_depth_50": 43081.71,
      "ask_depth_50": 699002.14,
      "bid_depth_100": 43081.71,
      "ask_depth_100": 699002.14,
      "bid_depth_500": 43081.71,
      "ask_depth_500": 699002.14,
      "imbalance": -0.8839,
      "score": 100
    },
    "HYPE": {
      "tradeable": true,
      "spread_pct": 0.012086,
      "bid_depth_50": 102329.04,
      "ask_depth_50": 124448.53,
      "bid_depth_100": 102329.04,
      "ask_depth_100": 124448.53,
      "bid_depth_500": 102329.04,
      "ask_depth_500": 124448.53,
      "imbalance": -0.0975,
      "score": 85.8
    },
    "INJ": {
      "tradeable": true,
      "spread_pct": 0.036071,
      "bid_depth_50": 42702.05,
      "ask_depth_50": 42601.54,
      "bid_depth_100": 44816.47,
      "ask_depth_100": 42601.54,
      "bid_depth_500": 44816.47,
      "ask_depth_500": 42601.54,
      "imbalance": 0.0012,
      "score": 55.6
    },
    "JUP": {
      "tradeable": false,
      "spread_pct": 0.05523,
      "bid_depth_50": 32740.83,
      "ask_depth_50": 42376.26,
      "bid_depth_100": 32740.83,
      "ask_depth_100": 42376.26,
      "bid_depth_500": 32740.83,
      "ask_depth_500": 42376.26,
      "imbalance": -0.1283,
      "score": 50.8
    },
    "LDO": {
      "tradeable": true,
      "spread_pct": 0.033031,
      "bid_depth_50": 30657.55,
      "ask_depth_50": 61854.15,
      "bid_depth_100": 30657.55,
      "ask_depth_100": 61854.15,
      "bid_depth_500": 30657.55,
      "ask_depth_500": 61854.15,
      "imbalance": -0.3372,
      "score": 58.9
    },
    "LINK": {
      "tradeable": true,
      "spread_pct": 0.011938,
      "bid_depth_50": 147825.07,
      "ask_depth_50": 121490.39,
      "bid_depth_100": 147825.07,
      "ask_depth_100": 121490.39,
      "bid_depth_500": 147825.07,
      "ask_depth_500": 121490.39,
      "imbalance": 0.0978,
      "score": 87.8
    },
    "LTC": {
      "tradeable": true,
      "spread_pct": 0.001789,
      "bid_depth_50": 162816.56,
      "ask_depth_50": 136942.54,
      "bid_depth_100": 162816.56,
      "ask_depth_100": 136942.54,
      "bid_depth_500": 162816.56,
      "ask_depth_500": 136942.54,
      "imbalance": 0.0863,
      "score": 91.1
    },
    "NEAR": {
      "tradeable": true,
      "spread_pct": 0.014485,
      "bid_depth_50": 114592.09,
      "ask_depth_50": 159435.22,
      "bid_depth_100": 114592.09,
      "ask_depth_100": 159435.22,
      "bid_depth_500": 114592.09,
      "ask_depth_500": 159435.22,
      "imbalance": -0.1636,
      "score": 85.5
    },
    "ONDO": {
      "tradeable": false,
      "spread_pct": 0.056456,
      "bid_depth_50": 86506.59,
      "ask_depth_50": 53952.97,
      "bid_depth_100": 86506.59,
      "ask_depth_100": 53952.97,
      "bid_depth_500": 86506.59,
      "ask_depth_500": 53952.97,
      "imbalance": 0.2318,
      "score": 53.6
    },
    "OP": {
      "tradeable": true,
      "spread_pct": 0.039861,
      "bid_depth_50": 64245.43,
      "ask_depth_50": 85593.85,
      "bid_depth_100": 64245.43,
      "ask_depth_100": 85593.85,
      "bid_depth_500": 64245.43,
      "ask_depth_500": 85593.85,
      "imbalance": -0.1425,
      "score": 54.6
    },
    "PAXG": {
      "tradeable": true,
      "spread_pct": 0.002064,
      "bid_depth_50": 500360.61,
      "ask_depth_50": 505557.7,
      "bid_depth_100": 500360.61,
      "ask_depth_100": 505557.7,
      "bid_depth_500": 500360.61,
      "ask_depth_500": 505557.7,
      "imbalance": -0.0052,
      "score": 100
    },
    "PUMP": {
      "tradeable": false,
      "spread_pct": 0.102041,
      "bid_depth_50": 374473.28,
      "ask_depth_50": 367050.01,
      "bid_depth_100": 841437.88,