{
  "timestamp": "2026-03-19T05:28:01.709819+00:00",
  "coins": {
    "AAVE": {
      "tradeable": true,
      "spread_pct": 0.025765,
      "bid_depth_50": 432118.46,
      "ask_depth_50": 214179.76,
      "bid_depth_100": 432118.46,
      "ask_depth_100": 214179.76,
      "bid_depth_500": 432118.46,
      "ask_depth_500": 214179.76,
      "imbalance": 0.3372,
      "score": 84.2
    },
    "ADA": {
      "tradeable": true,
      "spread_pct": 0.025732,
      "bid_depth_50": 175053.66,
      "ask_depth_50": 107900.87,
      "bid_depth_100": 175053.66,
      "ask_depth_100": 107900.87,
      "bid_depth_500": 175053.66,
      "ask_depth_500": 107900.87,
      "imbalance": 0.2373,
      "score": 74.6
    },
    "APT": {
      "tradeable": true,
      "spread_pct": 0.030676,
      "bid_depth_50": 132998.58,
      "ask_depth_50": 84243.44,
      "bid_depth_100": 132998.58,
      "ask_depth_100": 84243.44,
      "bid_depth_500": 132998.58,
      "ask_depth_500": 84243.44,
      "imbalance": 0.2244,
      "score": 66.8
    },
    "ARB": {
      "tradeable": true,
      "spread_pct": 0.019596,
      "bid_depth_50": 127807.33,
      "ask_depth_50": 206015.76,
      "bid_depth_100": 127807.33,
      "ask_depth_100": 206015.76,
      "bid_depth_500": 127807.33,
      "ask_depth_500": 206015.76,
      "imbalance": -0.2343,
      "score": 83.0
    },
    "AVAX": {
      "tradeable": true,
      "spread_pct": 0.014561,
      "bid_depth_50": 99983.24,
      "ask_depth_50": 109191.79,
      "bid_depth_100": 99983.24,
      "ask_depth_100": 109191.79,
      "bid_depth_500": 99983.24,
      "ask_depth_500": 109191.79,
      "imbalance": -0.044,
      "score": 82.5
    },
    "BCH": {
      "tradeable": true,
      "spread_pct": 0.008748,
      "bid_depth_50": 106532.4,
      "ask_depth_50": 68034.05,
      "bid_depth_100": 106532.4,
      "ask_depth_100": 68034.05,
      "bid_depth_500": 106532.4,
      "ask_depth_500": 68034.05,
      "imbalance": 0.2205,
      "score": 85.5
    },
    "BNB": {
      "tradeable": true,
      "spread_pct": 0.00154,
      "bid_depth_50": 88458.39,
      "ask_depth_50": 90856.35,
      "bid_depth_100": 88458.39,
      "ask_depth_100": 90856.35,
      "bid_depth_500": 88458.39,
      "ask_depth_500": 90856.35,
      "imbalance": -0.0134,
      "score": 85.7
    },
    "BTC": {
      "tradeable": true,
      "spread_pct": 0.001414,
      "bid_depth_50": 4137067.48,
      "ask_depth_50": 3019178.25,
      "bid_depth_100": 4137067.48,
      "ask_depth_100": 3019178.25,
      "bid_depth_500": 4137067.48,
      "ask_depth_500": 3019178.25,
      "imbalance": 0.1562,
      "score": 100
    },
    "CRV": {
      "tradeable": true,
      "spread_pct": 0.03313,
      "bid_depth_50": 114536.71,
      "ask_depth_50": 102390.65,
      "bid_depth_100": 114536.71,
      "ask_depth_100": 102390.65,
      "bid_depth_500": 114536.71,
      "ask_depth_500": 102390.65,
      "imbalance": 0.056,
      "score": 64.3
    },
    "DOGE": {
      "tradeable": true,
      "spread_pct": 0.001056,
      "bid_depth_50": 204042.15,
      "ask_depth_50": 124021.01,
      "bid_depth_100": 204042.15,
      "ask_depth_100": 124021.01,
      "bid_depth_500": 204042.15,
      "ask_depth_500": 124021.01,
      "imbalance": 0.2439,
      "score": 92.4
    },
    "DOT": {
      "tradeable": false,
      "spread_pct": 0.05174,
      "bid_depth_50": 100315.9,
      "ask_depth_50": 138807.97,
      "bid_depth_100": 100315.9,
      "ask_depth_100": 138807.97,
      "bid_depth_500": 100315.9,
      "ask_depth_500": 138807.97,
      "imbalance": -0.161,
      "score": 58.3
    },
    "ENA": {
      "tradeable": true,
      "spread_pct": 0.00941,
      "bid_depth_50": 174642.69,
      "ask_depth_50": 221627.53,
      "bid_depth_100": 174642.69,
      "ask_depth_100": 221627.53,
      "bid_depth_500": 174642.69,
      "ask_depth_500": 221627.53,
      "imbalance": -0.1186,
      "score": 95.4
    },
    "ETH": {
      "tradeable": true,
      "spread_pct": 0.004558,
      "bid_depth_50": 5741928.51,
      "ask_depth_50": 7978346.24,
      "bid_depth_100": 5741928.51,
      "ask_depth_100": 7978346.24,
      "bid_depth_500": 5741928.51,
      "ask_depth_500": 7978346.24,
      "imbalance": -0.163,
      "score": 100
    },
    "FARTCOIN": {
      "tradeable": true,
      "spread_pct": 0.00513,
      "bid_depth_50": 71657.45,
      "ask_depth_50": 73775.31,
      "bid_depth_100": 71657.45,
      "ask_depth_100": 73775.31,
      "bid_depth_500": 71657.45,
      "ask_depth_500": 73775.31,
      "imbalance": -0.0146,
      "score": 84.2
    },
    "HYPE": {
      "tradeable": true,
      "spread_pct": 0.00243,
      "bid_depth_50": 55752.83,
      "ask_depth_50": 159194.62,
      "bid_depth_100": 55752.83,
      "ask_depth_100": 159194.62,
      "bid_depth_500": 55752.83,
      "ask_depth_500": 159194.62,
      "imbalance": -0.4812,
      "score": 87.3
    },
    "INJ": {
      "tradeable": true,
      "spread_pct": 0.049388,
      "bid_depth_50": 39779.25,
      "ask_depth_50": 37538.62,
      "bid_depth_100": 39779.25,
      "ask_depth_100": 37538.62,
      "bid_depth_500": 39779.25,
      "ask_depth_500": 37538.62,
      "imbalance": 0.029,
      "score": 41.8
    },
    "JUP": {
      "tradeable": false,
      "spread_pct": 0.092305,
      "bid_depth_50": 53457.33,
      "ask_depth_50": 37267.73,
      "bid_depth_100": 53457.33,
      "ask_depth_100": 37267.73,
      "bid_depth_500": 53457.33,
      "ask_depth_500": 37267.73,
      "imbalance": 0.1784,
      "score": 49.0
    },
    "LDO": {
      "tradeable": true,
      "spread_pct": 0.039768,
      "bid_depth_50": 25840.75,
      "ask_depth_50": 43753.08,
      "bid_depth_100": 25840.75,
      "ask_depth_100": 43753.08,
      "bid_depth_500": 25840.75,
      "ask_depth_500": 43753.08,
      "imbalance": -0.2574,
      "score": 51.1
    },
    "LINK": {
      "tradeable": true,
      "spread_pct": 0.005444,
      "bid_depth_50": 142349.0,
      "ask_depth_50": 126095.19,
      "bid_depth_100": 142349.0,
      "ask_depth_100": 126095.19,
      "bid_depth_500": 142349.0,
      "ask_depth_500": 126095.19,
      "imbalance": 0.0605,
      "score": 89.7
    },
    "LTC": {
      "tradeable": true,
      "spread_pct": 0.008986,
      "bid_depth_50": 100582.65,
      "ask_depth_50": 182949.85,
      "bid_depth_100": 100582.65,
      "ask_depth_100": 182949.85,
      "bid_depth_500": 100582.65,
      "ask_depth_500": 182949.85,
      "imbalance": -0.2905,
      "score": 90.4
    },
    "NEAR": {
      "tradeable": true,
      "spread_pct": 0.021985,
      "bid_depth_50": 100960.02,
      "ask_depth_50": 126470.32,
      "bid_depth_100": 100960.02,
      "ask_depth_100": 126470.32,
      "bid_depth_500": 100960.02,
      "ask_depth_500": 126470.32,
      "imbalance": -0.1122,
      "score": 75.9
    },
    "ONDO": {
      "tradeable": false,
      "spread_pct": 0.060418,
      "bid_depth_50": 64892.99,
      "ask_depth_50": 56096.68,
      "bid_depth_100": 64892.99,
      "ask_depth_100": 56096.68,
      "bid_depth_500": 64892.99,
      "ask_depth_500": 56096.68,
      "imbalance": 0.0727,
      "score": 52.5
    },
    "OP": {
      "tradeable": true,
      "spread_pct": 0.032067,
      "bid_depth_50": 45618.45,
      "ask_depth_50": 97380.9,
      "bid_depth_100": 100716.19,
      "ask_depth_100": 97380.9,
      "bid_depth_500": 100716.19,
      "ask_depth_500": 97380.9,
      "imbalance": -0.362,
      "score": 64.5
    },
    "PAXG": {
      "tradeable": true,
      "spread_pct": 0.002068,
      "bid_depth_50": 335600.63,
      "ask_depth_50": 488860.36,
      "bid_depth_100": 335600.63,
      "ask_depth_100": 488860.36,
      "bid_depth_500": 335600.63,
      "ask_depth_500": 488860.36,
      "imbalance": -0.1859,
      "score": 100
    },
    "PUMP": {
      "tradeable": false,
      "spread_pct": 0.051427,
      "bid_depth_50": 448845.81,
      "ask_depth_50": 305740.36,
      "bid_depth_100": 808270.36,