{
  "timestamp": "2026-03-19T02:25:12.816569+00:00",
  "coins": {
    "AAVE": {
      "tradeable": true,
      "spread_pct": 0.017244,
      "bid_depth_50": 300892.48,
      "ask_depth_50": 195600.33,
      "bid_depth_100": 300892.48,
      "ask_depth_100": 195600.33,
      "bid_depth_500": 300892.48,
      "ask_depth_500": 195600.33,
      "imbalance": 0.2121,
      "score": 92.6
    },
    "ADA": {
      "tradeable": true,
      "spread_pct": 0.029406,
      "bid_depth_50": 145325.25,
      "ask_depth_50": 100302.16,
      "bid_depth_100": 145325.25,
      "ask_depth_100": 100302.16,
      "bid_depth_500": 145325.25,
      "ask_depth_500": 100302.16,
      "imbalance": 0.1833,
      "score": 69.3
    },
    "APT": {
      "tradeable": true,
      "spread_pct": 0.01026,
      "bid_depth_50": 82489.02,
      "ask_depth_50": 77582.27,
      "bid_depth_100": 82489.02,
      "ask_depth_100": 77582.27,
      "bid_depth_500": 82489.02,
      "ask_depth_500": 77582.27,
      "imbalance": 0.0307,
      "score": 84.6
    },
    "ARB": {
      "tradeable": true,
      "spread_pct": 0.039116,
      "bid_depth_50": 289551.21,
      "ask_depth_50": 187515.6,
      "bid_depth_100": 289551.21,
      "ask_depth_100": 187515.6,
      "bid_depth_500": 289551.21,
      "ask_depth_500": 187515.6,
      "imbalance": 0.2139,
      "score": 69.9
    },
    "AVAX": {
      "tradeable": true,
      "spread_pct": 0.014522,
      "bid_depth_50": 119247.38,
      "ask_depth_50": 103047.92,
      "bid_depth_100": 119247.38,
      "ask_depth_100": 103047.92,
      "bid_depth_500": 119247.38,
      "ask_depth_500": 103047.92,
      "imbalance": 0.0729,
      "score": 83.1
    },
    "BCH": {
      "tradeable": true,
      "spread_pct": 0.010964,
      "bid_depth_50": 81399.31,
      "ask_depth_50": 59191.38,
      "bid_depth_100": 81399.31,
      "ask_depth_100": 59191.38,
      "bid_depth_500": 81399.31,
      "ask_depth_500": 59191.38,
      "imbalance": 0.158,
      "score": 83.1
    },
    "BNB": {
      "tradeable": true,
      "spread_pct": 0.009214,
      "bid_depth_50": 86527.48,
      "ask_depth_50": 66986.87,
      "bid_depth_100": 86527.48,
      "ask_depth_100": 66986.87,
      "bid_depth_500": 86527.48,
      "ask_depth_500": 66986.87,
      "imbalance": 0.1273,
      "score": 84.6
    },
    "BTC": {
      "tradeable": true,
      "spread_pct": 0.001406,
      "bid_depth_50": 1503908.05,
      "ask_depth_50": 8725109.32,
      "bid_depth_100": 1503908.05,
      "ask_depth_100": 8725109.32,
      "bid_depth_500": 1503908.05,
      "ask_depth_500": 8725109.32,
      "imbalance": -0.706,
      "score": 100
    },
    "CRV": {
      "tradeable": false,
      "spread_pct": 0.058453,
      "bid_depth_50": 85351.62,
      "ask_depth_50": 94000.76,
      "bid_depth_100": 85351.62,
      "ask_depth_100": 94000.76,
      "bid_depth_500": 85351.62,
      "ask_depth_500": 94000.76,
      "imbalance": -0.0482,
      "score": 55.2
    },
    "DOGE": {
      "tradeable": true,
      "spread_pct": 0.001056,
      "bid_depth_50": 98721.48,
      "ask_depth_50": 254129.79,
      "bid_depth_100": 98721.48,
      "ask_depth_100": 254129.79,
      "bid_depth_500": 98721.48,
      "ask_depth_500": 254129.79,
      "imbalance": -0.4404,
      "score": 93.5
    },
    "DOT": {
      "tradeable": true,
      "spread_pct": 0.032193,
      "bid_depth_50": 174167.91,
      "ask_depth_50": 98139.47,
      "bid_depth_100": 174167.91,
      "ask_depth_100": 98139.47,
      "bid_depth_500": 174167.91,
      "ask_depth_500": 98139.47,
      "imbalance": 0.2792,
      "score": 67.7
    },
    "ENA": {
      "tradeable": true,
      "spread_pct": 0.037164,
      "bid_depth_50": 182345.26,
      "ask_depth_50": 211627.08,
      "bid_depth_100": 182345.26,
      "ask_depth_100": 211627.08,
      "bid_depth_500": 182345.26,
      "ask_depth_500": 211627.08,
      "imbalance": -0.0743,
      "score": 68.1
    },
    "ETH": {
      "tradeable": true,
      "spread_pct": 0.004548,
      "bid_depth_50": 9910912.27,
      "ask_depth_50": 8071648.06,
      "bid_depth_100": 9910912.27,
      "ask_depth_100": 8071648.06,
      "bid_depth_500": 9910912.27,
      "ask_depth_500": 8071648.06,
      "imbalance": 0.1023,
      "score": 100
    },
    "FARTCOIN": {
      "tradeable": true,
      "spread_pct": 0.02959,
      "bid_depth_50": 44727.24,
      "ask_depth_50": 41944.16,
      "bid_depth_100": 44727.24,
      "ask_depth_100": 41944.16,
      "bid_depth_500": 44727.24,
      "ask_depth_500": 41944.16,
      "imbalance": 0.0321,
      "score": 62.0
    },
    "HYPE": {
      "tradeable": true,
      "spread_pct": 0.002419,
      "bid_depth_50": 127867.6,
      "ask_depth_50": 125350.15,
      "bid_depth_100": 127867.6,
      "ask_depth_100": 125350.15,
      "bid_depth_500": 127867.6,
      "ask_depth_500": 125350.15,
      "imbalance": 0.0099,
      "score": 89.0
    },
    "INJ": {
      "tradeable": true,
      "spread_pct": 0.03937,
      "bid_depth_50": 50460.73,
      "ask_depth_50": 32255.1,
      "bid_depth_100": 53631.62,
      "ask_depth_100": 32255.1,
      "bid_depth_500": 53631.62,
      "ask_depth_500": 32255.1,
      "imbalance": 0.2201,
      "score": 52.2
    },
    "JUP": {
      "tradeable": false,
      "spread_pct": 0.055254,
      "bid_depth_50": 33726.78,
      "ask_depth_50": 52278.61,
      "bid_depth_100": 33726.78,
      "ask_depth_100": 52278.61,
      "bid_depth_500": 33726.78,
      "ask_depth_500": 52278.61,
      "imbalance": -0.2157,
      "score": 51.2
    },
    "LDO": {
      "tradeable": true,
      "spread_pct": 0.036359,
      "bid_depth_50": 33862.16,
      "ask_depth_50": 65547.97,
      "bid_depth_100": 33862.16,
      "ask_depth_100": 65547.97,
      "bid_depth_500": 33862.16,
      "ask_depth_500": 65547.97,
      "imbalance": -0.3187,
      "score": 55.8
    },
    "LINK": {
      "tradeable": true,
      "spread_pct": 0.009777,
      "bid_depth_50": 108834.41,
      "ask_depth_50": 99023.41,
      "bid_depth_100": 108834.41,
      "ask_depth_100": 99023.41,
      "bid_depth_500": 108834.41,
      "ask_depth_500": 99023.41,
      "imbalance": 0.0472,
      "score": 87.0
    },
    "LTC": {
      "tradeable": true,
      "spread_pct": 0.003583,
      "bid_depth_50": 135726.81,
      "ask_depth_50": 161193.97,
      "bid_depth_100": 135726.81,
      "ask_depth_100": 161193.97,
      "bid_depth_500": 135726.81,
      "ask_depth_500": 161193.97,
      "imbalance": -0.0858,
      "score": 91.0
    },
    "NEAR": {
      "tradeable": true,
      "spread_pct": 0.014492,
      "bid_depth_50": 155429.15,
      "ask_depth_50": 80701.02,
      "bid_depth_100": 155429.15,
      "ask_depth_100": 80701.02,
      "bid_depth_500": 155429.15,
      "ask_depth_500": 80701.02,
      "imbalance": 0.3165,
      "score": 83.8
    },
    "ONDO": {
      "tradeable": true,
      "spread_pct": 0.033894,
      "bid_depth_50": 93972.02,
      "ask_depth_50": 59711.91,
      "bid_depth_100": 93972.02,
      "ask_depth_100": 59711.91,
      "bid_depth_500": 93972.02,
      "ask_depth_500": 59711.91,
      "imbalance": 0.2229,
      "score": 60.7
    },
    "OP": {
      "tradeable": true,
      "spread_pct": 0.031895,
      "bid_depth_50": 108117.65,
      "ask_depth_50": 70656.49,
      "bid_depth_100": 108117.65,
      "ask_depth_100": 70656.49,
      "bid_depth_500": 108117.65,
      "ask_depth_500": 70656.49,
      "imbalance": 0.2095,
      "score": 63.8
    },
    "PAXG": {
      "tradeable": true,
      "spread_pct": 0.002064,
      "bid_depth_50": 459177.02,
      "ask_depth_50": 495375.29,
      "bid_depth_100": 459177.02,
      "ask_depth_100": 495375.29,
      "bid_depth_500": 459177.02,
      "ask_depth_500": 495375.29,
      "imbalance": -0.0379,
      "score": 100
    },
    "PUMP": {
      "tradeable": false,
      "spread_pct": 0.102093,
      "bid_depth_50": 405262.38,
      "ask_depth_50": 338082.44,
      "bid_depth_100": 840214.19,
      "ask_depth_100": 761913.86,