{
  "timestamp": "2026-03-19T05:25:29.221019+00:00",
  "coins": {
    "AAVE": {
      "tradeable": true,
      "spread_pct": 0.017161,
      "bid_depth_50": 257648.59,
      "ask_depth_50": 233752.52,
      "bid_depth_100": 257648.59,
      "ask_depth_100": 233752.52,
      "bid_depth_500": 257648.59,
      "ask_depth_500": 233752.52,
      "imbalance": 0.0486,
      "score": 92.5
    },
    "ADA": {
      "tradeable": false,
      "spread_pct": 0.055136,
      "bid_depth_50": 117477.67,
      "ask_depth_50": 91601.09,
      "bid_depth_100": 117477.67,
      "ask_depth_100": 91601.09,
      "bid_depth_500": 117477.67,
      "ask_depth_500": 91601.09,
      "imbalance": 0.1238,
      "score": 56.7
    },
    "APT": {
      "tradeable": true,
      "spread_pct": 0.020416,
      "bid_depth_50": 207249.47,
      "ask_depth_50": 75585.12,
      "bid_depth_100": 207249.47,
      "ask_depth_100": 75585.12,
      "bid_depth_500": 207249.47,
      "ask_depth_500": 75585.12,
      "imbalance": 0.4655,
      "score": 79.9
    },
    "ARB": {
      "tradeable": true,
      "spread_pct": 0.009794,
      "bid_depth_50": 224850.25,
      "ask_depth_50": 187472.52,
      "bid_depth_100": 224850.25,
      "ask_depth_100": 187472.52,
      "bid_depth_500": 224850.25,
      "ask_depth_500": 187472.52,
      "imbalance": 0.0907,
      "score": 96.1
    },
    "AVAX": {
      "tradeable": true,
      "spread_pct": 0.013522,
      "bid_depth_50": 84725.72,
      "ask_depth_50": 143943.91,
      "bid_depth_100": 84725.72,
      "ask_depth_100": 143943.91,
      "bid_depth_500": 84725.72,
      "ask_depth_500": 143943.91,
      "imbalance": -0.259,
      "score": 84.4
    },
    "BCH": {
      "tradeable": true,
      "spread_pct": 0.002187,
      "bid_depth_50": 111714.7,
      "ask_depth_50": 104078.19,
      "bid_depth_100": 111714.7,
      "ask_depth_100": 104078.19,
      "bid_depth_500": 111714.7,
      "ask_depth_500": 104078.19,
      "imbalance": 0.0354,
      "score": 87.4
    },
    "BNB": {
      "tradeable": true,
      "spread_pct": 0.006159,
      "bid_depth_50": 104721.09,
      "ask_depth_50": 89642.15,
      "bid_depth_100": 104721.09,
      "ask_depth_100": 89642.15,
      "bid_depth_500": 104721.09,
      "ask_depth_500": 89642.15,
      "imbalance": 0.0776,
      "score": 86.4
    },
    "BTC": {
      "tradeable": true,
      "spread_pct": 0.001413,
      "bid_depth_50": 1690645.16,
      "ask_depth_50": 9129484.54,
      "bid_depth_100": 1690645.16,
      "ask_depth_100": 9129484.54,
      "bid_depth_500": 1690645.16,
      "ask_depth_500": 9129484.54,
      "imbalance": -0.6875,
      "score": 100
    },
    "CRV": {
      "tradeable": true,
      "spread_pct": 0.020695,
      "bid_depth_50": 91373.71,
      "ask_depth_50": 98139.5,
      "bid_depth_100": 91373.71,
      "ask_depth_100": 98139.5,
      "bid_depth_500": 91373.71,
      "ask_depth_500": 98139.5,
      "imbalance": -0.0357,
      "score": 75.5
    },
    "DOGE": {
      "tradeable": true,
      "spread_pct": 0.001056,
      "bid_depth_50": 255673.67,
      "ask_depth_50": 229253.24,
      "bid_depth_100": 255673.67,
      "ask_depth_100": 229253.24,
      "bid_depth_500": 255673.67,
      "ask_depth_500": 229253.24,
      "imbalance": 0.0545,
      "score": 99.3
    },
    "DOT": {
      "tradeable": true,
      "spread_pct": 0.038745,
      "bid_depth_50": 75194.54,
      "ask_depth_50": 279901.13,
      "bid_depth_100": 75194.54,
      "ask_depth_100": 279901.13,
      "bid_depth_500": 75194.54,
      "ask_depth_500": 279901.13,
      "imbalance": -0.5765,
      "score": 64.8
    },
    "ENA": {
      "tradeable": true,
      "spread_pct": 0.028223,
      "bid_depth_50": 184398.13,
      "ask_depth_50": 269147.14,
      "bid_depth_100": 184398.13,
      "ask_depth_100": 269147.14,
      "bid_depth_500": 184398.13,
      "ask_depth_500": 269147.14,
      "imbalance": -0.1869,
      "score": 79.7
    },
    "ETH": {
      "tradeable": true,
      "spread_pct": 0.004559,
      "bid_depth_50": 5598021.48,
      "ask_depth_50": 7399232.05,
      "bid_depth_100": 5598021.48,
      "ask_depth_100": 7399232.05,
      "bid_depth_500": 5598021.48,
      "ask_depth_500": 7399232.05,
      "imbalance": -0.1386,
      "score": 100
    },
    "FARTCOIN": {
      "tradeable": true,
      "spread_pct": 0.005118,
      "bid_depth_50": 32965.06,
      "ask_depth_50": 45110.95,
      "bid_depth_100": 32965.06,
      "ask_depth_100": 45110.95,
      "bid_depth_500": 32965.06,
      "ask_depth_500": 45110.95,
      "imbalance": -0.1556,
      "score": 81.2
    },
    "HYPE": {
      "tradeable": true,
      "spread_pct": 0.029106,
      "bid_depth_50": 85841.34,
      "ask_depth_50": 169398.7,
      "bid_depth_100": 85841.34,
      "ask_depth_100": 169398.7,
      "bid_depth_500": 85841.34,
      "ask_depth_500": 169398.7,
      "imbalance": -0.3274,
      "score": 70.0
    },
    "INJ": {
      "tradeable": true,
      "spread_pct": 0.046069,
      "bid_depth_50": 45107.6,
      "ask_depth_50": 41023.06,
      "bid_depth_100": 45107.6,
      "ask_depth_100": 41023.06,
      "bid_depth_500": 45107.6,
      "ask_depth_500": 41023.06,
      "imbalance": 0.0474,
      "score": 45.5
    },
    "JUP": {
      "tradeable": false,
      "spread_pct": 0.067611,
      "bid_depth_50": 45692.35,
      "ask_depth_50": 34188.71,
      "bid_depth_100": 45692.35,
      "ask_depth_100": 34188.71,
      "bid_depth_500": 45692.35,
      "ask_depth_500": 34188.71,
      "imbalance": 0.144,
      "score": 50.2
    },
    "LDO": {
      "tradeable": true,
      "spread_pct": 0.036428,
      "bid_depth_50": 27005.0,
      "ask_depth_50": 69566.63,
      "bid_depth_100": 27005.0,
      "ask_depth_100": 69566.63,
      "bid_depth_500": 27005.0,
      "ask_depth_500": 69566.63,
      "imbalance": -0.4407,
      "score": 55.6
    },
    "LINK": {
      "tradeable": true,
      "spread_pct": 0.005444,
      "bid_depth_50": 149283.28,
      "ask_depth_50": 98102.53,
      "bid_depth_100": 149283.28,
      "ask_depth_100": 98102.53,
      "bid_depth_500": 149283.28,
      "ask_depth_500": 98102.53,
      "imbalance": 0.2069,
      "score": 88.8
    },
    "LTC": {
      "tradeable": true,
      "spread_pct": 0.001797,
      "bid_depth_50": 134511.98,
      "ask_depth_50": 130889.89,
      "bid_depth_100": 134511.98,
      "ask_depth_100": 130889.89,
      "bid_depth_500": 134511.98,
      "ask_depth_500": 130889.89,
      "imbalance": 0.0136,
      "score": 89.6
    },
    "NEAR": {
      "tradeable": true,
      "spread_pct": 0.029306,
      "bid_depth_50": 131372.53,
      "ask_depth_50": 115143.0,
      "bid_depth_100": 131372.53,
      "ask_depth_100": 115143.0,
      "bid_depth_500": 131372.53,
      "ask_depth_500": 115143.0,
      "imbalance": 0.0658,
      "score": 69.4
    },
    "ONDO": {
      "tradeable": true,
      "spread_pct": 0.003772,
      "bid_depth_50": 68268.33,
      "ask_depth_50": 61567.75,
      "bid_depth_100": 68268.33,
      "ask_depth_100": 61567.75,
      "bid_depth_500": 68268.33,
      "ask_depth_500": 61567.75,
      "imbalance": 0.0516,
      "score": 83.5
    },
    "OP": {
      "tradeable": true,
      "spread_pct": 0.016031,
      "bid_depth_50": 51388.89,
      "ask_depth_50": 120523.77,
      "bid_depth_100": 51388.89,
      "ask_depth_100": 120523.77,
      "bid_depth_500": 51388.89,
      "ask_depth_500": 120523.77,
      "imbalance": -0.4022,
      "score": 79.4
    },
    "PAXG": {
      "tradeable": true,
      "spread_pct": 0.002067,
      "bid_depth_50": 377305.31,
      "ask_depth_50": 531546.9,
      "bid_depth_100": 377305.31,
      "ask_depth_100": 531546.9,
      "bid_depth_500": 377305.31,
      "ask_depth_500": 531546.9,
      "imbalance": -0.1697,
      "score": 100
    },
    "PUMP": {
      "tradeable": false,
      "spread_pct": 0.102775,
      "bid_depth_50": 484797.48,
      "ask_depth_50": 329301.49,
      "bid_depth_100": 843128.98,
      "ask_depth_100": 756378.41,