{
  "timestamp": "2026-03-19T18:59:25.721485+00:00",
  "coins": {
    "AAVE": {
      "tradeable": true,
      "spread_pct": 0.008946,
      "bid_depth_50": 247314.97,
      "ask_depth_50": 222203.39,
      "bid_depth_100": 247314.97,
      "ask_depth_100": 222203.39,
      "bid_depth_500": 247314.97,
      "ask_depth_500": 222203.39,
      "imbalance": 0.0535,
      "score": 98.6
    },
    "ADA": {
      "tradeable": true,
      "spread_pct": 0.011307,
      "bid_depth_50": 114074.94,
      "ask_depth_50": 135185.89,
      "bid_depth_100": 114074.94,
      "ask_depth_100": 135185.89,
      "bid_depth_500": 114074.94,
      "ask_depth_500": 135185.89,
      "imbalance": -0.0847,
      "score": 87.5
    },
    "APT": {
      "tradeable": true,
      "spread_pct": 0.021338,
      "bid_depth_50": 102672.54,
      "ask_depth_50": 184956.64,
      "bid_depth_100": 102672.54,
      "ask_depth_100": 184956.64,
      "bid_depth_500": 102672.54,
      "ask_depth_500": 184956.64,
      "imbalance": -0.2861,
      "score": 79.2
    },
    "ARB": {
      "tradeable": true,
      "spread_pct": 0.010173,
      "bid_depth_50": 192178.64,
      "ask_depth_50": 217090.25,
      "bid_depth_100": 192178.64,
      "ask_depth_100": 217090.25,
      "bid_depth_500": 192178.64,
      "ask_depth_500": 217090.25,
      "imbalance": -0.0609,
      "score": 95.8
    },
    "AVAX": {
      "tradeable": true,
      "spread_pct": 0.006347,
      "bid_depth_50": 72213.01,
      "ask_depth_50": 82125.64,
      "bid_depth_100": 72213.01,
      "ask_depth_100": 82125.64,
      "bid_depth_500": 72213.01,
      "ask_depth_500": 82125.64,
      "imbalance": -0.0642,
      "score": 84.6
    },
    "BCH": {
      "tradeable": true,
      "spread_pct": 0.013172,
      "bid_depth_50": 87659.01,
      "ask_depth_50": 91488.11,
      "bid_depth_100": 87659.01,
      "ask_depth_100": 91488.11,
      "bid_depth_500": 87659.01,
      "ask_depth_500": 91488.11,
      "imbalance": -0.0214,
      "score": 82.6
    },
    "BNB": {
      "tradeable": true,
      "spread_pct": 0.012548,
      "bid_depth_50": 74075.41,
      "ask_depth_50": 148251.06,
      "bid_depth_100": 74075.41,
      "ask_depth_100": 148251.06,
      "bid_depth_500": 74075.41,
      "ask_depth_500": 148251.06,
      "imbalance": -0.3336,
      "score": 85.1
    },
    "BTC": {
      "tradeable": true,
      "spread_pct": 0.001433,
      "bid_depth_50": 9655241.76,
      "ask_depth_50": 1515732.07,
      "bid_depth_100": 9655241.76,
      "ask_depth_100": 1515732.07,
      "bid_depth_500": 9655241.76,
      "ask_depth_500": 1515732.07,
      "imbalance": 0.7286,
      "score": 100
    },
    "CRV": {
      "tradeable": true,
      "spread_pct": 0.047258,
      "bid_depth_50": 67741.02,
      "ask_depth_50": 94835.67,
      "bid_depth_100": 67741.02,
      "ask_depth_100": 94835.67,
      "bid_depth_500": 67741.02,
      "ask_depth_500": 94835.67,
      "imbalance": -0.1667,
      "score": 47.7
    },
    "DOGE": {
      "tradeable": true,
      "spread_pct": 0.001078,
      "bid_depth_50": 249918.46,
      "ask_depth_50": 303730.74,
      "bid_depth_100": 249918.46,
      "ask_depth_100": 303730.74,
      "bid_depth_500": 249918.46,
      "ask_depth_500": 303730.74,
      "imbalance": -0.0972,
      "score": 100
    },
    "DOT": {
      "tradeable": false,
      "spread_pct": 0.052826,
      "bid_depth_50": 104117.22,
      "ask_depth_50": 118881.71,
      "bid_depth_100": 104117.22,
      "ask_depth_100": 118881.71,
      "bid_depth_500": 104117.22,
      "ask_depth_500": 118881.71,
      "imbalance": -0.0662,
      "score": 57.5
    },
    "ENA": {
      "tradeable": true,
      "spread_pct": 0.04908,
      "bid_depth_50": 228316.47,
      "ask_depth_50": 277651.73,
      "bid_depth_100": 228316.47,
      "ask_depth_100": 277651.73,
      "bid_depth_500": 228316.47,
      "ask_depth_500": 277651.73,
      "imbalance": -0.0975,
      "score": 60.9
    },
    "ETH": {
      "tradeable": true,
      "spread_pct": 0.004707,
      "bid_depth_50": 9874957.93,
      "ask_depth_50": 9522010.94,
      "bid_depth_100": 9874957.93,
      "ask_depth_100": 9522010.94,
      "bid_depth_500": 9874957.93,
      "ask_depth_500": 9522010.94,
      "imbalance": 0.0182,
      "score": 100
    },
    "FARTCOIN": {
      "tradeable": true,
      "spread_pct": 0.005145,
      "bid_depth_50": 69621.29,
      "ask_depth_50": 32993.9,
      "bid_depth_100": 69621.29,
      "ask_depth_100": 32993.9,
      "bid_depth_500": 69621.29,
      "ask_depth_500": 32993.9,
      "imbalance": 0.3569,
      "score": 82.3
    },
    "HYPE": {
      "tradeable": true,
      "spread_pct": 0.0025,
      "bid_depth_50": 211512.63,
      "ask_depth_50": 104764.05,
      "bid_depth_100": 211512.63,
      "ask_depth_100": 104764.05,
      "bid_depth_500": 211512.63,
      "ask_depth_500": 104764.05,
      "imbalance": 0.3375,
      "score": 91.8
    },
    "INJ": {
      "tradeable": true,
      "spread_pct": 0.040198,
      "bid_depth_50": 58913.85,
      "ask_depth_50": 29477.33,
      "bid_depth_100": 58913.85,
      "ask_depth_100": 29477.33,
      "bid_depth_500": 58913.85,
      "ask_depth_500": 29477.33,
      "imbalance": 0.333,
      "score": 51.5
    },
    "JUP": {
      "tradeable": true,
      "spread_pct": 0.037793,
      "bid_depth_50": 36417.2,
      "ask_depth_50": 59510.49,
      "bid_depth_100": 36417.2,
      "ask_depth_100": 59510.49,
      "bid_depth_500": 36417.2,
      "ask_depth_500": 59510.49,
      "imbalance": -0.2407,
      "score": 54.2
    },
    "LDO": {
      "tradeable": true,
      "spread_pct": 0.01697,
      "bid_depth_50": 39402.29,
      "ask_depth_50": 60065.47,
      "bid_depth_100": 39402.29,
      "ask_depth_100": 60065.47,
      "bid_depth_500": 39402.29,
      "ask_depth_500": 60065.47,
      "imbalance": -0.2077,
      "score": 75.2
    },
    "LINK": {
      "tradeable": true,
      "spread_pct": 0.007787,
      "bid_depth_50": 124314.06,
      "ask_depth_50": 70306.84,
      "bid_depth_100": 124314.06,
      "ask_depth_100": 70306.84,
      "bid_depth_500": 124314.06,
      "ask_depth_500": 70306.84,
      "imbalance": 0.2775,
      "score": 86.4
    },
    "LTC": {
      "tradeable": true,
      "spread_pct": 0.001809,
      "bid_depth_50": 126862.87,
      "ask_depth_50": 162519.26,
      "bid_depth_100": 126862.87,
      "ask_depth_100": 162519.26,
      "bid_depth_500": 126862.87,
      "ask_depth_500": 162519.26,
      "imbalance": -0.1232,
      "score": 90.6
    },
    "NEAR": {
      "tradeable": true,
      "spread_pct": 0.014991,
      "bid_depth_50": 145114.37,
      "ask_depth_50": 136493.03,
      "bid_depth_100": 145114.37,
      "ask_depth_100": 136493.03,
      "bid_depth_500": 145114.37,
      "ask_depth_500": 136493.03,
      "imbalance": 0.0306,
      "score": 85.3
    },
    "ONDO": {
      "tradeable": true,
      "spread_pct": 0.035364,
      "bid_depth_50": 48523.75,
      "ask_depth_50": 85869.34,
      "bid_depth_100": 48523.75,
      "ask_depth_100": 85869.34,
      "bid_depth_500": 48523.75,
      "ask_depth_500": 85869.34,
      "imbalance": -0.2779,
      "score": 58.4
    },
    "OP": {
      "tradeable": true,
      "spread_pct": 0.033239,
      "bid_depth_50": 53454.21,
      "ask_depth_50": 183675.53,
      "bid_depth_100": 60922.86,
      "ask_depth_100": 183675.53,
      "bid_depth_500": 60922.86,
      "ask_depth_500": 183675.53,
      "imbalance": -0.5492,
      "score": 65.4
    },
    "PAXG": {
      "tradeable": true,
      "spread_pct": 0.002161,
      "bid_depth_50": 583692.48,
      "ask_depth_50": 263350.64,
      "bid_depth_100": 583692.48,
      "ask_depth_100": 263350.64,
      "bid_depth_500": 583692.48,
      "ask_depth_500": 263350.64,
      "imbalance": 0.3782,
      "score": 100
    },
    "PUMP": {
      "tradeable": false,
      "spread_pct": 0.107701,
      "bid_depth_50": 455138.61,
      "ask_depth_50": 324599.23,
      "bid_depth_100": 745749.79,