{
  "timestamp": "2026-03-18T13:35:26.393590+00:00",
  "coins": {
    "AAVE": {
      "tradeable": true,
      "spread_pct": 0.017297,
      "bid_depth_50": 128786.41,
      "ask_depth_50": 114544.12,
      "bid_depth_100": 128786.41,
      "ask_depth_100": 114544.12,
      "bid_depth_500": 128786.41,
      "ask_depth_500": 114544.12,
      "imbalance": 0.0585,
      "score": 81.3
    },
    "ADA": {
      "tradeable": true,
      "spread_pct": 0.021668,
      "bid_depth_50": 100534.9,
      "ask_depth_50": 58835.15,
      "bid_depth_100": 100534.9,
      "ask_depth_100": 58835.15,
      "bid_depth_500": 100534.9,
      "ask_depth_500": 58835.15,
      "imbalance": 0.2617,
      "score": 73.2
    },
    "APT": {
      "tradeable": false,
      "spread_pct": 0.051464,
      "bid_depth_50": 78553.51,
      "ask_depth_50": 44531.16,
      "bid_depth_100": 78553.51,
      "ask_depth_100": 44531.16,
      "bid_depth_500": 78553.51,
      "ask_depth_500": 44531.16,
      "imbalance": 0.2764,
      "score": 53.2
    },
    "ARB": {
      "tradeable": true,
      "spread_pct": 0.048349,
      "bid_depth_50": 229000.99,
      "ask_depth_50": 136304.86,
      "bid_depth_100": 229000.99,
      "ask_depth_100": 136304.86,
      "bid_depth_500": 229000.99,
      "ask_depth_500": 136304.86,
      "imbalance": 0.2537,
      "score": 55.7
    },
    "AVAX": {
      "tradeable": true,
      "spread_pct": 0.024473,
      "bid_depth_50": 167257.36,
      "ask_depth_50": 114366.95,
      "bid_depth_100": 167257.36,
      "ask_depth_100": 114366.95,
      "bid_depth_500": 167257.36,
      "ask_depth_500": 114366.95,
      "imbalance": 0.1878,
      "score": 75.8
    },
    "BCH": {
      "tradeable": true,
      "spread_pct": 0.00658,
      "bid_depth_50": 137705.51,
      "ask_depth_50": 80366.78,
      "bid_depth_100": 137705.51,
      "ask_depth_100": 80366.78,
      "bid_depth_500": 137705.51,
      "ask_depth_500": 80366.78,
      "imbalance": 0.2629,
      "score": 87.5
    },
    "BNB": {
      "tradeable": true,
      "spread_pct": 0.018241,
      "bid_depth_50": 175390.57,
      "ask_depth_50": 112392.79,
      "bid_depth_100": 175390.57,
      "ask_depth_100": 112392.79,
      "bid_depth_500": 175390.57,
      "ask_depth_500": 112392.79,
      "imbalance": 0.2189,
      "score": 82.3
    },
    "BTC": {
      "tradeable": true,
      "spread_pct": 0.001382,
      "bid_depth_50": 15061232.63,
      "ask_depth_50": 1575800.83,
      "bid_depth_100": 15061232.63,
      "ask_depth_100": 1575800.83,
      "bid_depth_500": 15061232.63,
      "ask_depth_500": 1575800.83,
      "imbalance": 0.8106,
      "score": 100
    },
    "CRV": {
      "tradeable": false,
      "spread_pct": 0.098023,
      "bid_depth_50": 116498.19,
      "ask_depth_50": 36099.74,
      "bid_depth_100": 116498.19,
      "ask_depth_100": 36099.74,
      "bid_depth_500": 116498.19,
      "ask_depth_500": 36099.74,
      "imbalance": 0.5269,
      "score": 51.4
    },
    "DOGE": {
      "tradeable": true,
      "spread_pct": 0.040608,
      "bid_depth_50": 198520.01,
      "ask_depth_50": 355455.86,
      "bid_depth_100": 198520.01,
      "ask_depth_100": 355455.86,
      "bid_depth_500": 198520.01,
      "ask_depth_500": 355455.86,
      "imbalance": -0.2833,
      "score": 69.4
    },
    "DOT": {
      "tradeable": false,
      "spread_pct": 0.050318,
      "bid_depth_50": 70364.52,
      "ask_depth_50": 48488.32,
      "bid_depth_100": 70364.52,
      "ask_depth_100": 48488.32,
      "bid_depth_500": 70364.52,
      "ask_depth_500": 48488.32,
      "imbalance": 0.1841,
      "score": 53.0
    },
    "ENA": {
      "tradeable": false,
      "spread_pct": 0.063443,
      "bid_depth_50": 185645.03,
      "ask_depth_50": 212698.87,
      "bid_depth_100": 185645.03,
      "ask_depth_100": 212698.87,
      "bid_depth_500": 185645.03,
      "ask_depth_500": 212698.87,
      "imbalance": -0.0679,
      "score": 64.6
    },
    "ETH": {
      "tradeable": true,
      "spread_pct": 0.004464,
      "bid_depth_50": 7712317.27,
      "ask_depth_50": 8645676.48,
      "bid_depth_100": 7712317.27,
      "ask_depth_100": 8645676.48,
      "bid_depth_500": 7712317.27,
      "ask_depth_500": 8645676.48,
      "imbalance": -0.0571,
      "score": 100
    },
    "FARTCOIN": {
      "tradeable": true,
      "spread_pct": 0.010095,
      "bid_depth_50": 29633.59,
      "ask_depth_50": 76343.15,
      "bid_depth_100": 29633.59,
      "ask_depth_100": 76343.15,
      "bid_depth_500": 29633.59,
      "ask_depth_500": 76343.15,
      "imbalance": -0.4408,
      "score": 82.4
    },
    "HYPE": {
      "tradeable": false,
      "spread_pct": 0.154085,
      "bid_depth_50": 236319.66,
      "ask_depth_50": 69486.74,
      "bid_depth_100": 236319.66,
      "ask_depth_100": 69486.74,
      "bid_depth_500": 236319.66,
      "ask_depth_500": 69486.74,
      "imbalance": 0.5456,
      "score": 54.4
    },
    "INJ": {
      "tradeable": true,
      "spread_pct": 0.035302,
      "bid_depth_50": 30766.38,
      "ask_depth_50": 34484.36,
      "bid_depth_100": 30766.38,
      "ask_depth_100": 40585.3,
      "bid_depth_500": 30766.38,
      "ask_depth_500": 40585.3,
      "imbalance": -0.057,
      "score": 55.6
    },
    "JUP": {
      "tradeable": false,
      "spread_pct": 0.115344,
      "bid_depth_50": 50637.77,
      "ask_depth_50": 39916.15,
      "bid_depth_100": 50637.77,
      "ask_depth_100": 39916.15,
      "bid_depth_500": 50637.77,
      "ask_depth_500": 39916.15,
      "imbalance": 0.1184,
      "score": 47.4
    },
    "LDO": {
      "tradeable": true,
      "spread_pct": 0.032123,
      "bid_depth_50": 49908.61,
      "ask_depth_50": 47160.36,
      "bid_depth_100": 49908.61,
      "ask_depth_100": 47160.36,
      "bid_depth_500": 49908.61,
      "ask_depth_500": 47160.36,
      "imbalance": 0.0283,
      "score": 60.0
    },
    "LINK": {
      "tradeable": true,
      "spread_pct": 0.042544,
      "bid_depth_50": 138971.31,
      "ask_depth_50": 85978.41,
      "bid_depth_100": 138971.31,
      "ask_depth_100": 85978.41,
      "bid_depth_500": 138971.31,
      "ask_depth_500": 85978.41,
      "imbalance": 0.2356,
      "score": 55.2
    },
    "LTC": {
      "tradeable": true,
      "spread_pct": 0.039097,
      "bid_depth_50": 113816.32,
      "ask_depth_50": 121318.56,
      "bid_depth_100": 113816.32,
      "ask_depth_100": 121318.56,
      "bid_depth_500": 113816.32,
      "ask_depth_500": 121318.56,
      "imbalance": -0.0319,
      "score": 59.1
    },
    "NEAR": {
      "tradeable": true,
      "spread_pct": 0.028235,
      "bid_depth_50": 203567.16,
      "ask_depth_50": 39042.86,
      "bid_depth_100": 203567.16,
      "ask_depth_100": 39042.86,
      "bid_depth_500": 203567.16,
      "ask_depth_500": 39042.86,
      "imbalance": 0.6781,
      "score": 70.3
    },
    "ONDO": {
      "tradeable": false,
      "spread_pct": 0.070434,
      "bid_depth_50": 62151.32,
      "ask_depth_50": 88605.47,
      "bid_depth_100": 62151.32,
      "ask_depth_100": 88605.47,
      "bid_depth_500": 62151.32,
      "ask_depth_500": 88605.47,
      "imbalance": -0.1755,
      "score": 53.1
    },
    "OP": {
      "tradeable": false,
      "spread_pct": 0.092159,
      "bid_depth_50": 33594.1,
      "ask_depth_50": 84647.1,
      "bid_depth_100": 118540.33,
      "ask_depth_100": 84647.1,
      "bid_depth_500": 118551.34,
      "ask_depth_500": 84647.1,
      "imbalance": -0.4318,
      "score": 54.0
    },
    "PAXG": {
      "tradeable": true,
      "spread_pct": 0.024722,
      "bid_depth_50": 420660.96,
      "ask_depth_50": 548351.73,
      "bid_depth_100": 420660.96,
      "ask_depth_100": 548351.73,
      "bid_depth_500": 420660.96,
      "ask_depth_500": 548351.73,
      "imbalance": -0.1318,
      "score": 85.3
    },
    "PUMP": {
      "tradeable": false,
      "spread_pct": 0.050416,
      "bid_depth_50": 332853.78,
      "ask_depth_50": 249766.67,
      "bid_depth_100": 762152.04,