{
  "timestamp": "2026-03-19T14:51:24.994130+00:00",
  "coins": {
    "AAVE": {
      "tradeable": true,
      "spread_pct": 0.017915,
      "bid_depth_50": 269258.1,
      "ask_depth_50": 242125.86,
      "bid_depth_100": 269258.1,
      "ask_depth_100": 242125.86,
      "bid_depth_500": 269258.1,
      "ask_depth_500": 242125.86,
      "imbalance": 0.0531,
      "score": 92.1
    },
    "ADA": {
      "tradeable": true,
      "spread_pct": 0.041434,
      "bid_depth_50": 123411.91,
      "ask_depth_50": 86948.46,
      "bid_depth_100": 123411.91,
      "ask_depth_100": 86948.46,
      "bid_depth_500": 123411.91,
      "ask_depth_500": 86948.46,
      "imbalance": 0.1733,
      "score": 55.7
    },
    "APT": {
      "tradeable": false,
      "spread_pct": 0.053582,
      "bid_depth_50": 164366.43,
      "ask_depth_50": 157238.42,
      "bid_depth_100": 164366.43,
      "ask_depth_100": 157238.42,
      "bid_depth_500": 164366.43,
      "ask_depth_500": 157238.42,
      "imbalance": 0.0222,
      "score": 61.8
    },
    "ARB": {
      "tradeable": true,
      "spread_pct": 0.020261,
      "bid_depth_50": 223498.17,
      "ask_depth_50": 278212.82,
      "bid_depth_100": 223498.17,
      "ask_depth_100": 278212.82,
      "bid_depth_500": 223498.17,
      "ask_depth_500": 278212.82,
      "imbalance": -0.1091,
      "score": 89.7
    },
    "AVAX": {
      "tradeable": true,
      "spread_pct": 0.010618,
      "bid_depth_50": 88817.59,
      "ask_depth_50": 69683.34,
      "bid_depth_100": 88817.59,
      "ask_depth_100": 69683.34,
      "bid_depth_500": 88817.59,
      "ask_depth_500": 69683.34,
      "imbalance": 0.1207,
      "score": 84.2
    },
    "BCH": {
      "tradeable": true,
      "spread_pct": 0.019675,
      "bid_depth_50": 99039.6,
      "ask_depth_50": 102347.91,
      "bid_depth_100": 99039.6,
      "ask_depth_100": 102347.91,
      "bid_depth_500": 99039.6,
      "ask_depth_500": 102347.91,
      "imbalance": -0.0164,
      "score": 77.1
    },
    "BNB": {
      "tradeable": true,
      "spread_pct": 0.004707,
      "bid_depth_50": 140848.63,
      "ask_depth_50": 87047.21,
      "bid_depth_100": 140848.63,
      "ask_depth_100": 87047.21,
      "bid_depth_500": 140848.63,
      "ask_depth_500": 87047.21,
      "imbalance": 0.2361,
      "score": 87.9
    },
    "BTC": {
      "tradeable": true,
      "spread_pct": 0.020181,
      "bid_depth_50": 21174126.1,
      "ask_depth_50": 4043820.98,
      "bid_depth_100": 21174126.1,
      "ask_depth_100": 4043820.98,
      "bid_depth_500": 21174126.1,
      "ask_depth_500": 4043820.98,
      "imbalance": 0.6793,
      "score": 89.8
    },
    "CRV": {
      "tradeable": false,
      "spread_pct": 0.064498,
      "bid_depth_50": 109191.74,
      "ask_depth_50": 90688.29,
      "bid_depth_100": 109191.74,
      "ask_depth_100": 90688.29,
      "bid_depth_500": 109191.74,
      "ask_depth_500": 90688.29,
      "imbalance": 0.0926,
      "score": 55.7
    },
    "DOGE": {
      "tradeable": true,
      "spread_pct": 0.005373,
      "bid_depth_50": 230152.64,
      "ask_depth_50": 294147.41,
      "bid_depth_100": 230152.64,
      "ask_depth_100": 294147.41,
      "bid_depth_500": 230152.64,
      "ask_depth_500": 294147.41,
      "imbalance": -0.1221,
      "score": 100
    },
    "DOT": {
      "tradeable": true,
      "spread_pct": 0.03973,
      "bid_depth_50": 76912.6,
      "ask_depth_50": 234273.07,
      "bid_depth_100": 76912.6,
      "ask_depth_100": 234273.07,
      "bid_depth_500": 76912.6,
      "ask_depth_500": 234273.07,
      "imbalance": -0.5057,
      "score": 61.9
    },
    "ENA": {
      "tradeable": true,
      "spread_pct": 0.039386,
      "bid_depth_50": 184461.72,
      "ask_depth_50": 292264.22,
      "bid_depth_100": 184461.72,
      "ask_depth_100": 292264.22,
      "bid_depth_500": 184461.72,
      "ask_depth_500": 292264.22,
      "imbalance": -0.2261,
      "score": 69.6
    },
    "ETH": {
      "tradeable": true,
      "spread_pct": 0.00472,
      "bid_depth_50": 6253512.26,
      "ask_depth_50": 7692877.54,
      "bid_depth_100": 6253512.26,
      "ask_depth_100": 7692877.54,
      "bid_depth_500": 6253512.26,
      "ask_depth_500": 7692877.54,
      "imbalance": -0.1032,
      "score": 100
    },
    "FARTCOIN": {
      "tradeable": true,
      "spread_pct": 0.010508,
      "bid_depth_50": 69840.59,
      "ask_depth_50": 94116.66,
      "bid_depth_100": 69840.59,
      "ask_depth_100": 94116.66,
      "bid_depth_500": 69840.59,
      "ask_depth_500": 94116.66,
      "imbalance": -0.1481,
      "score": 84.6
    },
    "HYPE": {
      "tradeable": true,
      "spread_pct": 0.010166,
      "bid_depth_50": 101538.97,
      "ask_depth_50": 151595.49,
      "bid_depth_100": 101538.97,
      "ask_depth_100": 151595.49,
      "bid_depth_500": 101538.97,
      "ask_depth_500": 151595.49,
      "imbalance": -0.1977,
      "score": 88.9
    },
    "INJ": {
      "tradeable": false,
      "spread_pct": 0.067426,
      "bid_depth_50": 30891.03,
      "ask_depth_50": 151543.37,
      "bid_depth_100": 30891.03,
      "ask_depth_100": 159192.5,
      "bid_depth_500": 30891.03,
      "ask_depth_500": 159192.5,
      "imbalance": -0.6613,
      "score": 55.1
    },
    "JUP": {
      "tradeable": false,
      "spread_pct": 0.050213,
      "bid_depth_50": 38022.58,
      "ask_depth_50": 50922.92,
      "bid_depth_100": 38022.58,
      "ask_depth_100": 50922.92,
      "bid_depth_500": 38022.58,
      "ask_depth_500": 50922.92,
      "imbalance": -0.145,
      "score": 51.7
    },
    "LDO": {
      "tradeable": true,
      "spread_pct": 0.040743,
      "bid_depth_50": 41154.92,
      "ask_depth_50": 64442.72,
      "bid_depth_100": 41154.92,
      "ask_depth_100": 64442.72,
      "bid_depth_500": 41154.92,
      "ask_depth_500": 64442.72,
      "imbalance": -0.2205,
      "score": 51.7
    },
    "LINK": {
      "tradeable": true,
      "spread_pct": 0.024621,
      "bid_depth_50": 176093.83,
      "ask_depth_50": 65702.9,
      "bid_depth_100": 176093.83,
      "ask_depth_100": 65702.9,
      "bid_depth_500": 176093.83,
      "ask_depth_500": 65702.9,
      "imbalance": 0.4565,
      "score": 73.9
    },
    "LTC": {
      "tradeable": true,
      "spread_pct": 0.00363,
      "bid_depth_50": 137932.36,
      "ask_depth_50": 131154.38,
      "bid_depth_100": 137932.36,
      "ask_depth_100": 131154.38,
      "bid_depth_500": 137932.36,
      "ask_depth_500": 131154.38,
      "imbalance": 0.0252,
      "score": 89.7
    },
    "NEAR": {
      "tradeable": true,
      "spread_pct": 0.014971,
      "bid_depth_50": 88200.24,
      "ask_depth_50": 132779.57,
      "bid_depth_100": 88200.24,
      "ask_depth_100": 132779.57,
      "bid_depth_500": 88200.24,
      "ask_depth_500": 132779.57,
      "imbalance": -0.2017,
      "score": 82.6
    },
    "ONDO": {
      "tradeable": true,
      "spread_pct": 0.031128,
      "bid_depth_50": 42359.26,
      "ask_depth_50": 58893.89,
      "bid_depth_100": 42359.26,
      "ask_depth_100": 58893.89,
      "bid_depth_500": 42359.26,
      "ask_depth_500": 58893.89,
      "imbalance": -0.1633,
      "score": 61.1
    },
    "OP": {
      "tradeable": true,
      "spread_pct": 0.041661,
      "bid_depth_50": 65467.62,
      "ask_depth_50": 95098.31,
      "bid_depth_100": 65467.62,
      "ask_depth_100": 160668.04,
      "bid_depth_500": 65467.62,
      "ask_depth_500": 160668.04,
      "imbalance": -0.1845,
      "score": 56.2
    },
    "PAXG": {
      "tradeable": true,
      "spread_pct": 0.025953,
      "bid_depth_50": 452682.67,
      "ask_depth_50": 327810.35,
      "bid_depth_100": 452682.67,
      "ask_depth_100": 327810.35,
      "bid_depth_500": 452682.67,
      "ask_depth_500": 327810.35,
      "imbalance": 0.16,
      "score": 84.0
    },
    "PUMP": {
      "tradeable": false,
      "spread_pct": 0.05466,
      "bid_depth_50": 396373.18,
      "ask_depth_50": 396530.51,
      "bid_depth_100": 732685.92,