{
  "timestamp": "2026-03-19T06:19:29.264449+00:00",
  "coins": {
    "AAVE": {
      "tradeable": true,
      "spread_pct": 0.02593,
      "bid_depth_50": 298799.73,
      "ask_depth_50": 244491.44,
      "bid_depth_100": 298799.73,
      "ask_depth_100": 244491.44,
      "bid_depth_500": 298799.73,
      "ask_depth_500": 244491.44,
      "imbalance": 0.1,
      "score": 84.1
    },
    "ADA": {
      "tradeable": true,
      "spread_pct": 0.003682,
      "bid_depth_50": 80533.02,
      "ask_depth_50": 96398.73,
      "bid_depth_100": 80533.02,
      "ask_depth_100": 96398.73,
      "bid_depth_500": 80533.02,
      "ask_depth_500": 96398.73,
      "imbalance": -0.0897,
      "score": 85.6
    },
    "APT": {
      "tradeable": true,
      "spread_pct": 0.020452,
      "bid_depth_50": 91578.82,
      "ask_depth_50": 67846.69,
      "bid_depth_100": 91578.82,
      "ask_depth_100": 67846.69,
      "bid_depth_500": 91578.82,
      "ask_depth_500": 67846.69,
      "imbalance": 0.1489,
      "score": 74.4
    },
    "ARB": {
      "tradeable": true,
      "spread_pct": 0.009823,
      "bid_depth_50": 247313.15,
      "ask_depth_50": 171145.95,
      "bid_depth_100": 247313.15,
      "ask_depth_100": 171145.95,
      "bid_depth_500": 247313.15,
      "ask_depth_500": 171145.95,
      "imbalance": 0.182,
      "score": 96.4
    },
    "AVAX": {
      "tradeable": true,
      "spread_pct": 0.021854,
      "bid_depth_50": 130054.26,
      "ask_depth_50": 162063.58,
      "bid_depth_100": 130054.26,
      "ask_depth_100": 162063.58,
      "bid_depth_500": 130054.26,
      "ask_depth_500": 162063.58,
      "imbalance": -0.1096,
      "score": 78.9
    },
    "BCH": {
      "tradeable": true,
      "spread_pct": 0.006556,
      "bid_depth_50": 118459.47,
      "ask_depth_50": 72019.38,
      "bid_depth_100": 118459.47,
      "ask_depth_100": 72019.38,
      "bid_depth_500": 118459.47,
      "ask_depth_500": 72019.38,
      "imbalance": 0.2438,
      "score": 86.2
    },
    "BNB": {
      "tradeable": true,
      "spread_pct": 0.007693,
      "bid_depth_50": 125158.48,
      "ask_depth_50": 87550.91,
      "bid_depth_100": 125158.48,
      "ask_depth_100": 87550.91,
      "bid_depth_500": 125158.48,
      "ask_depth_500": 87550.91,
      "imbalance": 0.1768,
      "score": 87.2
    },
    "BTC": {
      "tradeable": true,
      "spread_pct": 0.001411,
      "bid_depth_50": 2292328.49,
      "ask_depth_50": 3910385.91,
      "bid_depth_100": 2292328.49,
      "ask_depth_100": 3910385.91,
      "bid_depth_500": 2292328.49,
      "ask_depth_500": 3910385.91,
      "imbalance": -0.2609,
      "score": 100
    },
    "CRV": {
      "tradeable": true,
      "spread_pct": 0.045678,
      "bid_depth_50": 106521.01,
      "ask_depth_50": 97691.01,
      "bid_depth_100": 106521.01,
      "ask_depth_100": 97691.01,
      "bid_depth_500": 106521.01,
      "ask_depth_500": 97691.01,
      "imbalance": 0.0432,
      "score": 51.2
    },
    "DOGE": {
      "tradeable": true,
      "spread_pct": 0.001056,
      "bid_depth_50": 165542.55,
      "ask_depth_50": 311167.58,
      "bid_depth_100": 165542.55,
      "ask_depth_100": 311167.58,
      "bid_depth_500": 165542.55,
      "ask_depth_500": 311167.58,
      "imbalance": -0.3055,
      "score": 99.0
    },
    "DOT": {
      "tradeable": true,
      "spread_pct": 0.038775,
      "bid_depth_50": 116950.13,
      "ask_depth_50": 158961.16,
      "bid_depth_100": 116950.13,
      "ask_depth_100": 158961.16,
      "bid_depth_500": 116950.13,
      "ask_depth_500": 158961.16,
      "imbalance": -0.1523,
      "score": 61.3
    },
    "ENA": {
      "tradeable": true,
      "spread_pct": 0.018877,
      "bid_depth_50": 248356.43,
      "ask_depth_50": 267382.14,
      "bid_depth_100": 248356.43,
      "ask_depth_100": 267382.14,
      "bid_depth_500": 248356.43,
      "ask_depth_500": 267382.14,
      "imbalance": -0.0369,
      "score": 91.1
    },
    "ETH": {
      "tradeable": true,
      "spread_pct": 0.018247,
      "bid_depth_50": 6829388.53,
      "ask_depth_50": 8529820.85,
      "bid_depth_100": 6829388.53,
      "ask_depth_100": 8529820.85,
      "bid_depth_500": 6829388.53,
      "ask_depth_500": 8529820.85,
      "imbalance": -0.1107,
      "score": 91.8
    },
    "FARTCOIN": {
      "tradeable": true,
      "spread_pct": 0.005127,
      "bid_depth_50": 45201.74,
      "ask_depth_50": 59359.42,
      "bid_depth_100": 45201.74,
      "ask_depth_100": 59359.42,
      "bid_depth_500": 45201.74,
      "ask_depth_500": 59359.42,
      "imbalance": -0.1354,
      "score": 82.4
    },
    "HYPE": {
      "tradeable": true,
      "spread_pct": 0.002408,
      "bid_depth_50": 131537.1,
      "ask_depth_50": 165916.09,
      "bid_depth_100": 131537.1,
      "ask_depth_100": 165916.09,
      "bid_depth_500": 131537.1,
      "ask_depth_500": 165916.09,
      "imbalance": -0.1156,
      "score": 91.0
    },
    "INJ": {
      "tradeable": true,
      "spread_pct": 0.006612,
      "bid_depth_50": 38057.72,
      "ask_depth_50": 42749.14,
      "bid_depth_100": 38057.72,
      "ask_depth_100": 56688.92,
      "bid_depth_500": 38057.72,
      "ask_depth_500": 56688.92,
      "imbalance": -0.0581,
      "score": 82.0
    },
    "JUP": {
      "tradeable": false,
      "spread_pct": 0.061633,
      "bid_depth_50": 60762.01,
      "ask_depth_50": 52008.26,
      "bid_depth_100": 60762.01,
      "ask_depth_100": 52008.26,
      "bid_depth_500": 60762.01,
      "ask_depth_500": 52008.26,
      "imbalance": 0.0776,
      "score": 52.0
    },
    "LDO": {
      "tradeable": true,
      "spread_pct": 0.006621,
      "bid_depth_50": 40493.14,
      "ask_depth_50": 62975.01,
      "bid_depth_100": 40493.14,
      "ask_depth_100": 62975.01,
      "bid_depth_500": 40493.14,
      "ask_depth_500": 62975.01,
      "imbalance": -0.2173,
      "score": 82.4
    },
    "LINK": {
      "tradeable": true,
      "spread_pct": 0.016325,
      "bid_depth_50": 160242.11,
      "ask_depth_50": 128814.35,
      "bid_depth_100": 160242.11,
      "ask_depth_100": 128814.35,
      "bid_depth_500": 160242.11,
      "ask_depth_500": 128814.35,
      "imbalance": 0.1087,
      "score": 84.3
    },
    "LTC": {
      "tradeable": true,
      "spread_pct": 0.0018,
      "bid_depth_50": 117040.57,
      "ask_depth_50": 136768.84,
      "bid_depth_100": 117040.57,
      "ask_depth_100": 136768.84,
      "bid_depth_500": 117040.57,
      "ask_depth_500": 136768.84,
      "imbalance": -0.0777,
      "score": 89.1
    },
    "NEAR": {
      "tradeable": true,
      "spread_pct": 0.014579,
      "bid_depth_50": 117491.59,
      "ask_depth_50": 125668.89,
      "bid_depth_100": 117491.59,
      "ask_depth_100": 125668.89,
      "bid_depth_500": 117491.59,
      "ask_depth_500": 125668.89,
      "imbalance": -0.0336,
      "score": 84.0
    },
    "ONDO": {
      "tradeable": true,
      "spread_pct": 0.045422,
      "bid_depth_50": 76783.59,
      "ask_depth_50": 57082.7,
      "bid_depth_100": 76783.59,
      "ask_depth_100": 57082.7,
      "bid_depth_500": 76783.59,
      "ask_depth_500": 57082.7,
      "imbalance": 0.1472,
      "score": 48.3
    },
    "OP": {
      "tradeable": true,
      "spread_pct": 0.048371,
      "bid_depth_50": 54579.68,
      "ask_depth_50": 92992.25,
      "bid_depth_100": 54579.68,
      "ask_depth_100": 179919.12,
      "bid_depth_500": 54579.68,
      "ask_depth_500": 179919.12,
      "imbalance": -0.2603,
      "score": 49.8
    },
    "PAXG": {
      "tradeable": true,
      "spread_pct": 0.004154,
      "bid_depth_50": 464311.48,
      "ask_depth_50": 592434.03,
      "bid_depth_100": 464311.48,
      "ask_depth_100": 592434.03,
      "bid_depth_500": 464311.48,
      "ask_depth_500": 592434.03,
      "imbalance": -0.1212,
      "score": 100
    },
    "PUMP": {
      "tradeable": false,
      "spread_pct": 0.103573,
      "bid_depth_50": 423421.32,
      "ask_depth_50": 296444.15,
      "bid_depth_100": 773249.09,