{
  "timestamp": "2026-03-21T05:23:49.642177+00:00",
  "coins": {
    "AAVE": {
      "tradeable": true,
      "spread_pct": 0.017904,
      "bid_depth_50": 213192.51,
      "ask_depth_50": 202217.59,
      "bid_depth_100": 213192.51,
      "ask_depth_100": 202217.59,
      "bid_depth_500": 213192.51,
      "ask_depth_500": 202217.59,
      "imbalance": 0.0264,
      "score": 88.3
    },
    "ADA": {
      "tradeable": true,
      "spread_pct": 0.033763,
      "bid_depth_50": 102048.79,
      "ask_depth_50": 127655.65,
      "bid_depth_100": 102048.79,
      "ask_depth_100": 127655.65,
      "bid_depth_500": 102048.79,
      "ask_depth_500": 127655.65,
      "imbalance": -0.1115,
      "score": 64.2
    },
    "APT": {
      "tradeable": true,
      "spread_pct": 0.030298,
      "bid_depth_50": 65194.29,
      "ask_depth_50": 114061.48,
      "bid_depth_100": 65194.29,
      "ask_depth_100": 114061.48,
      "bid_depth_500": 65194.29,
      "ask_depth_500": 114061.48,
      "imbalance": -0.2726,
      "score": 65.4
    },
    "ARB": {
      "tradeable": true,
      "spread_pct": 0.010005,
      "bid_depth_50": 226409.04,
      "ask_depth_50": 154733.26,
      "bid_depth_100": 226409.04,
      "ask_depth_100": 154733.26,
      "bid_depth_500": 226409.04,
      "ask_depth_500": 154733.26,
      "imbalance": 0.1881,
      "score": 94.7
    },
    "AVAX": {
      "tradeable": true,
      "spread_pct": 0.014599,
      "bid_depth_50": 71859.1,
      "ask_depth_50": 86663.19,
      "bid_depth_100": 71859.1,
      "ask_depth_100": 86663.19,
      "bid_depth_500": 71859.1,
      "ask_depth_500": 86663.19,
      "imbalance": -0.0934,
      "score": 80.2
    },
    "BCH": {
      "tradeable": true,
      "spread_pct": 0.016973,
      "bid_depth_50": 77102.01,
      "ask_depth_50": 67410.16,
      "bid_depth_100": 77102.01,
      "ask_depth_100": 67410.16,
      "bid_depth_500": 77102.01,
      "ask_depth_500": 67410.16,
      "imbalance": 0.0671,
      "score": 77.2
    },
    "BNB": {
      "tradeable": true,
      "spread_pct": 0.009337,
      "bid_depth_50": 100559.77,
      "ask_depth_50": 68892.16,
      "bid_depth_100": 100559.77,
      "ask_depth_100": 68892.16,
      "bid_depth_500": 100559.77,
      "ask_depth_500": 68892.16,
      "imbalance": 0.1869,
      "score": 85.3
    },
    "BTC": {
      "tradeable": true,
      "spread_pct": 0.001414,
      "bid_depth_50": 1914581.67,
      "ask_depth_50": 5714350.99,
      "bid_depth_100": 1914581.67,
      "ask_depth_100": 5714350.99,
      "bid_depth_500": 1914581.67,
      "ask_depth_500": 5714350.99,
      "imbalance": -0.4981,
      "score": 100
    },
    "CRV": {
      "tradeable": true,
      "spread_pct": 0.04677,
      "bid_depth_50": 94597.2,
      "ask_depth_50": 83621.9,
      "bid_depth_100": 94597.2,
      "ask_depth_100": 83621.9,
      "bid_depth_500": 94597.2,
      "ask_depth_500": 83621.9,
      "imbalance": 0.0616,
      "score": 48.9
    },
    "DOGE": {
      "tradeable": true,
      "spread_pct": 0.001055,
      "bid_depth_50": 204414.08,
      "ask_depth_50": 103545.79,
      "bid_depth_100": 204414.08,
      "ask_depth_100": 103545.79,
      "bid_depth_500": 204414.08,
      "ask_depth_500": 103545.79,
      "imbalance": 0.3275,
      "score": 91.5
    },
    "DOT": {
      "tradeable": true,
      "spread_pct": 0.033151,
      "bid_depth_50": 95574.98,
      "ask_depth_50": 151739.53,
      "bid_depth_100": 95574.98,
      "ask_depth_100": 151739.53,
      "bid_depth_500": 95574.98,
      "ask_depth_500": 151739.53,
      "imbalance": -0.2271,
      "score": 65.6
    },
    "ENA": {
      "tradeable": true,
      "spread_pct": 0.048792,
      "bid_depth_50": 229389.52,
      "ask_depth_50": 275585.7,
      "bid_depth_100": 229389.52,
      "ask_depth_100": 275585.7,
      "bid_depth_500": 229389.52,
      "ask_depth_500": 275585.7,
      "imbalance": -0.0915,
      "score": 61.2
    },
    "ETH": {
      "tradeable": true,
      "spread_pct": 0.004641,
      "bid_depth_50": 8670096.79,
      "ask_depth_50": 8128156.8,
      "bid_depth_100": 8670096.79,
      "ask_depth_100": 8128156.8,
      "bid_depth_500": 8670096.79,
      "ask_depth_500": 8128156.8,
      "imbalance": 0.0323,
      "score": 100
    },
    "FARTCOIN": {
      "tradeable": true,
      "spread_pct": 0.035699,
      "bid_depth_50": 43711.95,
      "ask_depth_50": 51937.16,
      "bid_depth_100": 43711.95,
      "ask_depth_100": 51937.16,
      "bid_depth_500": 43711.95,
      "ask_depth_500": 51937.16,
      "imbalance": -0.086,
      "score": 56.3
    },
    "HYPE": {
      "tradeable": true,
      "spread_pct": 0.002533,
      "bid_depth_50": 119194.71,
      "ask_depth_50": 110907.29,
      "bid_depth_100": 119194.71,
      "ask_depth_100": 110907.29,
      "bid_depth_500": 119194.71,
      "ask_depth_500": 110907.29,
      "imbalance": 0.036,
      "score": 88.0
    },
    "INJ": {
      "tradeable": true,
      "spread_pct": 0.025897,
      "bid_depth_50": 28273.12,
      "ask_depth_50": 36799.97,
      "bid_depth_100": 28273.12,
      "ask_depth_100": 36799.97,
      "bid_depth_500": 28273.12,
      "ask_depth_500": 36799.97,
      "imbalance": -0.131,
      "score": 64.8
    },
    "JUP": {
      "tradeable": true,
      "spread_pct": 0.037379,
      "bid_depth_50": 50698.38,
      "ask_depth_50": 47773.28,
      "bid_depth_100": 50698.38,
      "ask_depth_100": 47773.28,
      "bid_depth_500": 50698.38,
      "ask_depth_500": 47773.28,
      "imbalance": 0.0297,
      "score": 54.8
    },
    "LDO": {
      "tradeable": true,
      "spread_pct": 0.036758,
      "bid_depth_50": 27534.73,
      "ask_depth_50": 69039.67,
      "bid_depth_100": 27534.73,
      "ask_depth_100": 69039.67,
      "bid_depth_500": 27534.73,
      "ask_depth_500": 69039.67,
      "imbalance": -0.4298,
      "score": 55.3
    },
    "LINK": {
      "tradeable": true,
      "spread_pct": 0.003285,
      "bid_depth_50": 109903.6,
      "ask_depth_50": 109826.19,
      "bid_depth_100": 109903.6,
      "ask_depth_100": 109826.19,
      "bid_depth_500": 109903.6,
      "ask_depth_500": 109826.19,
      "imbalance": 0.0004,
      "score": 87.5
    },
    "LTC": {
      "tradeable": true,
      "spread_pct": 0.01946,
      "bid_depth_50": 152879.96,
      "ask_depth_50": 152648.8,
      "bid_depth_100": 152879.96,
      "ask_depth_100": 152648.8,
      "bid_depth_500": 152879.96,
      "ask_depth_500": 152648.8,
      "imbalance": 0.0008,
      "score": 81.9
    },
    "NEAR": {
      "tradeable": true,
      "spread_pct": 0.038013,
      "bid_depth_50": 151647.12,
      "ask_depth_50": 93445.98,
      "bid_depth_100": 151647.12,
      "ask_depth_100": 93445.98,
      "bid_depth_500": 151647.12,
      "ask_depth_500": 93445.98,
      "imbalance": 0.2375,
      "score": 60.7
    },
    "ONDO": {
      "tradeable": true,
      "spread_pct": 0.034497,
      "bid_depth_50": 54983.04,
      "ask_depth_50": 74033.1,
      "bid_depth_100": 54983.04,
      "ask_depth_100": 74033.1,
      "bid_depth_500": 54983.04,
      "ask_depth_500": 74033.1,
      "imbalance": -0.1477,
      "score": 59.0
    },
    "OP": {
      "tradeable": true,
      "spread_pct": 0.024411,
      "bid_depth_50": 88424.34,
      "ask_depth_50": 97652.61,
      "bid_depth_100": 88424.34,
      "ask_depth_100": 97652.61,
      "bid_depth_500": 88424.34,
      "ask_depth_500": 97652.61,
      "imbalance": -0.0496,
      "score": 71.6
    },
    "PAXG": {
      "tradeable": true,
      "spread_pct": 0.002219,
      "bid_depth_50": 149663.18,
      "ask_depth_50": 212703.66,
      "bid_depth_100": 149663.18,
      "ask_depth_100": 212703.66,
      "bid_depth_500": 149663.18,
      "ask_depth_500": 212703.66,
      "imbalance": -0.174,
      "score": 93.9
    },
    "PUMP": {
      "tradeable": false,
      "spread_pct": 0.10661,
      "bid_depth_50": 411980.03,
      "ask_depth_50": 414565.54,
      "bid_depth_100": 749982.24,
      "ask_depth_100": 694045.48,