{
  "timestamp": "2026-03-22T16:59:56.753178+00:00",
  "coins": {
    "AAVE": {
      "tradeable": true,
      "spread_pct": 0.009329,
      "bid_depth_50": 248093.79,
      "ask_depth_50": 214879.56,
      "bid_depth_100": 248093.79,
      "ask_depth_100": 214879.56,
      "bid_depth_500": 248093.79,
      "ask_depth_500": 214879.56,
      "imbalance": 0.0717,
      "score": 98.4
    },
    "ADA": {
      "tradeable": true,
      "spread_pct": 0.031454,
      "bid_depth_50": 82005.1,
      "ask_depth_50": 88838.31,
      "bid_depth_100": 82005.1,
      "ask_depth_100": 88838.31,
      "bid_depth_500": 82005.1,
      "ask_depth_500": 88838.31,
      "imbalance": -0.04,
      "score": 63.9
    },
    "APT": {
      "tradeable": true,
      "spread_pct": 0.010797,
      "bid_depth_50": 57914.24,
      "ask_depth_50": 72315.23,
      "bid_depth_100": 57914.24,
      "ask_depth_100": 72315.23,
      "bid_depth_500": 57914.24,
      "ask_depth_500": 72315.23,
      "imbalance": -0.1106,
      "score": 82.8
    },
    "ARB": {
      "tradeable": false,
      "spread_pct": 0.053778,
      "bid_depth_50": 155828.49,
      "ask_depth_50": 182016.4,
      "bid_depth_100": 155828.49,
      "ask_depth_100": 182016.4,
      "bid_depth_500": 155828.49,
      "ask_depth_500": 182016.4,
      "imbalance": -0.0775,
      "score": 62.5
    },
    "AVAX": {
      "tradeable": true,
      "spread_pct": 0.008813,
      "bid_depth_50": 36110.99,
      "ask_depth_50": 46468.1,
      "bid_depth_100": 36110.99,
      "ask_depth_100": 46468.1,
      "bid_depth_500": 36110.99,
      "ask_depth_500": 46468.1,
      "imbalance": -0.1254,
      "score": 81.4
    },
    "BCH": {
      "tradeable": true,
      "spread_pct": 0.019223,
      "bid_depth_50": 69603.07,
      "ask_depth_50": 94612.9,
      "bid_depth_100": 69603.07,
      "ask_depth_100": 94612.9,
      "bid_depth_500": 69603.07,
      "ask_depth_500": 94612.9,
      "imbalance": -0.1523,
      "score": 75.9
    },
    "BNB": {
      "tradeable": true,
      "spread_pct": 0.00635,
      "bid_depth_50": 81599.02,
      "ask_depth_50": 75909.98,
      "bid_depth_100": 81599.02,
      "ask_depth_100": 75909.98,
      "bid_depth_500": 81599.02,
      "ask_depth_500": 75909.98,
      "imbalance": 0.0361,
      "score": 84.8
    },
    "BTC": {
      "tradeable": true,
      "spread_pct": 0.001454,
      "bid_depth_50": 5140360.41,
      "ask_depth_50": 3478854.1,
      "bid_depth_100": 5140360.41,
      "ask_depth_100": 3478854.1,
      "bid_depth_500": 5140360.41,
      "ask_depth_500": 3478854.1,
      "imbalance": 0.1928,
      "score": 100
    },
    "CRV": {
      "tradeable": false,
      "spread_pct": 0.087467,
      "bid_depth_50": 83961.79,
      "ask_depth_50": 91527.41,
      "bid_depth_100": 83961.79,
      "ask_depth_100": 91527.41,
      "bid_depth_500": 83961.79,
      "ask_depth_500": 91527.41,
      "imbalance": -0.0431,
      "score": 53.1
    },
    "DOGE": {
      "tradeable": true,
      "spread_pct": 0.001093,
      "bid_depth_50": 103501.23,
      "ask_depth_50": 269487.92,
      "bid_depth_100": 103501.23,
      "ask_depth_100": 269487.92,
      "bid_depth_500": 103501.23,
      "ask_depth_500": 269487.92,
      "imbalance": -0.445,
      "score": 94.4
    },
    "DOT": {
      "tradeable": true,
      "spread_pct": 0.034969,
      "bid_depth_50": 52313.88,
      "ask_depth_50": 92090.17,
      "bid_depth_100": 52313.88,
      "ask_depth_100": 92090.17,
      "bid_depth_500": 52313.88,
      "ask_depth_500": 92090.17,
      "imbalance": -0.2755,
      "score": 59.2
    },
    "ENA": {
      "tradeable": true,
      "spread_pct": 0.03693,
      "bid_depth_50": 99657.26,
      "ask_depth_50": 109932.15,
      "bid_depth_100": 99657.26,
      "ask_depth_100": 109932.15,
      "bid_depth_500": 99657.26,
      "ask_depth_500": 109932.15,
      "imbalance": -0.049,
      "score": 60.2
    },
    "ETH": {
      "tradeable": true,
      "spread_pct": 0.004806,
      "bid_depth_50": 6679347.42,
      "ask_depth_50": 7412497.87,
      "bid_depth_100": 6679347.42,
      "ask_depth_100": 7412497.87,
      "bid_depth_500": 6679347.42,
      "ask_depth_500": 7412497.87,
      "imbalance": -0.052,
      "score": 100
    },
    "FARTCOIN": {
      "tradeable": true,
      "spread_pct": 0.005332,
      "bid_depth_50": 41246.46,
      "ask_depth_50": 49796.12,
      "bid_depth_100": 41246.46,
      "ask_depth_100": 49796.12,
      "bid_depth_500": 41246.46,
      "ask_depth_500": 49796.12,
      "imbalance": -0.0939,
      "score": 81.8
    },
    "HYPE": {
      "tradeable": true,
      "spread_pct": 0.007888,
      "bid_depth_50": 92286.32,
      "ask_depth_50": 132243.91,
      "bid_depth_100": 92286.32,
      "ask_depth_100": 132243.91,
      "bid_depth_500": 92286.32,
      "ask_depth_500": 132243.91,
      "imbalance": -0.178,
      "score": 87.8
    },
    "INJ": {
      "tradeable": true,
      "spread_pct": 0.016869,
      "bid_depth_50": 34393.92,
      "ask_depth_50": 31358.05,
      "bid_depth_100": 203837.32,
      "ask_depth_100": 31358.05,
      "bid_depth_500": 203837.32,
      "ask_depth_500": 31358.05,
      "imbalance": 0.0462,
      "score": 81.4
    },
    "JUP": {
      "tradeable": false,
      "spread_pct": 0.0651,
      "bid_depth_50": 43454.09,
      "ask_depth_50": 57251.42,
      "bid_depth_100": 43454.09,
      "ask_depth_100": 57251.42,
      "bid_depth_500": 43454.09,
      "ask_depth_500": 57251.42,
      "imbalance": -0.137,
      "score": 51.2
    },
    "LDO": {
      "tradeable": true,
      "spread_pct": 0.020985,
      "bid_depth_50": 55878.29,
      "ask_depth_50": 27516.47,
      "bid_depth_100": 55878.29,
      "ask_depth_100": 27516.47,
      "bid_depth_500": 55878.29,
      "ask_depth_500": 27516.47,
      "imbalance": 0.3401,
      "score": 70.5
    },
    "LINK": {
      "tradeable": true,
      "spread_pct": 0.014812,
      "bid_depth_50": 129972.33,
      "ask_depth_50": 117165.04,
      "bid_depth_100": 129972.33,
      "ask_depth_100": 117165.04,
      "bid_depth_500": 129972.33,
      "ask_depth_500": 117165.04,
      "imbalance": 0.0518,
      "score": 83.9
    },
    "LTC": {
      "tradeable": true,
      "spread_pct": 0.009247,
      "bid_depth_50": 133488.06,
      "ask_depth_50": 143112.84,
      "bid_depth_100": 133488.06,
      "ask_depth_100": 143112.84,
      "bid_depth_500": 133488.06,
      "ask_depth_500": 143112.84,
      "imbalance": -0.0348,
      "score": 90.1
    },
    "NEAR": {
      "tradeable": true,
      "spread_pct": 0.007766,
      "bid_depth_50": 156788.68,
      "ask_depth_50": 94017.52,
      "bid_depth_100": 156788.68,
      "ask_depth_100": 94017.52,
      "bid_depth_500": 156788.68,
      "ask_depth_500": 94017.52,
      "imbalance": 0.2503,
      "score": 88.9
    },
    "ONDO": {
      "tradeable": true,
      "spread_pct": 0.032298,
      "bid_depth_50": 61026.44,
      "ask_depth_50": 70239.3,
      "bid_depth_100": 61026.44,
      "ask_depth_100": 70239.3,
      "bid_depth_500": 61026.44,
      "ask_depth_500": 70239.3,
      "imbalance": -0.0702,
      "score": 61.3
    },
    "OP": {
      "tradeable": true,
      "spread_pct": 0.043202,
      "bid_depth_50": 36835.65,
      "ask_depth_50": 102960.57,
      "bid_depth_100": 36835.65,
      "ask_depth_100": 118082.43,
      "bid_depth_500": 36835.65,
      "ask_depth_500": 118082.43,
      "imbalance": -0.473,
      "score": 51.5
    },
    "PAXG": {
      "tradeable": true,
      "spread_pct": 0.028988,
      "bid_depth_50": 134464.31,
      "ask_depth_50": 126421.6,
      "bid_depth_100": 134464.31,
      "ask_depth_100": 126421.6,
      "bid_depth_500": 134464.31,
      "ask_depth_500": 126421.6,
      "imbalance": 0.0308,
      "score": 70.4
    },
    "PUMP": {
      "tradeable": false,
      "spread_pct": 0.055757,
      "bid_depth_50": 437388.62,
      "ask_depth_50": 422558.93,
      "bid_depth_100": 755329.57,
      "ask_depth_100": 824612.78,