{
  "timestamp": "2026-03-19T09:49:26.857100+00:00",
  "coins": {
    "AAVE": {
      "tradeable": true,
      "spread_pct": 0.017363,
      "bid_depth_50": 289927.22,
      "ask_depth_50": 230905.89,
      "bid_depth_100": 289927.22,
      "ask_depth_100": 230905.89,
      "bid_depth_500": 289927.22,
      "ask_depth_500": 230905.89,
      "imbalance": 0.1133,
      "score": 92.6
    },
    "ADA": {
      "tradeable": true,
      "spread_pct": 0.011079,
      "bid_depth_50": 142657.46,
      "ask_depth_50": 107962.59,
      "bid_depth_100": 142657.46,
      "ask_depth_100": 107962.59,
      "bid_depth_500": 142657.46,
      "ask_depth_500": 107962.59,
      "imbalance": 0.1384,
      "score": 87.8
    },
    "APT": {
      "tradeable": true,
      "spread_pct": 0.020668,
      "bid_depth_50": 143030.76,
      "ask_depth_50": 126238.41,
      "bid_depth_100": 143030.76,
      "ask_depth_100": 126238.41,
      "bid_depth_500": 143030.76,
      "ask_depth_500": 126238.41,
      "imbalance": 0.0624,
      "score": 79.1
    },
    "ARB": {
      "tradeable": true,
      "spread_pct": 0.029663,
      "bid_depth_50": 227456.62,
      "ask_depth_50": 124559.16,
      "bid_depth_100": 227456.62,
      "ask_depth_100": 124559.16,
      "bid_depth_500": 227456.62,
      "ask_depth_500": 124559.16,
      "imbalance": 0.2923,
      "score": 73.8
    },
    "AVAX": {
      "tradeable": true,
      "spread_pct": 0.005217,
      "bid_depth_50": 529200.39,
      "ask_depth_50": 115019.79,
      "bid_depth_100": 529200.39,
      "ask_depth_100": 115019.79,
      "bid_depth_500": 529200.39,
      "ask_depth_500": 115019.79,
      "imbalance": 0.6429,
      "score": 100
    },
    "BCH": {
      "tradeable": true,
      "spread_pct": 0.002176,
      "bid_depth_50": 116009.51,
      "ask_depth_50": 109518.21,
      "bid_depth_100": 116009.51,
      "ask_depth_100": 109518.21,
      "bid_depth_500": 116009.51,
      "ask_depth_500": 109518.21,
      "imbalance": 0.0288,
      "score": 87.8
    },
    "BNB": {
      "tradeable": true,
      "spread_pct": 0.001545,
      "bid_depth_50": 109171.81,
      "ask_depth_50": 81628.26,
      "bid_depth_100": 109171.81,
      "ask_depth_100": 81628.26,
      "bid_depth_500": 109171.81,
      "ask_depth_500": 81628.26,
      "imbalance": 0.1444,
      "score": 86.3
    },
    "BTC": {
      "tradeable": true,
      "spread_pct": 0.00142,
      "bid_depth_50": 3418029.17,
      "ask_depth_50": 1943333.26,
      "bid_depth_100": 3418029.17,
      "ask_depth_100": 1943333.26,
      "bid_depth_500": 3418029.17,
      "ask_depth_500": 1943333.26,
      "imbalance": 0.2751,
      "score": 100
    },
    "CRV": {
      "tradeable": false,
      "spread_pct": 0.062926,
      "bid_depth_50": 108675.45,
      "ask_depth_50": 70995.99,
      "bid_depth_100": 108675.45,
      "ask_depth_100": 70995.99,
      "bid_depth_500": 108675.45,
      "ask_depth_500": 70995.99,
      "imbalance": 0.2097,
      "score": 54.9
    },
    "DOGE": {
      "tradeable": true,
      "spread_pct": 0.001053,
      "bid_depth_50": 112830.15,
      "ask_depth_50": 274058.7,
      "bid_depth_100": 112830.15,
      "ask_depth_100": 274058.7,
      "bid_depth_500": 112830.15,
      "ask_depth_500": 274058.7,
      "imbalance": -0.4167,
      "score": 95.0
    },
    "DOT": {
      "tradeable": true,
      "spread_pct": 0.025932,
      "bid_depth_50": 83700.94,
      "ask_depth_50": 168559.62,
      "bid_depth_100": 83700.94,
      "ask_depth_100": 168559.62,
      "bid_depth_500": 83700.94,
      "ask_depth_500": 168559.62,
      "imbalance": -0.3364,
      "score": 73.1
    },
    "ENA": {
      "tradeable": true,
      "spread_pct": 0.019131,
      "bid_depth_50": 227149.04,
      "ask_depth_50": 261465.21,
      "bid_depth_100": 227149.04,
      "ask_depth_100": 261465.21,
      "bid_depth_500": 227149.04,
      "ask_depth_500": 261465.21,
      "imbalance": -0.0702,
      "score": 90.4
    },
    "ETH": {
      "tradeable": true,
      "spread_pct": 0.00458,
      "bid_depth_50": 12392630.03,
      "ask_depth_50": 5459065.43,
      "bid_depth_100": 12392630.03,
      "ask_depth_100": 5459065.43,
      "bid_depth_500": 12392630.03,
      "ask_depth_500": 5459065.43,
      "imbalance": 0.3884,
      "score": 100
    },
    "FARTCOIN": {
      "tradeable": true,
      "spread_pct": 0.036465,
      "bid_depth_50": 41288.14,
      "ask_depth_50": 55176.12,
      "bid_depth_100": 41288.14,
      "ask_depth_100": 55176.12,
      "bid_depth_500": 41288.14,
      "ask_depth_500": 55176.12,
      "imbalance": -0.144,
      "score": 55.6
    },
    "HYPE": {
      "tradeable": true,
      "spread_pct": 0.012614,
      "bid_depth_50": 181284.93,
      "ask_depth_50": 90928.51,
      "bid_depth_100": 181284.93,
      "ask_depth_100": 90928.51,
      "bid_depth_500": 181284.93,
      "ask_depth_500": 90928.51,
      "imbalance": 0.3319,
      "score": 87.3
    },
    "INJ": {
      "tradeable": true,
      "spread_pct": 0.026418,
      "bid_depth_50": 28724.8,
      "ask_depth_50": 37811.32,
      "bid_depth_100": 28724.8,
      "ask_depth_100": 202355.24,
      "bid_depth_500": 28724.8,
      "ask_depth_500": 202355.24,
      "imbalance": -0.1366,
      "score": 71.6
    },
    "JUP": {
      "tradeable": true,
      "spread_pct": 0.042941,
      "bid_depth_50": 46755.84,
      "ask_depth_50": 53492.04,
      "bid_depth_100": 46755.84,
      "ask_depth_100": 53492.04,
      "bid_depth_500": 46755.84,
      "ask_depth_500": 53492.04,
      "imbalance": -0.0672,
      "score": 49.3
    },
    "LDO": {
      "tradeable": true,
      "spread_pct": 0.013269,
      "bid_depth_50": 34010.13,
      "ask_depth_50": 61275.15,
      "bid_depth_100": 34010.13,
      "ask_depth_100": 61275.15,
      "bid_depth_500": 34010.13,
      "ask_depth_500": 61275.15,
      "imbalance": -0.2861,
      "score": 78.7
    },
    "LINK": {
      "tradeable": true,
      "spread_pct": 0.00656,
      "bid_depth_50": 122780.41,
      "ask_depth_50": 133884.91,
      "bid_depth_100": 122780.41,
      "ask_depth_100": 133884.91,
      "bid_depth_500": 122780.41,
      "ask_depth_500": 133884.91,
      "imbalance": -0.0433,
      "score": 89.2
    },
    "LTC": {
      "tradeable": true,
      "spread_pct": 0.005403,
      "bid_depth_50": 144252.83,
      "ask_depth_50": 136678.86,
      "bid_depth_100": 144252.83,
      "ask_depth_100": 136678.86,
      "bid_depth_500": 144252.83,
      "ask_depth_500": 136678.86,
      "imbalance": 0.027,
      "score": 90.3
    },
    "NEAR": {
      "tradeable": true,
      "spread_pct": 0.029436,
      "bid_depth_50": 189535.65,
      "ask_depth_50": 123905.62,
      "bid_depth_100": 189535.65,
      "ask_depth_100": 123905.62,
      "bid_depth_500": 189535.65,
      "ask_depth_500": 123905.62,
      "imbalance": 0.2094,
      "score": 72.3
    },
    "ONDO": {
      "tradeable": true,
      "spread_pct": 0.003806,
      "bid_depth_50": 50875.11,
      "ask_depth_50": 66829.01,
      "bid_depth_100": 50875.11,
      "ask_depth_100": 66829.01,
      "bid_depth_500": 50875.11,
      "ask_depth_500": 66829.01,
      "imbalance": -0.1355,
      "score": 83.0
    },
    "OP": {
      "tradeable": true,
      "spread_pct": 0.040603,
      "bid_depth_50": 36744.11,
      "ask_depth_50": 109419.44,
      "bid_depth_100": 132268.05,
      "ask_depth_100": 109419.44,
      "bid_depth_500": 135507.67,
      "ask_depth_500": 109419.44,
      "imbalance": -0.4972,
      "score": 58.1
    },
    "PAXG": {
      "tradeable": true,
      "spread_pct": 0.002124,
      "bid_depth_50": 537470.3,
      "ask_depth_50": 577133.12,
      "bid_depth_100": 537470.3,
      "ask_depth_100": 577133.12,
      "bid_depth_500": 537470.3,
      "ask_depth_500": 577133.12,
      "imbalance": -0.0356,
      "score": 100
    },
    "PUMP": {
      "tradeable": false,
      "spread_pct": 0.05284,
      "bid_depth_50": 405368.77,
      "ask_depth_50": 328526.21,
      "bid_depth_100": 844358.51,