{
  "timestamp": "2026-03-19T20:14:55.767157+00:00",
  "coins": {
    "AAVE": {
      "tradeable": true,
      "spread_pct": 0.026948,
      "bid_depth_50": 279769.69,
      "ask_depth_50": 274649.33,
      "bid_depth_100": 279769.69,
      "ask_depth_100": 274649.33,
      "bid_depth_500": 279769.69,
      "ask_depth_500": 274649.33,
      "imbalance": 0.0092,
      "score": 83.1
    },
    "ADA": {
      "tradeable": true,
      "spread_pct": 0.029973,
      "bid_depth_50": 124006.95,
      "ask_depth_50": 100876.4,
      "bid_depth_100": 124006.95,
      "ask_depth_100": 100876.4,
      "bid_depth_500": 124006.95,
      "ask_depth_500": 100876.4,
      "imbalance": 0.1029,
      "score": 67.8
    },
    "APT": {
      "tradeable": true,
      "spread_pct": 0.021175,
      "bid_depth_50": 147474.79,
      "ask_depth_50": 82125.09,
      "bid_depth_100": 147474.79,
      "ask_depth_100": 82125.09,
      "bid_depth_500": 147474.79,
      "ask_depth_500": 82125.09,
      "imbalance": 0.2846,
      "score": 76.8
    },
    "ARB": {
      "tradeable": true,
      "spread_pct": 0.020231,
      "bid_depth_50": 129896.89,
      "ask_depth_50": 220929.39,
      "bid_depth_100": 129896.89,
      "ask_depth_100": 220929.39,
      "bid_depth_500": 129896.89,
      "ask_depth_500": 220929.39,
      "imbalance": -0.2595,
      "score": 83.1
    },
    "AVAX": {
      "tradeable": true,
      "spread_pct": 0.014721,
      "bid_depth_50": 58677.15,
      "ask_depth_50": 72825.13,
      "bid_depth_100": 58677.15,
      "ask_depth_100": 72825.13,
      "bid_depth_500": 58677.15,
      "ask_depth_500": 72825.13,
      "imbalance": -0.1076,
      "score": 78.9
    },
    "BCH": {
      "tradeable": true,
      "spread_pct": 0.028442,
      "bid_depth_50": 88469.64,
      "ask_depth_50": 99465.03,
      "bid_depth_100": 88469.64,
      "ask_depth_100": 99465.03,
      "bid_depth_500": 88469.64,
      "ask_depth_500": 99465.03,
      "imbalance": -0.0585,
      "score": 67.7
    },
    "BNB": {
      "tradeable": true,
      "spread_pct": 0.004685,
      "bid_depth_50": 147085.08,
      "ask_depth_50": 155369.27,
      "bid_depth_100": 147085.08,
      "ask_depth_100": 155369.27,
      "bid_depth_500": 147085.08,
      "ask_depth_500": 155369.27,
      "imbalance": -0.0274,
      "score": 91.2
    },
    "BTC": {
      "tradeable": true,
      "spread_pct": 0.001423,
      "bid_depth_50": 4177023.23,
      "ask_depth_50": 2217569.39,
      "bid_depth_100": 4177023.23,
      "ask_depth_100": 2217569.39,
      "bid_depth_500": 4177023.23,
      "ask_depth_500": 2217569.39,
      "imbalance": 0.3064,
      "score": 100
    },
    "CRV": {
      "tradeable": true,
      "spread_pct": 0.042671,
      "bid_depth_50": 91560.22,
      "ask_depth_50": 98056.8,
      "bid_depth_100": 91560.22,
      "ask_depth_100": 98056.8,
      "bid_depth_500": 91560.22,
      "ask_depth_500": 98056.8,
      "imbalance": -0.0343,
      "score": 53.5
    },
    "DOGE": {
      "tradeable": true,
      "spread_pct": 0.001071,
      "bid_depth_50": 342900.46,
      "ask_depth_50": 260414.11,
      "bid_depth_100": 342900.46,
      "ask_depth_100": 260414.11,
      "bid_depth_500": 342900.46,
      "ask_depth_500": 260414.11,
      "imbalance": 0.1367,
      "score": 100
    },
    "DOT": {
      "tradeable": true,
      "spread_pct": 0.019637,
      "bid_depth_50": 70715.53,
      "ask_depth_50": 141216.85,
      "bid_depth_100": 70715.53,
      "ask_depth_100": 141216.85,
      "bid_depth_500": 70715.53,
      "ask_depth_500": 141216.85,
      "imbalance": -0.3327,
      "score": 77.6
    },
    "ENA": {
      "tradeable": false,
      "spread_pct": 0.068236,
      "bid_depth_50": 270898.82,
      "ask_depth_50": 267702.11,
      "bid_depth_100": 270898.82,
      "ask_depth_100": 267702.11,
      "bid_depth_500": 270898.82,
      "ask_depth_500": 267702.11,
      "imbalance": 0.0059,
      "score": 68.8
    },
    "ETH": {
      "tradeable": true,
      "spread_pct": 0.004665,
      "bid_depth_50": 19858777.2,
      "ask_depth_50": 6424991.83,
      "bid_depth_100": 19858777.2,
      "ask_depth_100": 6424991.83,
      "bid_depth_500": 19858777.2,
      "ask_depth_500": 6424991.83,
      "imbalance": 0.5111,
      "score": 100
    },
    "FARTCOIN": {
      "tradeable": true,
      "spread_pct": 0.030318,
      "bid_depth_50": 51273.07,
      "ask_depth_50": 58542.05,
      "bid_depth_100": 51273.07,
      "ask_depth_100": 58542.05,
      "bid_depth_500": 51273.07,
      "ask_depth_500": 58542.05,
      "imbalance": -0.0662,
      "score": 62.3
    },
    "HYPE": {
      "tradeable": true,
      "spread_pct": 0.035089,
      "bid_depth_50": 141742.22,
      "ask_depth_50": 147412.8,
      "bid_depth_100": 141742.22,
      "ask_depth_100": 147412.8,
      "bid_depth_500": 141742.22,
      "ask_depth_500": 147412.8,
      "imbalance": -0.0196,
      "score": 65.5
    },
    "INJ": {
      "tradeable": true,
      "spread_pct": 0.039854,
      "bid_depth_50": 47294.37,
      "ask_depth_50": 29894.37,
      "bid_depth_100": 47294.37,
      "ask_depth_100": 29894.37,
      "bid_depth_500": 47294.37,
      "ask_depth_500": 29894.37,
      "imbalance": 0.2254,
      "score": 51.4
    },
    "JUP": {
      "tradeable": false,
      "spread_pct": 0.050056,
      "bid_depth_50": 51414.42,
      "ask_depth_50": 54655.17,
      "bid_depth_100": 51414.42,
      "ask_depth_100": 54655.17,
      "bid_depth_500": 51414.42,
      "ask_depth_500": 54655.17,
      "imbalance": -0.0306,
      "score": 52.5
    },
    "LDO": {
      "tradeable": true,
      "spread_pct": 0.02357,
      "bid_depth_50": 37242.93,
      "ask_depth_50": 64233.08,
      "bid_depth_100": 37242.93,
      "ask_depth_100": 64233.08,
      "bid_depth_500": 37242.93,
      "ask_depth_500": 64233.08,
      "imbalance": -0.266,
      "score": 68.7
    },
    "LINK": {
      "tradeable": true,
      "spread_pct": 0.005535,
      "bid_depth_50": 113025.58,
      "ask_depth_50": 63176.32,
      "bid_depth_100": 113025.58,
      "ask_depth_100": 63176.32,
      "bid_depth_500": 113025.58,
      "ask_depth_500": 63176.32,
      "imbalance": 0.2829,
      "score": 85.6
    },
    "LTC": {
      "tradeable": true,
      "spread_pct": 0.005377,
      "bid_depth_50": 123254.06,
      "ask_depth_50": 176804.17,
      "bid_depth_100": 123254.06,
      "ask_depth_100": 176804.17,
      "bid_depth_500": 123254.06,
      "ask_depth_500": 176804.17,
      "imbalance": -0.1785,
      "score": 91.1
    },
    "NEAR": {
      "tradeable": true,
      "spread_pct": 0.029851,
      "bid_depth_50": 139977.43,
      "ask_depth_50": 139240.98,
      "bid_depth_100": 139977.43,
      "ask_depth_100": 139240.98,
      "bid_depth_500": 139977.43,
      "ask_depth_500": 139240.98,
      "imbalance": 0.0026,
      "score": 70.3
    },
    "ONDO": {
      "tradeable": false,
      "spread_pct": 0.050794,
      "bid_depth_50": 65385.65,
      "ask_depth_50": 88825.37,
      "bid_depth_100": 65385.65,
      "ask_depth_100": 88825.37,
      "bid_depth_500": 65385.65,
      "ask_depth_500": 88825.37,
      "imbalance": -0.152,
      "score": 54.6
    },
    "OP": {
      "tradeable": false,
      "spread_pct": 0.108032,
      "bid_depth_50": 52480.87,
      "ask_depth_50": 94017.27,
      "bid_depth_100": 52480.87,
      "ask_depth_100": 118374.18,
      "bid_depth_500": 52480.87,
      "ask_depth_500": 118374.18,
      "imbalance": -0.2835,
      "score": 51.5
    },
    "PAXG": {
      "tradeable": true,
      "spread_pct": 0.002146,
      "bid_depth_50": 553737.74,
      "ask_depth_50": 426835.39,
      "bid_depth_100": 553737.74,
      "ask_depth_100": 426835.39,
      "bid_depth_500": 553737.74,
      "ask_depth_500": 426835.39,
      "imbalance": 0.1294,
      "score": 100
    },
    "PUMP": {
      "tradeable": false,
      "spread_pct": 0.108342,
      "bid_depth_50": 387783.79,
      "ask_depth_50": 373221.7,
      "bid_depth_100": 723191.02,