{
  "timestamp": "2026-03-19T20:17:26.526888+00:00",
  "coins": {
    "AAVE": {
      "tradeable": true,
      "spread_pct": 0.017957,
      "bid_depth_50": 266834.53,
      "ask_depth_50": 238760.31,
      "bid_depth_100": 266834.53,
      "ask_depth_100": 238760.31,
      "bid_depth_500": 266834.53,
      "ask_depth_500": 238760.31,
      "imbalance": 0.0555,
      "score": 92.0
    },
    "ADA": {
      "tradeable": true,
      "spread_pct": 0.022463,
      "bid_depth_50": 117547.96,
      "ask_depth_50": 132599.98,
      "bid_depth_100": 117547.96,
      "ask_depth_100": 132599.98,
      "bid_depth_500": 117547.96,
      "ask_depth_500": 132599.98,
      "imbalance": -0.0602,
      "score": 76.4
    },
    "APT": {
      "tradeable": true,
      "spread_pct": 0.010565,
      "bid_depth_50": 102430.07,
      "ask_depth_50": 75660.66,
      "bid_depth_100": 102430.07,
      "ask_depth_100": 75660.66,
      "bid_depth_500": 102430.07,
      "ask_depth_500": 75660.66,
      "imbalance": 0.1503,
      "score": 85.1
    },
    "ARB": {
      "tradeable": true,
      "spread_pct": 0.030341,
      "bid_depth_50": 217347.49,
      "ask_depth_50": 256433.03,
      "bid_depth_100": 217347.49,
      "ask_depth_100": 256433.03,
      "bid_depth_500": 217347.49,
      "ask_depth_500": 256433.03,
      "imbalance": -0.0825,
      "score": 78.5
    },
    "AVAX": {
      "tradeable": true,
      "spread_pct": 0.006307,
      "bid_depth_50": 65487.88,
      "ask_depth_50": 111265.52,
      "bid_depth_100": 65487.88,
      "ask_depth_100": 111265.52,
      "bid_depth_500": 65487.88,
      "ask_depth_500": 111265.52,
      "imbalance": -0.259,
      "score": 85.6
    },
    "BCH": {
      "tradeable": true,
      "spread_pct": 0.026228,
      "bid_depth_50": 81775.32,
      "ask_depth_50": 90607.11,
      "bid_depth_100": 81775.32,
      "ask_depth_100": 90607.11,
      "bid_depth_500": 81775.32,
      "ask_depth_500": 90607.11,
      "imbalance": -0.0512,
      "score": 69.2
    },
    "BNB": {
      "tradeable": true,
      "spread_pct": 0.001561,
      "bid_depth_50": 88381.99,
      "ask_depth_50": 214101.67,
      "bid_depth_100": 88381.99,
      "ask_depth_100": 214101.67,
      "bid_depth_500": 88381.99,
      "ask_depth_500": 214101.67,
      "imbalance": -0.4156,
      "score": 91.2
    },
    "BTC": {
      "tradeable": true,
      "spread_pct": 0.001422,
      "bid_depth_50": 6814206.5,
      "ask_depth_50": 532352.85,
      "bid_depth_100": 6814206.5,
      "ask_depth_100": 532352.85,
      "bid_depth_500": 6814206.5,
      "ask_depth_500": 532352.85,
      "imbalance": 0.8551,
      "score": 100
    },
    "CRV": {
      "tradeable": false,
      "spread_pct": 0.05116,
      "bid_depth_50": 111302.99,
      "ask_depth_50": 93545.18,
      "bid_depth_100": 111302.99,
      "ask_depth_100": 93545.18,
      "bid_depth_500": 111302.99,
      "ask_depth_500": 93545.18,
      "imbalance": 0.0867,
      "score": 56.8
    },
    "DOGE": {
      "tradeable": true,
      "spread_pct": 0.001071,
      "bid_depth_50": 259247.23,
      "ask_depth_50": 250609.42,
      "bid_depth_100": 259247.23,
      "ask_depth_100": 250609.42,
      "bid_depth_500": 259247.23,
      "ask_depth_500": 250609.42,
      "imbalance": 0.0169,
      "score": 100
    },
    "DOT": {
      "tradeable": true,
      "spread_pct": 0.032751,
      "bid_depth_50": 69296.77,
      "ask_depth_50": 196680.49,
      "bid_depth_100": 69296.77,
      "ask_depth_100": 196680.49,
      "bid_depth_500": 69296.77,
      "ask_depth_500": 196680.49,
      "imbalance": -0.4789,
      "score": 66.8
    },
    "ENA": {
      "tradeable": true,
      "spread_pct": 0.048707,
      "bid_depth_50": 238698.4,
      "ask_depth_50": 225733.55,
      "bid_depth_100": 238698.4,
      "ask_depth_100": 225733.55,
      "bid_depth_500": 238698.4,
      "ask_depth_500": 225733.55,
      "imbalance": 0.0279,
      "score": 59.7
    },
    "ETH": {
      "tradeable": true,
      "spread_pct": 0.004662,
      "bid_depth_50": 7769856.59,
      "ask_depth_50": 9312735.33,
      "bid_depth_100": 7769856.59,
      "ask_depth_100": 9312735.33,
      "bid_depth_500": 7769856.59,
      "ask_depth_500": 9312735.33,
      "imbalance": -0.0903,
      "score": 100
    },
    "FARTCOIN": {
      "tradeable": true,
      "spread_pct": 0.025159,
      "bid_depth_50": 61081.75,
      "ask_depth_50": 58744.83,
      "bid_depth_100": 61081.75,
      "ask_depth_100": 58744.83,
      "bid_depth_500": 61081.75,
      "ask_depth_500": 58744.83,
      "imbalance": 0.0195,
      "score": 67.9
    },
    "HYPE": {
      "tradeable": true,
      "spread_pct": 0.002504,
      "bid_depth_50": 85223.14,
      "ask_depth_50": 111839.97,
      "bid_depth_100": 85223.14,
      "ask_depth_100": 111839.97,
      "bid_depth_500": 85223.14,
      "ask_depth_500": 111839.97,
      "imbalance": -0.1351,
      "score": 86.5
    },
    "INJ": {
      "tradeable": true,
      "spread_pct": 0.039851,
      "bid_depth_50": 40870.95,
      "ask_depth_50": 24869.69,
      "bid_depth_100": 40870.95,
      "ask_depth_100": 24869.69,
      "bid_depth_500": 40870.95,
      "ask_depth_500": 24869.69,
      "imbalance": 0.2434,
      "score": 50.8
    },
    "JUP": {
      "tradeable": false,
      "spread_pct": 0.056283,
      "bid_depth_50": 43629.35,
      "ask_depth_50": 58458.79,
      "bid_depth_100": 43629.35,
      "ask_depth_100": 58458.79,
      "bid_depth_500": 43629.35,
      "ask_depth_500": 58458.79,
      "imbalance": -0.1453,
      "score": 51.9
    },
    "LDO": {
      "tradeable": true,
      "spread_pct": 0.030306,
      "bid_depth_50": 33348.0,
      "ask_depth_50": 67470.63,
      "bid_depth_100": 33348.0,
      "ask_depth_100": 67470.63,
      "bid_depth_500": 33348.0,
      "ask_depth_500": 67470.63,
      "imbalance": -0.3385,
      "score": 62.0
    },
    "LINK": {
      "tradeable": true,
      "spread_pct": 0.004425,
      "bid_depth_50": 113074.75,
      "ask_depth_50": 95503.32,
      "bid_depth_100": 113074.75,
      "ask_depth_100": 95503.32,
      "bid_depth_500": 113074.75,
      "ask_depth_500": 95503.32,
      "imbalance": 0.0842,
      "score": 87.0
    },
    "LTC": {
      "tradeable": true,
      "spread_pct": 0.016141,
      "bid_depth_50": 127879.59,
      "ask_depth_50": 177676.09,
      "bid_depth_100": 127879.59,
      "ask_depth_100": 177676.09,
      "bid_depth_500": 127879.59,
      "ask_depth_500": 177676.09,
      "imbalance": -0.163,
      "score": 85.2
    },
    "NEAR": {
      "tradeable": true,
      "spread_pct": 0.029873,
      "bid_depth_50": 199965.41,
      "ask_depth_50": 129523.22,
      "bid_depth_100": 199965.41,
      "ask_depth_100": 129523.22,
      "bid_depth_500": 199965.41,
      "ask_depth_500": 129523.22,
      "imbalance": 0.2138,
      "score": 72.5
    },
    "ONDO": {
      "tradeable": true,
      "spread_pct": 0.031244,
      "bid_depth_50": 52615.76,
      "ask_depth_50": 77066.43,
      "bid_depth_100": 52615.76,
      "ask_depth_100": 77066.43,
      "bid_depth_500": 52615.76,
      "ask_depth_500": 77066.43,
      "imbalance": -0.1885,
      "score": 62.3
    },
    "OP": {
      "tradeable": true,
      "spread_pct": 0.008309,
      "bid_depth_50": 52969.08,
      "ask_depth_50": 109659.39,
      "bid_depth_100": 52969.08,
      "ask_depth_100": 109659.39,
      "bid_depth_500": 52969.08,
      "ask_depth_500": 109659.39,
      "imbalance": -0.3486,
      "score": 85.0
    },
    "PAXG": {
      "tradeable": true,
      "spread_pct": 0.002147,
      "bid_depth_50": 429786.36,
      "ask_depth_50": 356649.51,
      "bid_depth_100": 429786.36,
      "ask_depth_100": 356649.51,
      "bid_depth_500": 429786.36,
      "ask_depth_500": 356649.51,
      "imbalance": 0.093,
      "score": 100
    },
    "PUMP": {
      "tradeable": false,
      "spread_pct": 0.054215,
      "bid_depth_50": 489115.44,
      "ask_depth_50": 301034.44,
      "bid_depth_100": 720931.89,