{
  "timestamp": "2026-03-18T20:49:47.816994+00:00",
  "coins": {
    "AAVE": {
      "tradeable": true,
      "spread_pct": 0.026303,
      "bid_depth_50": 194857.42,
      "ask_depth_50": 218041.6,
      "bid_depth_100": 194857.42,
      "ask_depth_100": 218041.6,
      "bid_depth_500": 194857.42,
      "ask_depth_500": 218041.6,
      "imbalance": -0.0561,
      "score": 79.8
    },
    "ADA": {
      "tradeable": true,
      "spread_pct": 0.010989,
      "bid_depth_50": 75274.5,
      "ask_depth_50": 82451.58,
      "bid_depth_100": 75274.5,
      "ask_depth_100": 82451.58,
      "bid_depth_500": 75274.5,
      "ask_depth_500": 82451.58,
      "imbalance": -0.0455,
      "score": 83.8
    },
    "APT": {
      "tradeable": true,
      "spread_pct": 0.030926,
      "bid_depth_50": 79922.92,
      "ask_depth_50": 55129.84,
      "bid_depth_100": 79922.92,
      "ask_depth_100": 55129.84,
      "bid_depth_500": 79922.92,
      "ask_depth_500": 55129.84,
      "imbalance": 0.1836,
      "score": 62.9
    },
    "ARB": {
      "tradeable": false,
      "spread_pct": 0.058691,
      "bid_depth_50": 218421.69,
      "ask_depth_50": 139364.6,
      "bid_depth_100": 218421.69,
      "ask_depth_100": 139364.6,
      "bid_depth_500": 218421.69,
      "ask_depth_500": 139364.6,
      "imbalance": 0.221,
      "score": 63.1
    },
    "AVAX": {
      "tradeable": true,
      "spread_pct": 0.029006,
      "bid_depth_50": 122768.7,
      "ask_depth_50": 123974.3,
      "bid_depth_100": 122768.7,
      "ask_depth_100": 123974.3,
      "bid_depth_500": 122768.7,
      "ask_depth_500": 123974.3,
      "imbalance": -0.0049,
      "score": 69.7
    },
    "BCH": {
      "tradeable": true,
      "spread_pct": 0.015387,
      "bid_depth_50": 107920.65,
      "ask_depth_50": 74004.64,
      "bid_depth_100": 107920.65,
      "ask_depth_100": 74004.64,
      "bid_depth_500": 107920.65,
      "ask_depth_500": 74004.64,
      "imbalance": 0.1864,
      "score": 80.5
    },
    "BNB": {
      "tradeable": true,
      "spread_pct": 0.013849,
      "bid_depth_50": 150191.33,
      "ask_depth_50": 123743.91,
      "bid_depth_100": 150191.33,
      "ask_depth_100": 123743.91,
      "bid_depth_500": 150191.33,
      "ask_depth_500": 123743.91,
      "imbalance": 0.0965,
      "score": 86.1
    },
    "BTC": {
      "tradeable": true,
      "spread_pct": 0.001404,
      "bid_depth_50": 3464403.92,
      "ask_depth_50": 3119954.33,
      "bid_depth_100": 3464403.92,
      "ask_depth_100": 3119954.33,
      "bid_depth_500": 3464403.92,
      "ask_depth_500": 3119954.33,
      "imbalance": 0.0523,
      "score": 100
    },
    "CRV": {
      "tradeable": false,
      "spread_pct": 0.075405,
      "bid_depth_50": 110483.18,
      "ask_depth_50": 48077.7,
      "bid_depth_100": 110483.18,
      "ask_depth_100": 48077.7,
      "bid_depth_500": 110483.18,
      "ask_depth_500": 48077.7,
      "imbalance": 0.3936,
      "score": 53.1
    },
    "DOGE": {
      "tradeable": true,
      "spread_pct": 0.015809,
      "bid_depth_50": 318528.43,
      "ask_depth_50": 264962.25,
      "bid_depth_100": 318528.43,
      "ask_depth_100": 264962.25,
      "bid_depth_500": 318528.43,
      "ask_depth_500": 264962.25,
      "imbalance": 0.0918,
      "score": 94.2
    },
    "DOT": {
      "tradeable": false,
      "spread_pct": 0.083368,
      "bid_depth_50": 69847.31,
      "ask_depth_50": 80577.01,
      "bid_depth_100": 69847.31,
      "ask_depth_100": 80577.01,
      "bid_depth_500": 69847.31,
      "ask_depth_500": 80577.01,
      "imbalance": -0.0713,
      "score": 52.2
    },
    "ENA": {
      "tradeable": false,
      "spread_pct": 0.120087,
      "bid_depth_50": 257351.31,
      "ask_depth_50": 108977.88,
      "bid_depth_100": 257351.31,
      "ask_depth_100": 108977.88,
      "bid_depth_500": 257351.31,
      "ask_depth_500": 108977.88,
      "imbalance": 0.405,
      "score": 59.4
    },
    "ETH": {
      "tradeable": true,
      "spread_pct": 0.036503,
      "bid_depth_50": 1085890.58,
      "ask_depth_50": 2780149.47,
      "bid_depth_100": 1085890.58,
      "ask_depth_100": 2780149.47,
      "bid_depth_500": 1085890.58,
      "ask_depth_500": 2780149.47,
      "imbalance": -0.4382,
      "score": 73.5
    },
    "FARTCOIN": {
      "tradeable": true,
      "spread_pct": 0.034066,
      "bid_depth_50": 42574.82,
      "ask_depth_50": 38007.89,
      "bid_depth_100": 42574.82,
      "ask_depth_100": 38007.89,
      "bid_depth_500": 42574.82,
      "ask_depth_500": 38007.89,
      "imbalance": 0.0567,
      "score": 57.3
    },
    "HYPE": {
      "tradeable": true,
      "spread_pct": 0.039905,
      "bid_depth_50": 165396.06,
      "ask_depth_50": 84964.3,
      "bid_depth_100": 165396.06,
      "ask_depth_100": 84964.3,
      "bid_depth_500": 165396.06,
      "ask_depth_500": 84964.3,
      "imbalance": 0.3213,
      "score": 59.0
    },
    "INJ": {
      "tradeable": false,
      "spread_pct": 0.113882,
      "bid_depth_50": 30671.95,
      "ask_depth_50": 29694.91,
      "bid_depth_100": 30671.95,
      "ask_depth_100": 29694.91,
      "bid_depth_500": 30671.95,
      "ask_depth_500": 29694.91,
      "imbalance": 0.0162,
      "score": 46.2
    },
    "JUP": {
      "tradeable": true,
      "spread_pct": 0.02457,
      "bid_depth_50": 51509.45,
      "ask_depth_50": 52318.62,
      "bid_depth_100": 51509.45,
      "ask_depth_100": 52318.62,
      "bid_depth_500": 51509.45,
      "ask_depth_500": 52318.62,
      "imbalance": -0.0078,
      "score": 67.8
    },
    "LDO": {
      "tradeable": true,
      "spread_pct": 0.046284,
      "bid_depth_50": 41743.37,
      "ask_depth_50": 75453.25,
      "bid_depth_100": 41743.37,
      "ask_depth_100": 75453.25,
      "bid_depth_500": 41743.37,
      "ask_depth_500": 75453.25,
      "imbalance": -0.2876,
      "score": 46.7
    },
    "LINK": {
      "tradeable": true,
      "spread_pct": 0.001085,
      "bid_depth_50": 122237.8,
      "ask_depth_50": 140720.19,
      "bid_depth_100": 122237.8,
      "ask_depth_100": 140720.19,
      "bid_depth_500": 122237.8,
      "ask_depth_500": 140720.19,
      "imbalance": -0.0703,
      "score": 89.5
    },
    "LTC": {
      "tradeable": true,
      "spread_pct": 0.010722,
      "bid_depth_50": 165804.99,
      "ask_depth_50": 113766.83,
      "bid_depth_100": 165804.99,
      "ask_depth_100": 113766.83,
      "bid_depth_500": 165804.99,
      "ask_depth_500": 113766.83,
      "imbalance": 0.1861,
      "score": 89.5
    },
    "NEAR": {
      "tradeable": false,
      "spread_pct": 0.050055,
      "bid_depth_50": 159324.78,
      "ask_depth_50": 129421.92,
      "bid_depth_100": 159324.78,
      "ask_depth_100": 129421.92,
      "bid_depth_500": 159324.78,
      "ask_depth_500": 129421.92,
      "imbalance": 0.1036,
      "score": 60.6
    },
    "ONDO": {
      "tradeable": true,
      "spread_pct": 0.041392,
      "bid_depth_50": 86391.0,
      "ask_depth_50": 51487.31,
      "bid_depth_100": 86391.0,
      "ask_depth_100": 51487.31,
      "bid_depth_500": 86391.0,
      "ask_depth_500": 51487.31,
      "imbalance": 0.2531,
      "score": 52.5
    },
    "OP": {
      "tradeable": false,
      "spread_pct": 0.086809,
      "bid_depth_50": 56697.58,
      "ask_depth_50": 74290.34,
      "bid_depth_100": 58392.91,
      "ask_depth_100": 74290.34,
      "bid_depth_500": 58392.91,
      "ask_depth_500": 74290.34,
      "imbalance": -0.1343,
      "score": 51.2
    },
    "PAXG": {
      "tradeable": true,
      "spread_pct": 0.002075,
      "bid_depth_50": 214262.39,
      "ask_depth_50": 181823.03,
      "bid_depth_100": 214262.39,
      "ask_depth_100": 181823.03,
      "bid_depth_500": 214262.39,
      "ask_depth_500": 181823.03,
      "imbalance": 0.0819,
      "score": 95.4
    },
    "PUMP": {
      "tradeable": false,
      "spread_pct": 0.051059,
      "bid_depth_50": 324924.94,
      "ask_depth_50": 321739.03,
      "bid_depth_100": 719027.82,
      "ask_depth_100": 691216.28,