{
  "timestamp": "2026-03-19T20:06:14.412006+00:00",
  "coins": {
    "AAVE": {
      "tradeable": true,
      "spread_pct": 0.008967,
      "bid_depth_50": 276673.72,
      "ask_depth_50": 218066.64,
      "bid_depth_100": 276673.72,
      "ask_depth_100": 218066.64,
      "bid_depth_500": 276673.72,
      "ask_depth_500": 218066.64,
      "imbalance": 0.1185,
      "score": 99.8
    },
    "ADA": {
      "tradeable": true,
      "spread_pct": 0.026208,
      "bid_depth_50": 141024.99,
      "ask_depth_50": 112015.62,
      "bid_depth_100": 141024.99,
      "ask_depth_100": 112015.62,
      "bid_depth_500": 141024.99,
      "ask_depth_500": 112015.62,
      "imbalance": 0.1146,
      "score": 72.8
    },
    "APT": {
      "tradeable": true,
      "spread_pct": 0.01059,
      "bid_depth_50": 112075.88,
      "ask_depth_50": 118053.21,
      "bid_depth_100": 112075.88,
      "ask_depth_100": 118053.21,
      "bid_depth_500": 112075.88,
      "ask_depth_500": 118053.21,
      "imbalance": -0.026,
      "score": 87.4
    },
    "ARB": {
      "tradeable": true,
      "spread_pct": 0.030341,
      "bid_depth_50": 174001.48,
      "ask_depth_50": 284137.71,
      "bid_depth_100": 174001.48,
      "ask_depth_100": 284137.71,
      "bid_depth_500": 174001.48,
      "ask_depth_500": 284137.71,
      "imbalance": -0.2404,
      "score": 77.8
    },
    "AVAX": {
      "tradeable": true,
      "spread_pct": 0.016841,
      "bid_depth_50": 65432.77,
      "ask_depth_50": 119694.36,
      "bid_depth_100": 65432.77,
      "ask_depth_100": 119694.36,
      "bid_depth_500": 65432.77,
      "ask_depth_500": 119694.36,
      "imbalance": -0.2931,
      "score": 79.2
    },
    "BCH": {
      "tradeable": true,
      "spread_pct": 0.015334,
      "bid_depth_50": 80689.23,
      "ask_depth_50": 86236.73,
      "bid_depth_100": 80689.23,
      "ask_depth_100": 86236.73,
      "bid_depth_500": 80689.23,
      "ask_depth_500": 86236.73,
      "imbalance": -0.0332,
      "score": 79.9
    },
    "BNB": {
      "tradeable": true,
      "spread_pct": 0.001563,
      "bid_depth_50": 117915.29,
      "ask_depth_50": 181192.76,
      "bid_depth_100": 117915.29,
      "ask_depth_100": 181192.76,
      "bid_depth_500": 117915.29,
      "ask_depth_500": 181192.76,
      "imbalance": -0.2116,
      "score": 91.1
    },
    "BTC": {
      "tradeable": true,
      "spread_pct": 0.001424,
      "bid_depth_50": 5098611.72,
      "ask_depth_50": 2119285.53,
      "bid_depth_100": 5098611.72,
      "ask_depth_100": 2119285.53,
      "bid_depth_500": 5098611.72,
      "ask_depth_500": 2119285.53,
      "imbalance": 0.4128,
      "score": 100
    },
    "CRV": {
      "tradeable": true,
      "spread_pct": 0.00427,
      "bid_depth_50": 62242.53,
      "ask_depth_50": 97554.45,
      "bid_depth_100": 62242.53,
      "ask_depth_100": 97554.45,
      "bid_depth_500": 62242.53,
      "ask_depth_500": 97554.45,
      "imbalance": -0.221,
      "score": 84.9
    },
    "DOGE": {
      "tradeable": true,
      "spread_pct": 0.01393,
      "bid_depth_50": 156655.19,
      "ask_depth_50": 131860.07,
      "bid_depth_100": 156655.19,
      "ask_depth_100": 131860.07,
      "bid_depth_500": 156655.19,
      "ask_depth_500": 131860.07,
      "imbalance": 0.0859,
      "score": 86.7
    },
    "DOT": {
      "tradeable": true,
      "spread_pct": 0.045705,
      "bid_depth_50": 114062.44,
      "ask_depth_50": 212749.27,
      "bid_depth_100": 114062.44,
      "ask_depth_100": 212749.27,
      "bid_depth_500": 114062.44,
      "ask_depth_500": 212749.27,
      "imbalance": -0.302,
      "score": 56.6
    },
    "ENA": {
      "tradeable": true,
      "spread_pct": 0.029244,
      "bid_depth_50": 254650.4,
      "ask_depth_50": 268678.26,
      "bid_depth_100": 254650.4,
      "ask_depth_100": 268678.26,
      "bid_depth_500": 254650.4,
      "ask_depth_500": 268678.26,
      "imbalance": -0.0268,
      "score": 80.8
    },
    "ETH": {
      "tradeable": true,
      "spread_pct": 0.004674,
      "bid_depth_50": 8730796.32,
      "ask_depth_50": 8135031.66,
      "bid_depth_100": 8730796.32,
      "ask_depth_100": 8135031.66,
      "bid_depth_500": 8730796.32,
      "ask_depth_500": 8135031.66,
      "imbalance": 0.0353,
      "score": 100
    },
    "FARTCOIN": {
      "tradeable": true,
      "spread_pct": 0.035467,
      "bid_depth_50": 71488.57,
      "ask_depth_50": 42757.68,
      "bid_depth_100": 71488.57,
      "ask_depth_100": 42757.68,
      "bid_depth_500": 71488.57,
      "ask_depth_500": 42757.68,
      "imbalance": 0.2515,
      "score": 57.4
    },
    "HYPE": {
      "tradeable": true,
      "spread_pct": 0.002509,
      "bid_depth_50": 55071.7,
      "ask_depth_50": 134631.02,
      "bid_depth_100": 55071.7,
      "ask_depth_100": 134631.02,
      "bid_depth_500": 55071.7,
      "ask_depth_500": 134631.02,
      "imbalance": -0.4194,
      "score": 86.2
    },
    "INJ": {
      "tradeable": true,
      "spread_pct": 0.029914,
      "bid_depth_50": 39496.86,
      "ask_depth_50": 31079.94,
      "bid_depth_100": 39496.86,
      "ask_depth_100": 31079.94,
      "bid_depth_500": 39496.86,
      "ask_depth_500": 31079.94,
      "imbalance": 0.1193,
      "score": 61.0
    },
    "JUP": {
      "tradeable": true,
      "spread_pct": 0.031247,
      "bid_depth_50": 54871.3,
      "ask_depth_50": 40306.55,
      "bid_depth_100": 54871.3,
      "ask_depth_100": 40306.55,
      "bid_depth_500": 54871.3,
      "ask_depth_500": 40306.55,
      "imbalance": 0.153,
      "score": 60.8
    },
    "LDO": {
      "tradeable": true,
      "spread_pct": 0.037061,
      "bid_depth_50": 35043.37,
      "ask_depth_50": 87668.68,
      "bid_depth_100": 35043.37,
      "ask_depth_100": 87668.68,
      "bid_depth_500": 35043.37,
      "ask_depth_500": 87668.68,
      "imbalance": -0.4289,
      "score": 56.2
    },
    "LINK": {
      "tradeable": true,
      "spread_pct": 0.013294,
      "bid_depth_50": 131272.06,
      "ask_depth_50": 65015.45,
      "bid_depth_100": 131272.06,
      "ask_depth_100": 65015.45,
      "bid_depth_500": 131272.06,
      "ask_depth_500": 65015.45,
      "imbalance": 0.3375,
      "score": 83.2
    },
    "LTC": {
      "tradeable": true,
      "spread_pct": 0.005382,
      "bid_depth_50": 141069.69,
      "ask_depth_50": 152907.69,
      "bid_depth_100": 141069.69,
      "ask_depth_100": 152907.69,
      "bid_depth_500": 141069.69,
      "ask_depth_500": 152907.69,
      "imbalance": -0.0403,
      "score": 90.8
    },
    "NEAR": {
      "tradeable": true,
      "spread_pct": 0.029775,
      "bid_depth_50": 190243.98,
      "ask_depth_50": 142477.81,
      "bid_depth_100": 190243.98,
      "ask_depth_100": 142477.81,
      "bid_depth_500": 190243.98,
      "ask_depth_500": 142477.81,
      "imbalance": 0.1436,
      "score": 72.8
    },
    "ONDO": {
      "tradeable": true,
      "spread_pct": 0.023471,
      "bid_depth_50": 49163.49,
      "ask_depth_50": 79986.75,
      "bid_depth_100": 49163.49,
      "ask_depth_100": 79986.75,
      "bid_depth_500": 49163.49,
      "ask_depth_500": 79986.75,
      "imbalance": -0.2387,
      "score": 70.0
    },
    "OP": {
      "tradeable": true,
      "spread_pct": 0.016614,
      "bid_depth_50": 49130.26,
      "ask_depth_50": 115049.33,
      "bid_depth_100": 49130.26,
      "ask_depth_100": 115049.33,
      "bid_depth_500": 49130.26,
      "ask_depth_500": 115049.33,
      "imbalance": -0.4015,
      "score": 78.5
    },
    "PAXG": {
      "tradeable": true,
      "spread_pct": 0.002146,
      "bid_depth_50": 621059.48,
      "ask_depth_50": 322769.65,
      "bid_depth_100": 621059.48,
      "ask_depth_100": 322769.65,
      "bid_depth_500": 621059.48,
      "ask_depth_500": 322769.65,
      "imbalance": 0.316,
      "score": 100
    },
    "PUMP": {
      "tradeable": false,
      "spread_pct": 0.10846,
      "bid_depth_50": 499109.12,
      "ask_depth_50": 309481.7,
      "bid_depth_100": 828975.84,