{
  "timestamp": "2026-03-26T03:31:36.008337+00:00",
  "coins": {
    "AAVE": {
      "tradeable": true,
      "spread_pct": 0.018082,
      "bid_depth_50": 217431.23,
      "ask_depth_50": 418521.17,
      "bid_depth_100": 217431.23,
      "ask_depth_100": 418521.17,
      "bid_depth_500": 217431.23,
      "ask_depth_500": 418521.17,
      "imbalance": -0.3162,
      "score": 91.9
    },
    "ADA": {
      "tradeable": true,
      "spread_pct": 0.018794,
      "bid_depth_50": 107685.9,
      "ask_depth_50": 113067.45,
      "bid_depth_100": 107685.9,
      "ask_depth_100": 113067.45,
      "bid_depth_500": 107685.9,
      "ask_depth_500": 113067.45,
      "imbalance": -0.0244,
      "score": 78.8
    },
    "APT": {
      "tradeable": true,
      "spread_pct": 0.009629,
      "bid_depth_50": 50963.14,
      "ask_depth_50": 61458.03,
      "bid_depth_100": 50963.14,
      "ask_depth_100": 61458.03,
      "bid_depth_500": 50963.14,
      "ask_depth_500": 61458.03,
      "imbalance": -0.0934,
      "score": 82.8
    },
    "ARB": {
      "tradeable": true,
      "spread_pct": 0.020587,
      "bid_depth_50": 128455.84,
      "ask_depth_50": 253851.72,
      "bid_depth_100": 128455.84,
      "ask_depth_100": 253851.72,
      "bid_depth_500": 128455.84,
      "ask_depth_500": 253851.72,
      "imbalance": -0.328,
      "score": 84.2
    },
    "AVAX": {
      "tradeable": true,
      "spread_pct": 0.019881,
      "bid_depth_50": 84474.45,
      "ask_depth_50": 79147.99,
      "bid_depth_100": 84474.45,
      "ask_depth_100": 79147.99,
      "bid_depth_500": 84474.45,
      "ask_depth_500": 79147.99,
      "imbalance": 0.0326,
      "score": 75.2
    },
    "BCH": {
      "tradeable": true,
      "spread_pct": 0.012762,
      "bid_depth_50": 67503.46,
      "ask_depth_50": 73408.78,
      "bid_depth_100": 67503.46,
      "ask_depth_100": 73408.78,
      "bid_depth_500": 67503.46,
      "ask_depth_500": 73408.78,
      "imbalance": -0.0419,
      "score": 81.3
    },
    "BNB": {
      "tradeable": true,
      "spread_pct": 0.001559,
      "bid_depth_50": 71828.49,
      "ask_depth_50": 68741.15,
      "bid_depth_100": 71828.49,
      "ask_depth_100": 68741.15,
      "bid_depth_500": 71828.49,
      "ask_depth_500": 68741.15,
      "imbalance": 0.022,
      "score": 84.0
    },
    "BTC": {
      "tradeable": true,
      "spread_pct": 0.001414,
      "bid_depth_50": 1186762.48,
      "ask_depth_50": 16075778.15,
      "bid_depth_100": 1186762.48,
      "ask_depth_100": 16075778.15,
      "bid_depth_500": 1186762.48,
      "ask_depth_500": 16075778.15,
      "imbalance": -0.8625,
      "score": 100
    },
    "CRV": {
      "tradeable": true,
      "spread_pct": 0.00876,
      "bid_depth_50": 90724.41,
      "ask_depth_50": 92908.45,
      "bid_depth_100": 90724.41,
      "ask_depth_100": 92908.45,
      "bid_depth_500": 90724.41,
      "ask_depth_500": 92908.45,
      "imbalance": -0.0119,
      "score": 85.9
    },
    "DOGE": {
      "tradeable": true,
      "spread_pct": 0.010604,
      "bid_depth_50": 103920.05,
      "ask_depth_50": 223017.06,
      "bid_depth_100": 103920.05,
      "ask_depth_100": 223017.06,
      "bid_depth_500": 103920.05,
      "ask_depth_500": 223017.06,
      "imbalance": -0.3643,
      "score": 91.7
    },
    "DOT": {
      "tradeable": false,
      "spread_pct": 0.052217,
      "bid_depth_50": 70875.78,
      "ask_depth_50": 152386.34,
      "bid_depth_100": 70875.78,
      "ask_depth_100": 152386.34,
      "bid_depth_500": 70875.78,
      "ask_depth_500": 152386.34,
      "imbalance": -0.3651,
      "score": 57.6
    },
    "ENA": {
      "tradeable": false,
      "spread_pct": 0.05729,
      "bid_depth_50": 254191.5,
      "ask_depth_50": 264153.71,
      "bid_depth_100": 254191.5,
      "ask_depth_100": 264153.71,
      "bid_depth_500": 254191.5,
      "ask_depth_500": 264153.71,
      "imbalance": -0.0192,
      "score": 69.5
    },
    "ETH": {
      "tradeable": true,
      "spread_pct": 0.004655,
      "bid_depth_50": 6554205.37,
      "ask_depth_50": 12044949.16,
      "bid_depth_100": 6554205.37,
      "ask_depth_100": 12044949.16,
      "bid_depth_500": 6554205.37,
      "ask_depth_500": 12044949.16,
      "imbalance": -0.2952,
      "score": 100
    },
    "FARTCOIN": {
      "tradeable": false,
      "spread_pct": 0.059005,
      "bid_depth_50": 68225.44,
      "ask_depth_50": 69603.27,
      "bid_depth_100": 68225.44,
      "ask_depth_100": 69603.27,
      "bid_depth_500": 68225.44,
      "ask_depth_500": 69603.27,
      "imbalance": -0.01,
      "score": 53.3
    },
    "HYPE": {
      "tradeable": true,
      "spread_pct": 0.002538,
      "bid_depth_50": 109714.96,
      "ask_depth_50": 197951.06,
      "bid_depth_100": 109714.96,
      "ask_depth_100": 197951.06,
      "bid_depth_500": 109714.96,
      "ask_depth_500": 197951.06,
      "imbalance": -0.2868,
      "score": 91.5
    },
    "INJ": {
      "tradeable": true,
      "spread_pct": 0.046279,
      "bid_depth_50": 38089.34,
      "ask_depth_50": 38775.24,
      "bid_depth_100": 38089.34,
      "ask_depth_100": 38775.24,
      "bid_depth_500": 38089.34,
      "ask_depth_500": 38775.24,
      "imbalance": -0.0089,
      "score": 44.9
    },
    "JUP": {
      "tradeable": false,
      "spread_pct": 0.052233,
      "bid_depth_50": 59351.25,
      "ask_depth_50": 38187.9,
      "bid_depth_100": 59351.25,
      "ask_depth_100": 38187.9,
      "bid_depth_500": 59351.25,
      "ask_depth_500": 38187.9,
      "imbalance": 0.217,
      "score": 52.0
    },
    "LDO": {
      "tradeable": true,
      "spread_pct": 0.03377,
      "bid_depth_50": 33188.59,
      "ask_depth_50": 24935.0,
      "bid_depth_100": 33188.59,
      "ask_depth_100": 24935.0,
      "bid_depth_500": 33188.59,
      "ask_depth_500": 24935.0,
      "imbalance": 0.142,
      "score": 56.6
    },
    "LINK": {
      "tradeable": true,
      "spread_pct": 0.006494,
      "bid_depth_50": 125408.89,
      "ask_depth_50": 130025.52,
      "bid_depth_100": 125408.89,
      "ask_depth_100": 130025.52,
      "bid_depth_500": 125408.89,
      "ask_depth_500": 130025.52,
      "imbalance": -0.0181,
      "score": 89.1
    },
    "LTC": {
      "tradeable": true,
      "spread_pct": 0.010746,
      "bid_depth_50": 104680.66,
      "ask_depth_50": 154016.73,
      "bid_depth_100": 104680.66,
      "ask_depth_100": 154016.73,
      "bid_depth_500": 104680.66,
      "ask_depth_500": 154016.73,
      "imbalance": -0.1907,
      "score": 88.5
    },
    "NEAR": {
      "tradeable": true,
      "spread_pct": 0.015932,
      "bid_depth_50": 76613.42,
      "ask_depth_50": 182681.15,
      "bid_depth_100": 76613.42,
      "ask_depth_100": 182681.15,
      "bid_depth_500": 76613.42,
      "ask_depth_500": 182681.15,
      "imbalance": -0.4091,
      "score": 83.4
    },
    "ONDO": {
      "tradeable": true,
      "spread_pct": 0.033745,
      "bid_depth_50": 33463.95,
      "ask_depth_50": 51868.14,
      "bid_depth_100": 33463.95,
      "ask_depth_100": 51868.14,
      "bid_depth_500": 33463.95,
      "ask_depth_500": 51868.14,
      "imbalance": -0.2157,
      "score": 57.8
    },
    "OP": {
      "tradeable": true,
      "spread_pct": 0.017926,
      "bid_depth_50": 62550.98,
      "ask_depth_50": 93332.08,
      "bid_depth_100": 62550.98,
      "ask_depth_100": 93332.08,
      "bid_depth_500": 62550.98,
      "ask_depth_500": 93332.08,
      "imbalance": -0.1975,
      "score": 76.8
    },
    "PAXG": {
      "tradeable": true,
      "spread_pct": 0.022166,
      "bid_depth_50": 585091.44,
      "ask_depth_50": 590403.78,
      "bid_depth_100": 585091.44,
      "ask_depth_100": 590403.78,
      "bid_depth_500": 585091.44,
      "ask_depth_500": 590403.78,
      "imbalance": -0.0045,
      "score": 87.8
    },
    "PUMP": {
      "tradeable": false,
      "spread_pct": 0.053319,
      "bid_depth_50": 315780.84,
      "ask_depth_50": 360127.64,
      "bid_depth_100": 700317.82,