{
  "timestamp": "2026-03-18T08:21:24.739279+00:00",
  "coins": {
    "BTC": {
      "tradeable": true,
      "spread_pct": 0.001351,
      "bid_depth_50": 4453706.5,
      "ask_depth_50": 2453786.31,
      "bid_depth_100": 4453706.5,
      "ask_depth_100": 2453786.31,
      "bid_depth_500": 4453706.5,
      "ask_depth_500": 2453786.31,
      "imbalance": 0.2895,
      "score": 100
    },
    "ETH": {
      "tradeable": true,
      "spread_pct": 0.00431,
      "bid_depth_50": 9037271.56,
      "ask_depth_50": 5842354.43,
      "bid_depth_100": 9037271.56,
      "ask_depth_100": 5842354.43,
      "bid_depth_500": 9037271.56,
      "ask_depth_500": 5842354.43,
      "imbalance": 0.2147,
      "score": 100
    },
    "SOL": {
      "tradeable": true,
      "spread_pct": 0.001063,
      "bid_depth_50": 257150.54,
      "ask_depth_50": 599546.46,
      "bid_depth_100": 257150.54,
      "ask_depth_100": 599546.46,
      "bid_depth_500": 257150.54,
      "ask_depth_500": 599546.46,
      "imbalance": -0.3997,
      "score": 100
    },
    "DOGE": {
      "tradeable": true,
      "spread_pct": 0.001002,
      "bid_depth_50": 99393.77,
      "ask_depth_50": 206891.3,
      "bid_depth_100": 99393.77,
      "ask_depth_100": 206891.3,
      "bid_depth_500": 99393.77,
      "ask_depth_500": 206891.3,
      "imbalance": -0.351,
      "score": 91.4
    },
    "AVAX": {
      "tradeable": true,
      "spread_pct": 0.019505,
      "bid_depth_50": 384475.34,
      "ask_depth_50": 406433.2,
      "bid_depth_100": 384475.34,
      "ask_depth_100": 406433.2,
      "bid_depth_500": 384475.34,
      "ask_depth_500": 406433.2,
      "imbalance": -0.0278,
      "score": 90.5
    },
    "LINK": {
      "tradeable": true,
      "spread_pct": 0.008138,
      "bid_depth_50": 125373.57,
      "ask_depth_50": 130419.63,
      "bid_depth_100": 125373.57,
      "ask_depth_100": 130419.63,
      "bid_depth_500": 125373.57,
      "ask_depth_500": 130419.63,
      "imbalance": -0.0197,
      "score": 89.1
    },
    "ARB": {
      "tradeable": true,
      "spread_pct": 0.027761,
      "bid_depth_50": 196567.13,
      "ask_depth_50": 157387.12,
      "bid_depth_100": 196567.13,
      "ask_depth_100": 157387.12,
      "bid_depth_500": 196567.13,
      "ask_depth_500": 157387.12,
      "imbalance": 0.1107,
      "score": 75.7
    },
    "NEAR": {
      "tradeable": true,
      "spread_pct": 0.041681,
      "bid_depth_50": 143709.28,
      "ask_depth_50": 74330.51,
      "bid_depth_100": 143709.28,
      "ask_depth_100": 74330.51,
      "bid_depth_500": 143709.28,
      "ask_depth_500": 74330.51,
      "imbalance": 0.3182,
      "score": 55.8
    },
    "SUI": {
      "tradeable": true,
      "spread_pct": 0.009707,
      "bid_depth_50": 501600.52,
      "ask_depth_50": 656159.3,
      "bid_depth_100": 501600.52,
      "ask_depth_100": 656159.3,
      "bid_depth_500": 501600.52,
      "ask_depth_500": 656159.3,
      "imbalance": -0.1335,
      "score": 100
    },
    "INJ": {
      "tradeable": true,
      "spread_pct": 0.037197,
      "bid_depth_50": 36066.0,
      "ask_depth_50": 42415.39,
      "bid_depth_100": 257708.87,
      "ask_depth_100": 42415.39,
      "bid_depth_500": 257708.87,
      "ask_depth_500": 42415.39,
      "imbalance": -0.0809,
      "score": 63.9
    }
  }
}