{
  "timestamp": "2026-03-18T10:10:23.192498+00:00",
  "coins": {
    "BTC": {
      "tradeable": true,
      "spread_pct": 0.001349,
      "bid_depth_50": 2296704.12,
      "ask_depth_50": 6055920.3,
      "bid_depth_100": 2296704.12,
      "ask_depth_100": 6055920.3,
      "bid_depth_500": 2296704.12,
      "ask_depth_500": 6055920.3,
      "imbalance": -0.4501,
      "score": 100
    },
    "ETH": {
      "tradeable": true,
      "spread_pct": 0.004296,
      "bid_depth_50": 7479046.36,
      "ask_depth_50": 9623509.06,
      "bid_depth_100": 7479046.36,
      "ask_depth_100": 9623509.06,
      "bid_depth_500": 7479046.36,
      "ask_depth_500": 9623509.06,
      "imbalance": -0.1254,
      "score": 100
    },
    "SOL": {
      "tradeable": true,
      "spread_pct": 0.001061,
      "bid_depth_50": 257871.61,
      "ask_depth_50": 561811.13,
      "bid_depth_100": 257871.61,
      "ask_depth_100": 561811.13,
      "bid_depth_500": 257871.61,
      "ask_depth_500": 561811.13,
      "imbalance": -0.3708,
      "score": 100
    },
    "DOGE": {
      "tradeable": true,
      "spread_pct": 0.001003,
      "bid_depth_50": 150990.7,
      "ask_depth_50": 226043.5,
      "bid_depth_100": 150990.7,
      "ask_depth_100": 226043.5,
      "bid_depth_500": 150990.7,
      "ask_depth_500": 226043.5,
      "imbalance": -0.1991,
      "score": 94.5
    },
    "AVAX": {
      "tradeable": true,
      "spread_pct": 0.009757,
      "bid_depth_50": 1967138.34,
      "ask_depth_50": 367269.32,
      "bid_depth_100": 1967138.34,
      "ask_depth_100": 367269.32,
      "bid_depth_500": 1967138.34,
      "ask_depth_500": 367269.32,
      "imbalance": 0.6853,
      "score": 100
    },
    "LINK": {
      "tradeable": true,
      "spread_pct": 0.012225,
      "bid_depth_50": 81385.83,
      "ask_depth_50": 117298.79,
      "bid_depth_100": 81385.83,
      "ask_depth_100": 117298.79,
      "bid_depth_500": 81385.83,
      "ask_depth_500": 117298.79,
      "imbalance": -0.1808,
      "score": 84.4
    },
    "ARB": {
      "tradeable": true,
      "spread_pct": 0.009289,
      "bid_depth_50": 148162.55,
      "ask_depth_50": 267829.08,
      "bid_depth_100": 148162.55,
      "ask_depth_100": 267829.08,
      "bid_depth_500": 148162.55,
      "ask_depth_500": 267829.08,
      "imbalance": -0.2877,
      "score": 96.3
    },
    "NEAR": {
      "tradeable": true,
      "spread_pct": 0.027541,
      "bid_depth_50": 126357.41,
      "ask_depth_50": 77374.16,
      "bid_depth_100": 126357.41,
      "ask_depth_100": 77374.16,
      "bid_depth_500": 126357.41,
      "ask_depth_500": 77374.16,
      "imbalance": 0.2404,
      "score": 69.3
    },
    "SUI": {
      "tradeable": true,
      "spread_pct": 0.00973,
      "bid_depth_50": 360047.33,
      "ask_depth_50": 640911.34,
      "bid_depth_100": 360047.33,
      "ask_depth_100": 640911.34,
      "bid_depth_500": 360047.33,
      "ask_depth_500": 640911.34,
      "imbalance": -0.2806,
      "score": 100
    },
    "INJ": {
      "tradeable": true,
      "spread_pct": 0.030987,
      "bid_depth_50": 195574.13,
      "ask_depth_50": 43317.84,
      "bid_depth_100": 259540.55,
      "ask_depth_100": 43317.84,
      "bid_depth_500": 259540.55,
      "ask_depth_500": 43317.84,
      "imbalance": 0.6373,
      "score": 70.3
    }
  }
}