{
  "timestamp": "2026-03-19T08:53:27.218624+00:00",
  "coins": {
    "AAVE": {
      "tradeable": true,
      "spread_pct": 0.017505,
      "bid_depth_50": 305651.17,
      "ask_depth_50": 180212.03,
      "bid_depth_100": 305651.17,
      "ask_depth_100": 180212.03,
      "bid_depth_500": 305651.17,
      "ask_depth_500": 180212.03,
      "imbalance": 0.2582,
      "score": 91.9
    },
    "ADA": {
      "tradeable": true,
      "spread_pct": 0.003725,
      "bid_depth_50": 130402.94,
      "ask_depth_50": 80633.94,
      "bid_depth_100": 130402.94,
      "ask_depth_100": 80633.94,
      "bid_depth_500": 130402.94,
      "ask_depth_500": 80633.94,
      "imbalance": 0.2358,
      "score": 87.2
    },
    "APT": {
      "tradeable": true,
      "spread_pct": 0.010349,
      "bid_depth_50": 92520.62,
      "ask_depth_50": 60232.87,
      "bid_depth_100": 92520.62,
      "ask_depth_100": 60232.87,
      "bid_depth_500": 92520.62,
      "ask_depth_500": 60232.87,
      "imbalance": 0.2114,
      "score": 84.2
    },
    "ARB": {
      "tradeable": true,
      "spread_pct": 0.009949,
      "bid_depth_50": 127621.14,
      "ask_depth_50": 198348.96,
      "bid_depth_100": 127621.14,
      "ask_depth_100": 198348.96,
      "bid_depth_500": 127621.14,
      "ask_depth_500": 198348.96,
      "imbalance": -0.217,
      "score": 92.3
    },
    "AVAX": {
      "tradeable": true,
      "spread_pct": 0.00105,
      "bid_depth_50": 105438.21,
      "ask_depth_50": 63556.1,
      "bid_depth_100": 105438.21,
      "ask_depth_100": 63556.1,
      "bid_depth_500": 105438.21,
      "ask_depth_500": 63556.1,
      "imbalance": 0.2478,
      "score": 85.3
    },
    "BCH": {
      "tradeable": true,
      "spread_pct": 0.010954,
      "bid_depth_50": 79292.88,
      "ask_depth_50": 47855.15,
      "bid_depth_100": 79292.88,
      "ask_depth_100": 47855.15,
      "bid_depth_500": 79292.88,
      "ask_depth_500": 47855.15,
      "imbalance": 0.2473,
      "score": 82.5
    },
    "BNB": {
      "tradeable": true,
      "spread_pct": 0.001554,
      "bid_depth_50": 110557.14,
      "ask_depth_50": 93129.47,
      "bid_depth_100": 110557.14,
      "ask_depth_100": 93129.47,
      "bid_depth_500": 110557.14,
      "ask_depth_500": 93129.47,
      "imbalance": 0.0856,
      "score": 86.8
    },
    "BTC": {
      "tradeable": true,
      "spread_pct": 0.00143,
      "bid_depth_50": 1623381.05,
      "ask_depth_50": 8710662.45,
      "bid_depth_100": 1623381.05,
      "ask_depth_100": 8710662.45,
      "bid_depth_500": 1623381.05,
      "ask_depth_500": 8710662.45,
      "imbalance": -0.6858,
      "score": 100
    },
    "CRV": {
      "tradeable": true,
      "spread_pct": 0.033698,
      "bid_depth_50": 93905.89,
      "ask_depth_50": 88592.99,
      "bid_depth_100": 93905.89,
      "ask_depth_100": 88592.99,
      "bid_depth_500": 93905.89,
      "ask_depth_500": 88592.99,
      "imbalance": 0.0291,
      "score": 62.2
    },
    "DOGE": {
      "tradeable": true,
      "spread_pct": 0.009547,
      "bid_depth_50": 228364.83,
      "ask_depth_50": 174064.55,
      "bid_depth_100": 228364.83,
      "ask_depth_100": 174064.55,
      "bid_depth_500": 228364.83,
      "ask_depth_500": 174064.55,
      "imbalance": 0.1349,
      "score": 95.7
    },
    "DOT": {
      "tradeable": true,
      "spread_pct": 0.045747,
      "bid_depth_50": 73932.84,
      "ask_depth_50": 76985.81,
      "bid_depth_100": 73932.84,
      "ask_depth_100": 76985.81,
      "bid_depth_500": 73932.84,
      "ask_depth_500": 76985.81,
      "imbalance": -0.0202,
      "score": 48.7
    },
    "ENA": {
      "tradeable": true,
      "spread_pct": 0.047835,
      "bid_depth_50": 206602.31,
      "ask_depth_50": 264528.9,
      "bid_depth_100": 206602.31,
      "ask_depth_100": 264528.9,
      "bid_depth_500": 206602.31,
      "ask_depth_500": 264528.9,
      "imbalance": -0.123,
      "score": 60.9
    },
    "ETH": {
      "tradeable": true,
      "spread_pct": 0.00463,
      "bid_depth_50": 9043923.94,
      "ask_depth_50": 4194577.34,
      "bid_depth_100": 9043923.94,
      "ask_depth_100": 4194577.34,
      "bid_depth_500": 9043923.94,
      "ask_depth_500": 4194577.34,
      "imbalance": 0.3663,
      "score": 100
    },
    "FARTCOIN": {
      "tradeable": true,
      "spread_pct": 0.005214,
      "bid_depth_50": 27715.72,
      "ask_depth_50": 56726.19,
      "bid_depth_100": 27715.72,
      "ask_depth_100": 56726.19,
      "bid_depth_500": 27715.72,
      "ask_depth_500": 56726.19,
      "imbalance": -0.3436,
      "score": 81.5
    },
    "HYPE": {
      "tradeable": true,
      "spread_pct": 0.025191,
      "bid_depth_50": 190650.21,
      "ask_depth_50": 153719.94,
      "bid_depth_100": 190650.21,
      "ask_depth_100": 153719.94,
      "bid_depth_500": 190650.21,
      "ask_depth_500": 153719.94,
      "imbalance": 0.1072,
      "score": 77.9
    },
    "INJ": {
      "tradeable": true,
      "spread_pct": 0.033257,
      "bid_depth_50": 31837.34,
      "ask_depth_50": 27034.71,
      "bid_depth_100": 31837.34,
      "ask_depth_100": 201072.95,
      "bid_depth_500": 31837.34,
      "ask_depth_500": 201072.95,
      "imbalance": 0.0816,
      "score": 64.9
    },
    "JUP": {
      "tradeable": false,
      "spread_pct": 0.068291,
      "bid_depth_50": 43812.02,
      "ask_depth_50": 61342.64,
      "bid_depth_100": 43812.02,
      "ask_depth_100": 61342.64,
      "bid_depth_500": 43812.02,
      "ask_depth_500": 61342.64,
      "imbalance": -0.1667,
      "score": 51.2
    },
    "LDO": {
      "tradeable": true,
      "spread_pct": 0.036716,
      "bid_depth_50": 28731.56,
      "ask_depth_50": 75777.09,
      "bid_depth_100": 28731.56,
      "ask_depth_100": 75777.09,
      "bid_depth_500": 28731.56,
      "ask_depth_500": 75777.09,
      "imbalance": -0.4502,
      "score": 55.7
    },
    "LINK": {
      "tradeable": true,
      "spread_pct": 0.014298,
      "bid_depth_50": 101399.52,
      "ask_depth_50": 150969.86,
      "bid_depth_100": 101399.52,
      "ask_depth_100": 150969.86,
      "bid_depth_500": 101399.52,
      "ask_depth_500": 150969.86,
      "imbalance": -0.1964,
      "score": 84.7
    },
    "LTC": {
      "tradeable": true,
      "spread_pct": 0.007245,
      "bid_depth_50": 162404.52,
      "ask_depth_50": 144955.16,
      "bid_depth_100": 162404.52,
      "ask_depth_100": 144955.16,
      "bid_depth_500": 162404.52,
      "ask_depth_500": 144955.16,
      "imbalance": 0.0568,
      "score": 91.4
    },
    "NEAR": {
      "tradeable": true,
      "spread_pct": 0.044448,
      "bid_depth_50": 158340.49,
      "ask_depth_50": 117901.27,
      "bid_depth_100": 158340.49,
      "ask_depth_100": 117901.27,
      "bid_depth_500": 158340.49,
      "ask_depth_500": 117901.27,
      "imbalance": 0.1464,
      "score": 55.6
    },
    "ONDO": {
      "tradeable": true,
      "spread_pct": 0.042143,
      "bid_depth_50": 57268.58,
      "ask_depth_50": 87202.1,
      "bid_depth_100": 57268.58,
      "ask_depth_100": 87202.1,
      "bid_depth_500": 57268.58,
      "ask_depth_500": 87202.1,
      "imbalance": -0.2072,
      "score": 52.1
    },
    "OP": {
      "tradeable": true,
      "spread_pct": 0.024527,
      "bid_depth_50": 36587.01,
      "ask_depth_50": 92709.6,
      "bid_depth_100": 39973.87,
      "ask_depth_100": 92709.6,
      "bid_depth_500": 39973.87,
      "ask_depth_500": 92709.6,
      "imbalance": -0.4341,
      "score": 69.1
    },
    "PAXG": {
      "tradeable": true,
      "spread_pct": 0.002124,
      "bid_depth_50": 548048.77,
      "ask_depth_50": 404068.19,
      "bid_depth_100": 548048.77,
      "ask_depth_100": 404068.19,
      "bid_depth_500": 548048.77,
      "ask_depth_500": 404068.19,
      "imbalance": 0.1512,
      "score": 100
    },
    "PUMP": {
      "tradeable": false,
      "spread_pct": 0.10582,
      "bid_depth_50": 481740.3,
      "ask_depth_50": 440740.71,
      "bid_depth_100": 937858.12,
      "ask_depth_100": 795305.87,