{
  "timestamp": "2026-03-25T10:29:31.111455+00:00",
  "coins": {
    "AAVE": {
      "tradeable": true,
      "spread_pct": 0.017522,
      "bid_depth_50": 258220.01,
      "ask_depth_50": 174871.36,
      "bid_depth_100": 258220.01,
      "ask_depth_100": 174871.36,
      "bid_depth_500": 258220.01,
      "ask_depth_500": 174871.36,
      "imbalance": 0.1925,
      "score": 89.5
    },
    "ADA": {
      "tradeable": true,
      "spread_pct": 0.010996,
      "bid_depth_50": 98468.75,
      "ask_depth_50": 85593.18,
      "bid_depth_100": 98468.75,
      "ask_depth_100": 85593.18,
      "bid_depth_500": 98468.75,
      "ask_depth_500": 85593.18,
      "imbalance": 0.07,
      "score": 85.0
    },
    "APT": {
      "tradeable": true,
      "spread_pct": 0.018625,
      "bid_depth_50": 68071.9,
      "ask_depth_50": 59880.42,
      "bid_depth_100": 68071.9,
      "ask_depth_100": 59880.42,
      "bid_depth_500": 68071.9,
      "ask_depth_500": 59880.42,
      "imbalance": 0.064,
      "score": 74.8
    },
    "ARB": {
      "tradeable": true,
      "spread_pct": 0.020237,
      "bid_depth_50": 153599.18,
      "ask_depth_50": 112802.06,
      "bid_depth_100": 153599.18,
      "ask_depth_100": 112802.06,
      "bid_depth_500": 153599.18,
      "ask_depth_500": 112802.06,
      "imbalance": 0.1531,
      "score": 79.4
    },
    "AVAX": {
      "tradeable": true,
      "spread_pct": 0.001028,
      "bid_depth_50": 63416.38,
      "ask_depth_50": 74601.72,
      "bid_depth_100": 63416.38,
      "ask_depth_100": 74601.72,
      "bid_depth_500": 63416.38,
      "ask_depth_500": 74601.72,
      "imbalance": -0.081,
      "score": 83.9
    },
    "BCH": {
      "tradeable": true,
      "spread_pct": 0.014617,
      "bid_depth_50": 84735.72,
      "ask_depth_50": 85264.07,
      "bid_depth_100": 84735.72,
      "ask_depth_100": 85264.07,
      "bid_depth_500": 84735.72,
      "ask_depth_500": 85264.07,
      "imbalance": -0.0031,
      "score": 80.7
    },
    "BNB": {
      "tradeable": true,
      "spread_pct": 0.006181,
      "bid_depth_50": 54362.31,
      "ask_depth_50": 93288.22,
      "bid_depth_100": 54362.31,
      "ask_depth_100": 93288.22,
      "bid_depth_500": 54362.31,
      "ask_depth_500": 93288.22,
      "imbalance": -0.2636,
      "score": 84.3
    },
    "BTC": {
      "tradeable": true,
      "spread_pct": 0.001401,
      "bid_depth_50": 6111058.83,
      "ask_depth_50": 1131052.05,
      "bid_depth_100": 6111058.83,
      "ask_depth_100": 1131052.05,
      "bid_depth_500": 6111058.83,
      "ask_depth_500": 1131052.05,
      "imbalance": 0.6876,
      "score": 100
    },
    "CRV": {
      "tradeable": true,
      "spread_pct": 0.047392,
      "bid_depth_50": 103945.41,
      "ask_depth_50": 97019.52,
      "bid_depth_100": 103945.41,
      "ask_depth_100": 97019.52,
      "bid_depth_500": 103945.41,
      "ask_depth_500": 97019.52,
      "imbalance": 0.0345,
      "score": 49.3
    },
    "DOGE": {
      "tradeable": true,
      "spread_pct": 0.00103,
      "bid_depth_50": 270431.98,
      "ask_depth_50": 151890.34,
      "bid_depth_100": 270431.98,
      "ask_depth_100": 151890.34,
      "bid_depth_500": 270431.98,
      "ask_depth_500": 151890.34,
      "imbalance": 0.2807,
      "score": 96.5
    },
    "DOT": {
      "tradeable": true,
      "spread_pct": 0.035905,
      "bid_depth_50": 84810.93,
      "ask_depth_50": 121429.84,
      "bid_depth_100": 84810.93,
      "ask_depth_100": 121429.84,
      "bid_depth_500": 84810.93,
      "ask_depth_500": 121429.84,
      "imbalance": -0.1776,
      "score": 61.0
    },
    "ENA": {
      "tradeable": true,
      "spread_pct": 0.024948,
      "bid_depth_50": 121419.19,
      "ask_depth_50": 71998.09,
      "bid_depth_100": 121419.19,
      "ask_depth_100": 71998.09,
      "bid_depth_500": 121419.19,
      "ask_depth_500": 71998.09,
      "imbalance": 0.2555,
      "score": 71.4
    },
    "ETH": {
      "tradeable": true,
      "spread_pct": 0.004578,
      "bid_depth_50": 10480788.2,
      "ask_depth_50": 8164962.21,
      "bid_depth_100": 10480788.2,
      "ask_depth_100": 8164962.21,
      "bid_depth_500": 10480788.2,
      "ask_depth_500": 8164962.21,
      "imbalance": 0.1242,
      "score": 100
    },
    "FARTCOIN": {
      "tradeable": true,
      "spread_pct": 0.010385,
      "bid_depth_50": 52920.55,
      "ask_depth_50": 86390.2,
      "bid_depth_100": 52920.55,
      "ask_depth_100": 86390.2,
      "bid_depth_500": 52920.55,
      "ask_depth_500": 86390.2,
      "imbalance": -0.2403,
      "score": 83.6
    },
    "HYPE": {
      "tradeable": true,
      "spread_pct": 0.012255,
      "bid_depth_50": 118190.37,
      "ask_depth_50": 155056.07,
      "bid_depth_100": 118190.37,
      "ask_depth_100": 155056.07,
      "bid_depth_500": 118190.37,
      "ask_depth_500": 155056.07,
      "imbalance": -0.1349,
      "score": 87.7
    },
    "INJ": {
      "tradeable": true,
      "spread_pct": 0.003242,
      "bid_depth_50": 41297.27,
      "ask_depth_50": 155620.47,
      "bid_depth_100": 41297.27,
      "ask_depth_100": 155642.48,
      "bid_depth_500": 41297.27,
      "ask_depth_500": 155642.48,
      "imbalance": -0.5806,
      "score": 86.5
    },
    "JUP": {
      "tradeable": true,
      "spread_pct": 0.031453,
      "bid_depth_50": 31862.9,
      "ask_depth_50": 30509.9,
      "bid_depth_100": 31862.9,
      "ask_depth_100": 30509.9,
      "bid_depth_500": 31862.9,
      "ask_depth_500": 30509.9,
      "imbalance": 0.0217,
      "score": 59.1
    },
    "LDO": {
      "tradeable": true,
      "spread_pct": 0.029741,
      "bid_depth_50": 88316.13,
      "ask_depth_50": 30054.67,
      "bid_depth_100": 88316.13,
      "ask_depth_100": 30054.67,
      "bid_depth_500": 88316.13,
      "ask_depth_500": 30054.67,
      "imbalance": 0.4922,
      "score": 63.3
    },
    "LINK": {
      "tradeable": true,
      "spread_pct": 0.014907,
      "bid_depth_50": 150342.84,
      "ask_depth_50": 95877.99,
      "bid_depth_100": 150342.84,
      "ask_depth_100": 95877.99,
      "bid_depth_500": 150342.84,
      "ask_depth_500": 95877.99,
      "imbalance": 0.2212,
      "score": 83.8
    },
    "LTC": {
      "tradeable": true,
      "spread_pct": 0.010624,
      "bid_depth_50": 99985.62,
      "ask_depth_50": 73128.93,
      "bid_depth_100": 99985.62,
      "ask_depth_100": 73128.93,
      "bid_depth_500": 99985.62,
      "ask_depth_500": 73128.93,
      "imbalance": 0.1551,
      "score": 84.8
    },
    "NEAR": {
      "tradeable": true,
      "spread_pct": 0.030755,
      "bid_depth_50": 107376.63,
      "ask_depth_50": 39577.59,
      "bid_depth_100": 107376.63,
      "ask_depth_100": 39577.59,
      "bid_depth_500": 107376.63,
      "ask_depth_500": 39577.59,
      "imbalance": 0.4614,
      "score": 63.6
    },
    "ONDO": {
      "tradeable": true,
      "spread_pct": 0.038361,
      "bid_depth_50": 46553.05,
      "ask_depth_50": 53682.94,
      "bid_depth_100": 46553.05,
      "ask_depth_100": 53682.94,
      "bid_depth_500": 46553.05,
      "ask_depth_500": 53682.94,
      "imbalance": -0.0711,
      "score": 53.9
    },
    "OP": {
      "tradeable": false,
      "spread_pct": 0.05253,
      "bid_depth_50": 46963.53,
      "ask_depth_50": 69461.77,
      "bid_depth_100": 60653.28,
      "ask_depth_100": 69461.77,
      "bid_depth_500": 60653.28,
      "ask_depth_500": 69461.77,
      "imbalance": -0.1932,
      "score": 53.4
    },
    "PAXG": {
      "tradeable": true,
      "spread_pct": 0.002196,
      "bid_depth_50": 462532.97,
      "ask_depth_50": 443549.88,
      "bid_depth_100": 462532.97,
      "ask_depth_100": 443549.88,
      "bid_depth_500": 462532.97,
      "ask_depth_500": 443549.88,
      "imbalance": 0.021,
      "score": 100
    },
    "PUMP": {
      "tradeable": false,
      "spread_pct": 0.053462,
      "bid_depth_50": 378471.18,
      "ask_depth_50": 307830.93,
      "bid_depth_100": 724793.09,
      "ask_depth_100": 754871.28,