{
  "timestamp": "2026-03-18T21:04:45.350314+00:00",
  "coins": {
    "AAVE": {
      "tradeable": true,
      "spread_pct": 0.017489,
      "bid_depth_50": 203219.96,
      "ask_depth_50": 233885.32,
      "bid_depth_100": 203219.96,
      "ask_depth_100": 233885.32,
      "bid_depth_500": 203219.96,
      "ask_depth_500": 233885.32,
      "imbalance": -0.0702,
      "score": 89.7
    },
    "ADA": {
      "tradeable": true,
      "spread_pct": 0.025605,
      "bid_depth_50": 148666.69,
      "ask_depth_50": 104483.01,
      "bid_depth_100": 148666.69,
      "ask_depth_100": 104483.01,
      "bid_depth_500": 148666.69,
      "ask_depth_500": 104483.01,
      "imbalance": 0.1745,
      "score": 73.4
    },
    "APT": {
      "tradeable": true,
      "spread_pct": 0.041165,
      "bid_depth_50": 77787.03,
      "ask_depth_50": 63753.52,
      "bid_depth_100": 77787.03,
      "ask_depth_100": 63753.52,
      "bid_depth_500": 77787.03,
      "ask_depth_500": 63753.52,
      "imbalance": 0.0991,
      "score": 52.9
    },
    "ARB": {
      "tradeable": true,
      "spread_pct": 0.029313,
      "bid_depth_50": 167833.27,
      "ask_depth_50": 137977.38,
      "bid_depth_100": 167833.27,
      "ask_depth_100": 137977.38,
      "bid_depth_500": 167833.27,
      "ask_depth_500": 137977.38,
      "imbalance": 0.0976,
      "score": 72.1
    },
    "AVAX": {
      "tradeable": true,
      "spread_pct": 0.009306,
      "bid_depth_50": 103252.04,
      "ask_depth_50": 102509.54,
      "bid_depth_100": 103252.04,
      "ask_depth_100": 102509.54,
      "bid_depth_500": 103252.04,
      "ask_depth_500": 102509.54,
      "imbalance": 0.0036,
      "score": 86.9
    },
    "BCH": {
      "tradeable": true,
      "spread_pct": 0.010974,
      "bid_depth_50": 83156.37,
      "ask_depth_50": 71524.07,
      "bid_depth_100": 83156.37,
      "ask_depth_100": 71524.07,
      "bid_depth_500": 83156.37,
      "ask_depth_500": 71524.07,
      "imbalance": 0.0752,
      "score": 83.7
    },
    "BNB": {
      "tradeable": true,
      "spread_pct": 0.001538,
      "bid_depth_50": 139675.36,
      "ask_depth_50": 105619.21,
      "bid_depth_100": 139675.36,
      "ask_depth_100": 105619.21,
      "bid_depth_500": 139675.36,
      "ask_depth_500": 105619.21,
      "imbalance": 0.1388,
      "score": 88.7
    },
    "BTC": {
      "tradeable": true,
      "spread_pct": 0.001403,
      "bid_depth_50": 5767527.13,
      "ask_depth_50": 1976301.86,
      "bid_depth_100": 5767527.13,
      "ask_depth_100": 1976301.86,
      "bid_depth_500": 5767527.13,
      "ask_depth_500": 1976301.86,
      "imbalance": 0.4896,
      "score": 100
    },
    "CRV": {
      "tradeable": false,
      "spread_pct": 0.050115,
      "bid_depth_50": 84089.72,
      "ask_depth_50": 77134.74,
      "bid_depth_100": 84089.72,
      "ask_depth_100": 77134.74,
      "bid_depth_500": 84089.72,
      "ask_depth_500": 77134.74,
      "imbalance": 0.0431,
      "score": 54.9
    },
    "DOGE": {
      "tradeable": true,
      "spread_pct": 0.001053,
      "bid_depth_50": 88527.93,
      "ask_depth_50": 475855.76,
      "bid_depth_100": 88527.93,
      "ask_depth_100": 475855.76,
      "bid_depth_500": 88527.93,
      "ask_depth_500": 475855.76,
      "imbalance": -0.6863,
      "score": 100
    },
    "DOT": {
      "tradeable": true,
      "spread_pct": 0.032017,
      "bid_depth_50": 101643.73,
      "ask_depth_50": 82157.33,
      "bid_depth_100": 101643.73,
      "ask_depth_100": 82157.33,
      "bid_depth_500": 101643.73,
      "ask_depth_500": 82157.33,
      "imbalance": 0.106,
      "score": 63.9
    },
    "ENA": {
      "tradeable": true,
      "spread_pct": 0.027705,
      "bid_depth_50": 173728.62,
      "ask_depth_50": 318694.37,
      "bid_depth_100": 173728.62,
      "ask_depth_100": 318694.37,
      "bid_depth_500": 173728.62,
      "ask_depth_500": 318694.37,
      "imbalance": -0.2944,
      "score": 82.0
    },
    "ETH": {
      "tradeable": true,
      "spread_pct": 0.004564,
      "bid_depth_50": 7618539.79,
      "ask_depth_50": 5456322.07,
      "bid_depth_100": 7618539.79,
      "ask_depth_100": 5456322.07,
      "bid_depth_500": 7618539.79,
      "ask_depth_500": 5456322.07,
      "imbalance": 0.1654,
      "score": 100
    },
    "FARTCOIN": {
      "tradeable": true,
      "spread_pct": 0.018927,
      "bid_depth_50": 65460.17,
      "ask_depth_50": 39916.2,
      "bid_depth_100": 65460.17,
      "ask_depth_100": 39916.2,
      "bid_depth_500": 65460.17,
      "ask_depth_500": 39916.2,
      "imbalance": 0.2424,
      "score": 73.5
    },
    "HYPE": {
      "tradeable": true,
      "spread_pct": 0.002342,
      "bid_depth_50": 121286.04,
      "ask_depth_50": 112342.27,
      "bid_depth_100": 121286.04,
      "ask_depth_100": 112342.27,
      "bid_depth_500": 121286.04,
      "ask_depth_500": 112342.27,
      "imbalance": 0.0383,
      "score": 88.2
    },
    "INJ": {
      "tradeable": false,
      "spread_pct": 0.100834,
      "bid_depth_50": 42499.73,
      "ask_depth_50": 41207.37,
      "bid_depth_100": 47072.12,
      "ask_depth_100": 41207.37,
      "bid_depth_500": 47072.12,
      "ask_depth_500": 41207.37,
      "imbalance": 0.0154,
      "score": 48.3
    },
    "JUP": {
      "tradeable": true,
      "spread_pct": 0.036839,
      "bid_depth_50": 52703.83,
      "ask_depth_50": 41882.95,
      "bid_depth_100": 52703.83,
      "ask_depth_100": 41882.95,
      "bid_depth_500": 52703.83,
      "ask_depth_500": 41882.95,
      "imbalance": 0.1144,
      "score": 55.1
    },
    "LDO": {
      "tradeable": true,
      "spread_pct": 0.029742,
      "bid_depth_50": 29149.26,
      "ask_depth_50": 61263.13,
      "bid_depth_100": 29149.26,
      "ask_depth_100": 61263.13,
      "bid_depth_500": 29149.26,
      "ask_depth_500": 61263.13,
      "imbalance": -0.3552,
      "score": 62.1
    },
    "LINK": {
      "tradeable": true,
      "spread_pct": 0.004338,
      "bid_depth_50": 145793.8,
      "ask_depth_50": 101409.3,
      "bid_depth_100": 145793.8,
      "ask_depth_100": 101409.3,
      "bid_depth_500": 145793.8,
      "ask_depth_500": 101409.3,
      "imbalance": 0.1795,
      "score": 88.8
    },
    "LTC": {
      "tradeable": true,
      "spread_pct": 0.019607,
      "bid_depth_50": 159101.29,
      "ask_depth_50": 130433.09,
      "bid_depth_100": 159101.29,
      "ask_depth_100": 130433.09,
      "bid_depth_500": 159101.29,
      "ask_depth_500": 130433.09,
      "imbalance": 0.099,
      "score": 81.0
    },
    "NEAR": {
      "tradeable": true,
      "spread_pct": 0.014295,
      "bid_depth_50": 189257.78,
      "ask_depth_50": 127821.02,
      "bid_depth_100": 189257.78,
      "ask_depth_100": 127821.02,
      "bid_depth_500": 189257.78,
      "ask_depth_500": 127821.02,
      "imbalance": 0.1938,
      "score": 87.6
    },
    "ONDO": {
      "tradeable": true,
      "spread_pct": 0.015064,
      "bid_depth_50": 69162.42,
      "ask_depth_50": 60006.42,
      "bid_depth_100": 69162.42,
      "ask_depth_100": 60006.42,
      "bid_depth_500": 69162.42,
      "ask_depth_500": 60006.42,
      "imbalance": 0.0709,
      "score": 78.5
    },
    "OP": {
      "tradeable": true,
      "spread_pct": 0.031548,
      "bid_depth_50": 80276.72,
      "ask_depth_50": 79187.26,
      "bid_depth_100": 80276.72,
      "ask_depth_100": 79187.26,
      "bid_depth_500": 80276.72,
      "ask_depth_500": 79187.26,
      "imbalance": 0.0068,
      "score": 63.3
    },
    "PAXG": {
      "tradeable": true,
      "spread_pct": 0.002077,
      "bid_depth_50": 156796.63,
      "ask_depth_50": 206447.43,
      "bid_depth_100": 156796.63,
      "ask_depth_100": 206447.43,
      "bid_depth_500": 156796.63,
      "ask_depth_500": 206447.43,
      "imbalance": -0.1367,
      "score": 93.9
    },
    "PUMP": {
      "tradeable": false,
      "spread_pct": 0.050929,
      "bid_depth_50": 374174.04,
      "ask_depth_50": 339234.53,
      "bid_depth_100": 776313.07,