{
  "timestamp": "2026-03-19T10:26:33.486022+00:00",
  "coins": {
    "AAVE": {
      "tradeable": true,
      "spread_pct": 0.017381,
      "bid_depth_50": 270747.02,
      "ask_depth_50": 304200.55,
      "bid_depth_100": 270747.02,
      "ask_depth_100": 304200.55,
      "bid_depth_500": 270747.02,
      "ask_depth_500": 304200.55,
      "imbalance": -0.0582,
      "score": 92.6
    },
    "ADA": {
      "tradeable": true,
      "spread_pct": 0.025817,
      "bid_depth_50": 130214.14,
      "ask_depth_50": 106358.6,
      "bid_depth_100": 130214.14,
      "ask_depth_100": 106358.6,
      "bid_depth_500": 130214.14,
      "ask_depth_500": 106358.6,
      "imbalance": 0.1008,
      "score": 72.5
    },
    "APT": {
      "tradeable": true,
      "spread_pct": 0.020693,
      "bid_depth_50": 137344.62,
      "ask_depth_50": 101259.35,
      "bid_depth_100": 137344.62,
      "ask_depth_100": 101259.35,
      "bid_depth_500": 137344.62,
      "ask_depth_500": 101259.35,
      "imbalance": 0.1512,
      "score": 77.7
    },
    "ARB": {
      "tradeable": true,
      "spread_pct": 0.029696,
      "bid_depth_50": 158856.74,
      "ask_depth_50": 219617.84,
      "bid_depth_100": 158856.74,
      "ask_depth_100": 219617.84,
      "bid_depth_500": 158856.74,
      "ask_depth_500": 219617.84,
      "imbalance": -0.1605,
      "score": 74.9
    },
    "AVAX": {
      "tradeable": true,
      "spread_pct": 0.016688,
      "bid_depth_50": 129415.42,
      "ask_depth_50": 95740.57,
      "bid_depth_100": 129415.42,
      "ask_depth_100": 95740.57,
      "bid_depth_500": 129415.42,
      "ask_depth_500": 95740.57,
      "imbalance": 0.1496,
      "score": 81.1
    },
    "BCH": {
      "tradeable": true,
      "spread_pct": 0.002178,
      "bid_depth_50": 101354.94,
      "ask_depth_50": 112500.89,
      "bid_depth_100": 101354.94,
      "ask_depth_100": 112500.89,
      "bid_depth_500": 101354.94,
      "ask_depth_500": 112500.89,
      "imbalance": -0.0521,
      "score": 87.3
    },
    "BNB": {
      "tradeable": true,
      "spread_pct": 0.012342,
      "bid_depth_50": 112268.17,
      "ask_depth_50": 74532.29,
      "bid_depth_100": 112268.17,
      "ask_depth_100": 74532.29,
      "bid_depth_500": 112268.17,
      "ask_depth_500": 74532.29,
      "imbalance": 0.202,
      "score": 83.7
    },
    "BTC": {
      "tradeable": true,
      "spread_pct": 0.00142,
      "bid_depth_50": 2581437.44,
      "ask_depth_50": 4371823.68,
      "bid_depth_100": 2581437.44,
      "ask_depth_100": 4371823.68,
      "bid_depth_500": 2581437.44,
      "ask_depth_500": 4371823.68,
      "imbalance": -0.2575,
      "score": 100
    },
    "CRV": {
      "tradeable": false,
      "spread_pct": 0.058678,
      "bid_depth_50": 92696.01,
      "ask_depth_50": 100221.55,
      "bid_depth_100": 92696.01,
      "ask_depth_100": 100221.55,
      "bid_depth_500": 92696.01,
      "ask_depth_500": 100221.55,
      "imbalance": -0.039,
      "score": 55.8
    },
    "DOGE": {
      "tradeable": true,
      "spread_pct": 0.001054,
      "bid_depth_50": 102948.79,
      "ask_depth_50": 233596.85,
      "bid_depth_100": 102948.79,
      "ask_depth_100": 233596.85,
      "bid_depth_500": 102948.79,
      "ask_depth_500": 233596.85,
      "imbalance": -0.3882,
      "score": 92.7
    },
    "DOT": {
      "tradeable": true,
      "spread_pct": 0.012982,
      "bid_depth_50": 98145.88,
      "ask_depth_50": 97212.63,
      "bid_depth_100": 98145.88,
      "ask_depth_100": 97212.63,
      "bid_depth_500": 98145.88,
      "ask_depth_500": 97212.63,
      "imbalance": 0.0048,
      "score": 83.5
    },
    "ENA": {
      "tradeable": false,
      "spread_pct": 0.057715,
      "bid_depth_50": 226695.95,
      "ask_depth_50": 212561.85,
      "bid_depth_100": 226695.95,
      "ask_depth_100": 212561.85,
      "bid_depth_500": 226695.95,
      "ask_depth_500": 212561.85,
      "imbalance": 0.0322,
      "score": 66.8
    },
    "ETH": {
      "tradeable": true,
      "spread_pct": 0.00458,
      "bid_depth_50": 8079500.49,
      "ask_depth_50": 6615519.59,
      "bid_depth_100": 8079500.49,
      "ask_depth_100": 6615519.59,
      "bid_depth_500": 8079500.49,
      "ask_depth_500": 6615519.59,
      "imbalance": 0.0996,
      "score": 100
    },
    "FARTCOIN": {
      "tradeable": true,
      "spread_pct": 0.005114,
      "bid_depth_50": 71336.27,
      "ask_depth_50": 40596.63,
      "bid_depth_100": 71336.27,
      "ask_depth_100": 40596.63,
      "bid_depth_500": 71336.27,
      "ask_depth_500": 40596.63,
      "imbalance": 0.2746,
      "score": 82.8
    },
    "HYPE": {
      "tradeable": true,
      "spread_pct": 0.010015,
      "bid_depth_50": 98568.29,
      "ask_depth_50": 147420.14,
      "bid_depth_100": 98568.29,
      "ask_depth_100": 147420.14,
      "bid_depth_500": 98568.29,
      "ask_depth_500": 147420.14,
      "imbalance": -0.1986,
      "score": 88.7
    },
    "INJ": {
      "tradeable": false,
      "spread_pct": 0.062813,
      "bid_depth_50": 44454.84,
      "ask_depth_50": 35651.78,
      "bid_depth_100": 44454.84,
      "ask_depth_100": 199880.32,
      "bid_depth_500": 44454.84,
      "ask_depth_500": 199880.32,
      "imbalance": 0.1099,
      "score": 57.8
    },
    "JUP": {
      "tradeable": true,
      "spread_pct": 0.03061,
      "bid_depth_50": 40273.79,
      "ask_depth_50": 44946.12,
      "bid_depth_100": 40273.79,
      "ask_depth_100": 44946.12,
      "bid_depth_500": 40273.79,
      "ask_depth_500": 44946.12,
      "imbalance": -0.0548,
      "score": 61.0
    },
    "LDO": {
      "tradeable": true,
      "spread_pct": 0.019885,
      "bid_depth_50": 27043.07,
      "ask_depth_50": 73039.72,
      "bid_depth_100": 27043.07,
      "ask_depth_100": 73039.72,
      "bid_depth_500": 27043.07,
      "ask_depth_500": 73039.72,
      "imbalance": -0.4596,
      "score": 72.3
    },
    "LINK": {
      "tradeable": true,
      "spread_pct": 0.001093,
      "bid_depth_50": 125897.91,
      "ask_depth_50": 80363.8,
      "bid_depth_100": 125897.91,
      "ask_depth_100": 80363.8,
      "bid_depth_500": 125897.91,
      "ask_depth_500": 80363.8,
      "imbalance": 0.2208,
      "score": 86.9
    },
    "LTC": {
      "tradeable": true,
      "spread_pct": 0.010789,
      "bid_depth_50": 164896.21,
      "ask_depth_50": 134886.67,
      "bid_depth_100": 164896.21,
      "ask_depth_100": 134886.67,
      "bid_depth_500": 164896.21,
      "ask_depth_500": 134886.67,
      "imbalance": 0.1001,
      "score": 90.3
    },
    "NEAR": {
      "tradeable": true,
      "spread_pct": 0.022095,
      "bid_depth_50": 169381.18,
      "ask_depth_50": 137332.59,
      "bid_depth_100": 169381.18,
      "ask_depth_100": 137332.59,
      "bid_depth_500": 169381.18,
      "ask_depth_500": 137332.59,
      "imbalance": 0.1045,
      "score": 79.3
    },
    "ONDO": {
      "tradeable": true,
      "spread_pct": 0.003812,
      "bid_depth_50": 50319.04,
      "ask_depth_50": 76792.17,
      "bid_depth_100": 50319.04,
      "ask_depth_100": 76792.17,
      "bid_depth_500": 50319.04,
      "ask_depth_500": 76792.17,
      "imbalance": -0.2083,
      "score": 83.4
    },
    "OP": {
      "tradeable": true,
      "spread_pct": 0.008158,
      "bid_depth_50": 38674.33,
      "ask_depth_50": 128223.22,
      "bid_depth_100": 133984.19,
      "ask_depth_100": 128223.22,
      "bid_depth_500": 133984.19,
      "ask_depth_500": 128223.22,
      "imbalance": -0.5366,
      "score": 89.4
    },
    "PAXG": {
      "tradeable": true,
      "spread_pct": 0.01282,
      "bid_depth_50": 619939.42,
      "ask_depth_50": 412411.63,
      "bid_depth_100": 619939.42,
      "ask_depth_100": 412411.63,
      "bid_depth_500": 619939.42,
      "ask_depth_500": 412411.63,
      "imbalance": 0.201,
      "score": 97.2
    },
    "PUMP": {
      "tradeable": false,
      "spread_pct": 0.052535,
      "bid_depth_50": 455818.25,
      "ask_depth_50": 387448.23,
      "bid_depth_100": 741955.43,