{
  "timestamp": "2026-03-19T12:00:20.894398+00:00",
  "coins": {
    "AAVE": {
      "tradeable": true,
      "spread_pct": 0.017495,
      "bid_depth_50": 205045.24,
      "ask_depth_50": 449700.78,
      "bid_depth_100": 205045.24,
      "ask_depth_100": 449700.78,
      "bid_depth_500": 205045.24,
      "ask_depth_500": 449700.78,
      "imbalance": -0.3737,
      "score": 92.5
    },
    "ADA": {
      "tradeable": true,
      "spread_pct": 0.014896,
      "bid_depth_50": 121963.85,
      "ask_depth_50": 136833.29,
      "bid_depth_100": 121963.85,
      "ask_depth_100": 136833.29,
      "bid_depth_500": 121963.85,
      "ask_depth_500": 136833.29,
      "imbalance": -0.0575,
      "score": 84.4
    },
    "APT": {
      "tradeable": true,
      "spread_pct": 0.031093,
      "bid_depth_50": 84842.43,
      "ask_depth_50": 65738.08,
      "bid_depth_100": 84842.43,
      "ask_depth_100": 65738.08,
      "bid_depth_500": 84842.43,
      "ask_depth_500": 65738.08,
      "imbalance": 0.1269,
      "score": 63.4
    },
    "ARB": {
      "tradeable": true,
      "spread_pct": 0.00996,
      "bid_depth_50": 130669.33,
      "ask_depth_50": 171110.53,
      "bid_depth_100": 130669.33,
      "ask_depth_100": 171110.53,
      "bid_depth_500": 130669.33,
      "ask_depth_500": 171110.53,
      "imbalance": -0.134,
      "score": 91.2
    },
    "AVAX": {
      "tradeable": true,
      "spread_pct": 0.025149,
      "bid_depth_50": 126711.66,
      "ask_depth_50": 84148.28,
      "bid_depth_100": 126711.66,
      "ask_depth_100": 84148.28,
      "bid_depth_500": 126711.66,
      "ask_depth_500": 84148.28,
      "imbalance": 0.2019,
      "score": 72.0
    },
    "BCH": {
      "tradeable": true,
      "spread_pct": 0.013178,
      "bid_depth_50": 140084.62,
      "ask_depth_50": 80514.66,
      "bid_depth_100": 140084.62,
      "ask_depth_100": 80514.66,
      "bid_depth_500": 140084.62,
      "ask_depth_500": 80514.66,
      "imbalance": 0.27,
      "score": 84.4
    },
    "BNB": {
      "tradeable": true,
      "spread_pct": 0.001554,
      "bid_depth_50": 154241.42,
      "ask_depth_50": 61712.55,
      "bid_depth_100": 154241.42,
      "ask_depth_100": 61712.55,
      "bid_depth_500": 154241.42,
      "ask_depth_500": 61712.55,
      "imbalance": 0.4285,
      "score": 87.4
    },
    "BTC": {
      "tradeable": true,
      "spread_pct": 0.001431,
      "bid_depth_50": 3532164.64,
      "ask_depth_50": 2346764.96,
      "bid_depth_100": 3532164.64,
      "ask_depth_100": 2346764.96,
      "bid_depth_500": 3532164.64,
      "ask_depth_500": 2346764.96,
      "imbalance": 0.2016,
      "score": 100
    },
    "CRV": {
      "tradeable": false,
      "spread_pct": 0.054763,
      "bid_depth_50": 117917.82,
      "ask_depth_50": 101512.24,
      "bid_depth_100": 117917.82,
      "ask_depth_100": 101512.24,
      "bid_depth_500": 117917.82,
      "ask_depth_500": 101512.24,
      "imbalance": 0.0748,
      "score": 57.2
    },
    "DOGE": {
      "tradeable": true,
      "spread_pct": 0.001065,
      "bid_depth_50": 129418.73,
      "ask_depth_50": 267991.3,
      "bid_depth_100": 129418.73,
      "ask_depth_100": 267991.3,
      "bid_depth_500": 129418.73,
      "ask_depth_500": 267991.3,
      "imbalance": -0.3487,
      "score": 95.4
    },
    "DOT": {
      "tradeable": true,
      "spread_pct": 0.032462,
      "bid_depth_50": 104758.48,
      "ask_depth_50": 105036.46,
      "bid_depth_100": 104758.48,
      "ask_depth_100": 105036.46,
      "bid_depth_500": 104758.48,
      "ask_depth_500": 105036.46,
      "imbalance": -0.0013,
      "score": 64.6
    },
    "ENA": {
      "tradeable": true,
      "spread_pct": 0.019352,
      "bid_depth_50": 265339.91,
      "ask_depth_50": 2704786.92,
      "bid_depth_100": 265339.91,
      "ask_depth_100": 2704786.92,
      "bid_depth_500": 265339.91,
      "ask_depth_500": 2704786.92,
      "imbalance": -0.8213,
      "score": 90.6
    },
    "ETH": {
      "tradeable": true,
      "spread_pct": 0.004617,
      "bid_depth_50": 7166714.32,
      "ask_depth_50": 8145717.88,
      "bid_depth_100": 7166714.32,
      "ask_depth_100": 8145717.88,
      "bid_depth_500": 7166714.32,
      "ask_depth_500": 8145717.88,
      "imbalance": -0.0639,
      "score": 100
    },
    "FARTCOIN": {
      "tradeable": true,
      "spread_pct": 0.005208,
      "bid_depth_50": 42153.52,
      "ask_depth_50": 34005.68,
      "bid_depth_100": 42153.52,
      "ask_depth_100": 34005.68,
      "bid_depth_500": 42153.52,
      "ask_depth_500": 34005.68,
      "imbalance": 0.107,
      "score": 81.2
    },
    "HYPE": {
      "tradeable": true,
      "spread_pct": 0.025329,
      "bid_depth_50": 148924.11,
      "ask_depth_50": 174538.58,
      "bid_depth_100": 148924.11,
      "ask_depth_100": 174538.58,
      "bid_depth_500": 148924.11,
      "ask_depth_500": 174538.58,
      "imbalance": -0.0792,
      "score": 76.8
    },
    "INJ": {
      "tradeable": false,
      "spread_pct": 0.053344,
      "bid_depth_50": 177569.3,
      "ask_depth_50": 32035.44,
      "bid_depth_100": 177569.3,
      "ask_depth_100": 34287.18,
      "bid_depth_500": 177569.3,
      "ask_depth_500": 34287.18,
      "imbalance": 0.6943,
      "score": 57.0
    },
    "JUP": {
      "tradeable": false,
      "spread_pct": 0.055633,
      "bid_depth_50": 50897.59,
      "ask_depth_50": 46225.75,
      "bid_depth_100": 50897.59,
      "ask_depth_100": 46225.75,
      "bid_depth_500": 50897.59,
      "ask_depth_500": 46225.75,
      "imbalance": 0.0481,
      "score": 51.7
    },
    "LDO": {
      "tradeable": true,
      "spread_pct": 0.040122,
      "bid_depth_50": 34000.75,
      "ask_depth_50": 44241.19,
      "bid_depth_100": 34000.75,
      "ask_depth_100": 44241.19,
      "bid_depth_500": 34000.75,
      "ask_depth_500": 44241.19,
      "imbalance": -0.1309,
      "score": 51.1
    },
    "LINK": {
      "tradeable": true,
      "spread_pct": 0.011001,
      "bid_depth_50": 109577.56,
      "ask_depth_50": 116387.55,
      "bid_depth_100": 109577.56,
      "ask_depth_100": 116387.55,
      "bid_depth_500": 109577.56,
      "ask_depth_500": 116387.55,
      "imbalance": -0.0301,
      "score": 86.8
    },
    "LTC": {
      "tradeable": true,
      "spread_pct": 0.001807,
      "bid_depth_50": 129734.21,
      "ask_depth_50": 143312.19,
      "bid_depth_100": 129734.21,
      "ask_depth_100": 143312.19,
      "bid_depth_500": 129734.21,
      "ask_depth_500": 143312.19,
      "imbalance": -0.0497,
      "score": 89.9
    },
    "NEAR": {
      "tradeable": true,
      "spread_pct": 0.022154,
      "bid_depth_50": 156415.48,
      "ask_depth_50": 120977.37,
      "bid_depth_100": 156415.48,
      "ask_depth_100": 120977.37,
      "bid_depth_500": 156415.48,
      "ask_depth_500": 120977.37,
      "imbalance": 0.1278,
      "score": 78.0
    },
    "ONDO": {
      "tradeable": true,
      "spread_pct": 0.019236,
      "bid_depth_50": 44065.45,
      "ask_depth_50": 67157.9,
      "bid_depth_100": 44065.45,
      "ask_depth_100": 67157.9,
      "bid_depth_500": 44065.45,
      "ask_depth_500": 67157.9,
      "imbalance": -0.2076,
      "score": 73.5
    },
    "OP": {
      "tradeable": true,
      "spread_pct": 0.024571,
      "bid_depth_50": 35948.71,
      "ask_depth_50": 99069.88,
      "bid_depth_100": 130201.17,
      "ask_depth_100": 99069.88,
      "bid_depth_500": 130201.17,
      "ask_depth_500": 99069.88,
      "imbalance": -0.4675,
      "score": 73.4
    },
    "PAXG": {
      "tradeable": true,
      "spread_pct": 0.002152,
      "bid_depth_50": 581595.9,
      "ask_depth_50": 442059.45,
      "bid_depth_100": 581595.9,
      "ask_depth_100": 442059.45,
      "bid_depth_500": 581595.9,
      "ask_depth_500": 442059.45,
      "imbalance": 0.1363,
      "score": 100
    },
    "PUMP": {
      "tradeable": false,
      "spread_pct": 0.053121,
      "bid_depth_50": 454096.11,
      "ask_depth_50": 308835.69,
      "bid_depth_100": 844273.65,