{
  "timestamp": "2026-03-24T06:36:18.950806+00:00",
  "coins": {
    "AAVE": {
      "tradeable": true,
      "spread_pct": 0.018287,
      "bid_depth_50": 281719.55,
      "ask_depth_50": 493087.89,
      "bid_depth_100": 281719.55,
      "ask_depth_100": 493087.89,
      "bid_depth_500": 281719.55,
      "ask_depth_500": 493087.89,
      "imbalance": -0.2728,
      "score": 91.7
    },
    "ADA": {
      "tradeable": true,
      "spread_pct": 0.011516,
      "bid_depth_50": 122973.18,
      "ask_depth_50": 118466.39,
      "bid_depth_100": 122973.18,
      "ask_depth_100": 118466.39,
      "bid_depth_500": 122973.18,
      "ask_depth_500": 118466.39,
      "imbalance": 0.0187,
      "score": 87.0
    },
    "APT": {
      "tradeable": true,
      "spread_pct": 0.028595,
      "bid_depth_50": 69534.24,
      "ask_depth_50": 61507.26,
      "bid_depth_100": 69534.24,
      "ask_depth_100": 61507.26,
      "bid_depth_500": 69534.24,
      "ask_depth_500": 61507.26,
      "imbalance": 0.0613,
      "score": 65.0
    },
    "ARB": {
      "tradeable": true,
      "spread_pct": 0.03117,
      "bid_depth_50": 80338.86,
      "ask_depth_50": 277579.66,
      "bid_depth_100": 80338.86,
      "ask_depth_100": 277579.66,
      "bid_depth_500": 80338.86,
      "ask_depth_500": 277579.66,
      "imbalance": -0.5511,
      "score": 72.5
    },
    "AVAX": {
      "tradeable": true,
      "spread_pct": 0.006296,
      "bid_depth_50": 32134.93,
      "ask_depth_50": 38057.97,
      "bid_depth_100": 32134.93,
      "ask_depth_100": 38057.97,
      "bid_depth_500": 32134.93,
      "ask_depth_500": 38057.97,
      "imbalance": -0.0844,
      "score": 80.9
    },
    "BCH": {
      "tradeable": true,
      "spread_pct": 0.004208,
      "bid_depth_50": 55431.3,
      "ask_depth_50": 67948.91,
      "bid_depth_100": 55431.3,
      "ask_depth_100": 67948.91,
      "bid_depth_500": 55431.3,
      "ask_depth_500": 67948.91,
      "imbalance": -0.1015,
      "score": 83.3
    },
    "BNB": {
      "tradeable": true,
      "spread_pct": 0.004762,
      "bid_depth_50": 74209.88,
      "ask_depth_50": 60233.85,
      "bid_depth_100": 74209.88,
      "ask_depth_100": 60233.85,
      "bid_depth_500": 74209.88,
      "ask_depth_500": 60233.85,
      "imbalance": 0.104,
      "score": 83.8
    },
    "BTC": {
      "tradeable": true,
      "spread_pct": 0.00142,
      "bid_depth_50": 4424068.76,
      "ask_depth_50": 1658700.79,
      "bid_depth_100": 4424068.76,
      "ask_depth_100": 1658700.79,
      "bid_depth_500": 4424068.76,
      "ask_depth_500": 1658700.79,
      "imbalance": 0.4546,
      "score": 100
    },
    "CRV": {
      "tradeable": true,
      "spread_pct": 0.009111,
      "bid_depth_50": 63623.82,
      "ask_depth_50": 86858.18,
      "bid_depth_100": 63623.82,
      "ask_depth_100": 86858.18,
      "bid_depth_500": 63623.82,
      "ask_depth_500": 86858.18,
      "imbalance": -0.1544,
      "score": 84.5
    },
    "DOGE": {
      "tradeable": true,
      "spread_pct": 0.010685,
      "bid_depth_50": 64856.59,
      "ask_depth_50": 307094.3,
      "bid_depth_100": 64856.59,
      "ask_depth_100": 307094.3,
      "bid_depth_500": 64856.59,
      "ask_depth_500": 307094.3,
      "imbalance": -0.6513,
      "score": 93.6
    },
    "DOT": {
      "tradeable": true,
      "spread_pct": 0.014154,
      "bid_depth_50": 319167.3,
      "ask_depth_50": 189128.36,
      "bid_depth_100": 319167.3,
      "ask_depth_100": 189128.36,
      "bid_depth_500": 319167.3,
      "ask_depth_500": 189128.36,
      "imbalance": 0.2558,
      "score": 95.8
    },
    "ENA": {
      "tradeable": true,
      "spread_pct": 0.00754,
      "bid_depth_50": 52983.14,
      "ask_depth_50": 44302.48,
      "bid_depth_100": 52983.14,
      "ask_depth_100": 44302.48,
      "bid_depth_500": 52983.14,
      "ask_depth_500": 44302.48,
      "imbalance": 0.0892,
      "score": 82.1
    },
    "ETH": {
      "tradeable": true,
      "spread_pct": 0.004671,
      "bid_depth_50": 6837832.3,
      "ask_depth_50": 9515089.95,
      "bid_depth_100": 6837832.3,
      "ask_depth_100": 9515089.95,
      "bid_depth_500": 6837832.3,
      "ask_depth_500": 9515089.95,
      "imbalance": -0.1637,
      "score": 100
    },
    "FARTCOIN": {
      "tradeable": false,
      "spread_pct": 0.078895,
      "bid_depth_50": 60521.38,
      "ask_depth_50": 97661.58,
      "bid_depth_100": 60521.38,
      "ask_depth_100": 97661.58,
      "bid_depth_500": 60521.38,
      "ask_depth_500": 97661.58,
      "imbalance": -0.2348,
      "score": 52.9
    },
    "HYPE": {
      "tradeable": true,
      "spread_pct": 0.002627,
      "bid_depth_50": 144239.69,
      "ask_depth_50": 185149.29,
      "bid_depth_100": 144239.69,
      "ask_depth_100": 185149.29,
      "bid_depth_500": 144239.69,
      "ask_depth_500": 185149.29,
      "imbalance": -0.1242,
      "score": 92.4
    },
    "INJ": {
      "tradeable": true,
      "spread_pct": 0.049186,
      "bid_depth_50": 169077.44,
      "ask_depth_50": 36572.8,
      "bid_depth_100": 169077.44,
      "ask_depth_100": 38964.38,
      "bid_depth_500": 169077.44,
      "ask_depth_500": 38964.38,
      "imbalance": 0.6443,
      "score": 47.8
    },
    "JUP": {
      "tradeable": true,
      "spread_pct": 0.039164,
      "bid_depth_50": 51447.06,
      "ask_depth_50": 45127.16,
      "bid_depth_100": 51447.06,
      "ask_depth_100": 45127.16,
      "bid_depth_500": 51447.06,
      "ask_depth_500": 45127.16,
      "imbalance": 0.0654,
      "score": 52.9
    },
    "LDO": {
      "tradeable": true,
      "spread_pct": 0.034296,
      "bid_depth_50": 54269.29,
      "ask_depth_50": 41294.19,
      "bid_depth_100": 54269.29,
      "ask_depth_100": 41294.19,
      "bid_depth_500": 54269.29,
      "ask_depth_500": 41294.19,
      "imbalance": 0.1358,
      "score": 57.7
    },
    "LINK": {
      "tradeable": true,
      "spread_pct": 0.016479,
      "bid_depth_50": 127872.22,
      "ask_depth_50": 98236.71,
      "bid_depth_100": 127872.22,
      "ask_depth_100": 98236.71,
      "bid_depth_500": 127872.22,
      "ask_depth_500": 98236.71,
      "imbalance": 0.1311,
      "score": 81.3
    },
    "LTC": {
      "tradeable": true,
      "spread_pct": 0.016161,
      "bid_depth_50": 121895.38,
      "ask_depth_50": 127938.46,
      "bid_depth_100": 121895.38,
      "ask_depth_100": 127938.46,
      "bid_depth_500": 121895.38,
      "ask_depth_500": 127938.46,
      "imbalance": -0.0242,
      "score": 82.7
    },
    "NEAR": {
      "tradeable": true,
      "spread_pct": 0.022961,
      "bid_depth_50": 116014.26,
      "ask_depth_50": 85487.93,
      "bid_depth_100": 116014.26,
      "ask_depth_100": 85487.93,
      "bid_depth_500": 116014.26,
      "ask_depth_500": 85487.93,
      "imbalance": 0.1515,
      "score": 73.8
    },
    "ONDO": {
      "tradeable": true,
      "spread_pct": 0.043519,
      "bid_depth_50": 49254.08,
      "ask_depth_50": 86541.03,
      "bid_depth_100": 49254.08,
      "ask_depth_100": 86541.03,
      "bid_depth_500": 49254.08,
      "ask_depth_500": 86541.03,
      "imbalance": -0.2746,
      "score": 50.3
    },
    "OP": {
      "tradeable": true,
      "spread_pct": 0.03528,
      "bid_depth_50": 62815.9,
      "ask_depth_50": 82029.76,
      "bid_depth_100": 62815.9,
      "ask_depth_100": 82029.76,
      "bid_depth_500": 62815.9,
      "ask_depth_500": 82029.76,
      "imbalance": -0.1327,
      "score": 58.9
    },
    "PAXG": {
      "tradeable": true,
      "spread_pct": 0.002277,
      "bid_depth_50": 352911.55,
      "ask_depth_50": 440545.18,
      "bid_depth_100": 352911.55,
      "ask_depth_100": 440545.18,
      "bid_depth_500": 352911.55,
      "ask_depth_500": 440545.18,
      "imbalance": -0.1104,
      "score": 100
    },
    "PUMP": {
      "tradeable": false,
      "spread_pct": 0.112108,
      "bid_depth_50": 264381.26,
      "ask_depth_50": 373987.85,
      "bid_depth_100": 616192.52,
      "ask_depth_100": 662383.29,