{
  "timestamp": "2026-03-18T16:05:38.793825+00:00",
  "coins": {
    "AAVE": {
      "tradeable": true,
      "spread_pct": 0.017658,
      "bid_depth_50": 166529.08,
      "ask_depth_50": 148178.43,
      "bid_depth_100": 166529.08,
      "ask_depth_100": 148178.43,
      "bid_depth_500": 166529.08,
      "ask_depth_500": 148178.43,
      "imbalance": 0.0583,
      "score": 84.1
    },
    "ADA": {
      "tradeable": true,
      "spread_pct": 0.022161,
      "bid_depth_50": 112202.38,
      "ask_depth_50": 84769.17,
      "bid_depth_100": 112202.38,
      "ask_depth_100": 84769.17,
      "bid_depth_500": 112202.38,
      "ask_depth_500": 84769.17,
      "imbalance": 0.1393,
      "score": 74.4
    },
    "APT": {
      "tradeable": true,
      "spread_pct": 0.021057,
      "bid_depth_50": 66915.17,
      "ask_depth_50": 77169.76,
      "bid_depth_100": 66915.17,
      "ask_depth_100": 77169.76,
      "bid_depth_500": 66915.17,
      "ask_depth_500": 77169.76,
      "imbalance": -0.0712,
      "score": 73.1
    },
    "ARB": {
      "tradeable": true,
      "spread_pct": 0.019798,
      "bid_depth_50": 174392.79,
      "ask_depth_50": 153124.34,
      "bid_depth_100": 174392.79,
      "ask_depth_100": 153124.34,
      "bid_depth_500": 174392.79,
      "ask_depth_500": 153124.34,
      "imbalance": 0.0649,
      "score": 82.5
    },
    "AVAX": {
      "tradeable": true,
      "spread_pct": 0.004199,
      "bid_depth_50": 165815.92,
      "ask_depth_50": 108689.61,
      "bid_depth_100": 165815.92,
      "ask_depth_100": 108689.61,
      "bid_depth_500": 165815.92,
      "ask_depth_500": 108689.61,
      "imbalance": 0.2081,
      "score": 90.0
    },
    "BCH": {
      "tradeable": true,
      "spread_pct": 0.002227,
      "bid_depth_50": 119170.22,
      "ask_depth_50": 86839.39,
      "bid_depth_100": 119170.22,
      "ask_depth_100": 86839.39,
      "bid_depth_500": 119170.22,
      "ask_depth_500": 86839.39,
      "imbalance": 0.1569,
      "score": 86.9
    },
    "BNB": {
      "tradeable": true,
      "spread_pct": 0.001546,
      "bid_depth_50": 128751.94,
      "ask_depth_50": 104152.39,
      "bid_depth_100": 128751.94,
      "ask_depth_100": 104152.39,
      "bid_depth_500": 128751.94,
      "ask_depth_500": 104152.39,
      "imbalance": 0.1056,
      "score": 88.1
    },
    "BTC": {
      "tradeable": true,
      "spread_pct": 0.001402,
      "bid_depth_50": 828431.34,
      "ask_depth_50": 6882484.44,
      "bid_depth_100": 828431.34,
      "ask_depth_100": 6882484.44,
      "bid_depth_500": 828431.34,
      "ask_depth_500": 6882484.44,
      "imbalance": -0.7851,
      "score": 100
    },
    "CRV": {
      "tradeable": false,
      "spread_pct": 0.050138,
      "bid_depth_50": 107074.83,
      "ask_depth_50": 92750.01,
      "bid_depth_100": 107074.83,
      "ask_depth_100": 92750.01,
      "bid_depth_500": 107074.83,
      "ask_depth_500": 92750.01,
      "imbalance": 0.0717,
      "score": 56.6
    },
    "DOGE": {
      "tradeable": true,
      "spread_pct": 0.001063,
      "bid_depth_50": 78437.1,
      "ask_depth_50": 350326.19,
      "bid_depth_100": 78437.1,
      "ask_depth_100": 350326.19,
      "bid_depth_500": 78437.1,
      "ask_depth_500": 350326.19,
      "imbalance": -0.6341,
      "score": 96.8
    },
    "DOT": {
      "tradeable": true,
      "spread_pct": 0.012837,
      "bid_depth_50": 135542.74,
      "ask_depth_50": 78326.38,
      "bid_depth_100": 135542.74,
      "ask_depth_100": 78326.38,
      "bid_depth_500": 135542.74,
      "ask_depth_500": 78326.38,
      "imbalance": 0.2675,
      "score": 84.4
    },
    "ENA": {
      "tradeable": true,
      "spread_pct": 0.02795,
      "bid_depth_50": 211011.59,
      "ask_depth_50": 215702.18,
      "bid_depth_100": 211011.59,
      "ask_depth_100": 215702.18,
      "bid_depth_500": 211011.59,
      "ask_depth_500": 215702.18,
      "imbalance": -0.011,
      "score": 78.8
    },
    "ETH": {
      "tradeable": true,
      "spread_pct": 0.004581,
      "bid_depth_50": 10427985.24,
      "ask_depth_50": 6987605.9,
      "bid_depth_100": 10427985.24,
      "ask_depth_100": 6987605.9,
      "bid_depth_500": 10427985.24,
      "ask_depth_500": 6987605.9,
      "imbalance": 0.1975,
      "score": 100
    },
    "FARTCOIN": {
      "tradeable": true,
      "spread_pct": 0.009942,
      "bid_depth_50": 43808.49,
      "ask_depth_50": 74386.71,
      "bid_depth_100": 43808.49,
      "ask_depth_100": 74386.71,
      "bid_depth_500": 43808.49,
      "ask_depth_500": 74386.71,
      "imbalance": -0.2587,
      "score": 83.0
    },
    "HYPE": {
      "tradeable": true,
      "spread_pct": 0.016752,
      "bid_depth_50": 168041.74,
      "ask_depth_50": 127989.82,
      "bid_depth_100": 168041.74,
      "ask_depth_100": 127989.82,
      "bid_depth_500": 168041.74,
      "ask_depth_500": 127989.82,
      "imbalance": 0.1353,
      "score": 84.2
    },
    "INJ": {
      "tradeable": true,
      "spread_pct": 0.022947,
      "bid_depth_50": 40159.29,
      "ask_depth_50": 31241.44,
      "bid_depth_100": 40159.29,
      "ask_depth_100": 31241.44,
      "bid_depth_500": 40159.29,
      "ask_depth_500": 31241.44,
      "imbalance": 0.1249,
      "score": 68.0
    },
    "JUP": {
      "tradeable": true,
      "spread_pct": 0.037055,
      "bid_depth_50": 46659.33,
      "ask_depth_50": 43228.36,
      "bid_depth_100": 46659.33,
      "ask_depth_100": 43228.36,
      "bid_depth_500": 46659.33,
      "ask_depth_500": 43228.36,
      "imbalance": 0.0382,
      "score": 54.7
    },
    "LDO": {
      "tradeable": true,
      "spread_pct": 0.023292,
      "bid_depth_50": 39905.24,
      "ask_depth_50": 85310.52,
      "bid_depth_100": 39905.24,
      "ask_depth_100": 85310.52,
      "bid_depth_500": 39905.24,
      "ask_depth_500": 85310.52,
      "imbalance": -0.3626,
      "score": 70.1
    },
    "LINK": {
      "tradeable": true,
      "spread_pct": 0.011991,
      "bid_depth_50": 121664.41,
      "ask_depth_50": 118039.92,
      "bid_depth_100": 121664.41,
      "ask_depth_100": 118039.92,
      "bid_depth_500": 121664.41,
      "ask_depth_500": 118039.92,
      "imbalance": 0.0151,
      "score": 86.4
    },
    "LTC": {
      "tradeable": true,
      "spread_pct": 0.012612,
      "bid_depth_50": 90053.6,
      "ask_depth_50": 147953.27,
      "bid_depth_100": 90053.6,
      "ask_depth_100": 147953.27,
      "bid_depth_500": 90053.6,
      "ask_depth_500": 147953.27,
      "imbalance": -0.2433,
      "score": 85.7
    },
    "NEAR": {
      "tradeable": true,
      "spread_pct": 0.036071,
      "bid_depth_50": 168024.37,
      "ask_depth_50": 102299.77,
      "bid_depth_100": 168024.37,
      "ask_depth_100": 102299.77,
      "bid_depth_500": 168024.37,
      "ask_depth_500": 102299.77,
      "imbalance": 0.2431,
      "score": 63.7
    },
    "ONDO": {
      "tradeable": true,
      "spread_pct": 0.037919,
      "bid_depth_50": 77208.5,
      "ask_depth_50": 61205.06,
      "bid_depth_100": 77208.5,
      "ask_depth_100": 61205.06,
      "bid_depth_500": 77208.5,
      "ask_depth_500": 61205.06,
      "imbalance": 0.1156,
      "score": 56.0
    },
    "OP": {
      "tradeable": true,
      "spread_pct": 0.039559,
      "bid_depth_50": 57595.93,
      "ask_depth_50": 133074.6,
      "bid_depth_100": 57595.93,
      "ask_depth_100": 133074.6,
      "bid_depth_500": 57595.93,
      "ask_depth_500": 133074.6,
      "imbalance": -0.3959,
      "score": 56.7
    },
    "PAXG": {
      "tradeable": true,
      "spread_pct": 0.002058,
      "bid_depth_50": 508863.4,
      "ask_depth_50": 529414.84,
      "bid_depth_100": 508863.4,
      "ask_depth_100": 529414.84,
      "bid_depth_500": 508863.4,
      "ask_depth_500": 529414.84,
      "imbalance": -0.0198,
      "score": 100
    },
    "PUMP": {
      "tradeable": false,
      "spread_pct": 0.05148,
      "bid_depth_50": 395031.51,
      "ask_depth_50": 432299.21,
      "bid_depth_100": 665145.49,
      "ask_depth_100": 783539.49,