{
  "timestamp": "2026-03-18T11:03:25.722142+00:00",
  "coins": {
    "BTC": {
      "tradeable": true,
      "spread_pct": 0.001355,
      "bid_depth_50": 1394448.05,
      "ask_depth_50": 5560436.37,
      "bid_depth_100": 1394448.05,
      "ask_depth_100": 5560436.37,
      "bid_depth_500": 1394448.05,
      "ask_depth_500": 5560436.37,
      "imbalance": -0.599,
      "score": 100
    },
    "ETH": {
      "tradeable": true,
      "spread_pct": 0.004335,
      "bid_depth_50": 6609129.93,
      "ask_depth_50": 6126781.2,
      "bid_depth_100": 6609129.93,
      "ask_depth_100": 6126781.2,
      "bid_depth_500": 6609129.93,
      "ask_depth_500": 6126781.2,
      "imbalance": 0.0379,
      "score": 100
    },
    "SOL": {
      "tradeable": true,
      "spread_pct": 0.001069,
      "bid_depth_50": 524575.93,
      "ask_depth_50": 415850.97,
      "bid_depth_100": 524575.93,
      "ask_depth_100": 415850.97,
      "bid_depth_500": 524575.93,
      "ask_depth_500": 415850.97,
      "imbalance": 0.1156,
      "score": 100
    },
    "DOGE": {
      "tradeable": true,
      "spread_pct": 0.001011,
      "bid_depth_50": 265851.93,
      "ask_depth_50": 365344.92,
      "bid_depth_100": 265851.93,
      "ask_depth_100": 365344.92,
      "bid_depth_500": 265851.93,
      "ask_depth_500": 365344.92,
      "imbalance": -0.1576,
      "score": 100
    },
    "AVAX": {
      "tradeable": true,
      "spread_pct": 0.0098,
      "bid_depth_50": 318353.63,
      "ask_depth_50": 168274.58,
      "bid_depth_100": 318353.63,
      "ask_depth_100": 168274.58,
      "bid_depth_500": 318353.63,
      "ask_depth_500": 168274.58,
      "imbalance": 0.3084,
      "score": 99.4
    },
    "LINK": {
      "tradeable": true,
      "spread_pct": 0.001027,
      "bid_depth_50": 121282.43,
      "ask_depth_50": 92859.85,
      "bid_depth_100": 121282.43,
      "ask_depth_100": 92859.85,
      "bid_depth_500": 121282.43,
      "ask_depth_500": 92859.85,
      "imbalance": 0.1327,
      "score": 87.3
    },
    "ARB": {
      "tradeable": false,
      "spread_pct": 0.055928,
      "bid_depth_50": 157881.16,
      "ask_depth_50": 212027.46,
      "bid_depth_100": 157881.16,
      "ask_depth_100": 212027.46,
      "bid_depth_500": 157881.16,
      "ask_depth_500": 212027.46,
      "imbalance": -0.1464,
      "score": 63.8
    },
    "NEAR": {
      "tradeable": true,
      "spread_pct": 0.013758,
      "bid_depth_50": 111955.98,
      "ask_depth_50": 50961.68,
      "bid_depth_100": 111955.98,
      "ask_depth_100": 50961.68,
      "bid_depth_500": 111955.98,
      "ask_depth_500": 50961.68,
      "imbalance": 0.3744,
      "score": 81.3
    },
    "SUI": {
      "tradeable": false,
      "spread_pct": 0.087972,
      "bid_depth_50": 465636.17,
      "ask_depth_50": 545833.32,
      "bid_depth_100": 465636.17,
      "ask_depth_100": 545833.32,
      "bid_depth_500": 465636.17,
      "ask_depth_500": 545833.32,
      "imbalance": -0.0793,
      "score": 67.5
    },
    "INJ": {
      "tradeable": false,
      "spread_pct": 0.068671,
      "bid_depth_50": 43023.97,
      "ask_depth_50": 185109.68,
      "bid_depth_100": 195486.07,
      "ask_depth_100": 188357.35,
      "bid_depth_500": 195486.07,
      "ask_depth_500": 188357.35,
      "imbalance": -0.6228,
      "score": 63.6
    }
  }
}