{
  "timestamp": "2026-03-23T08:49:25.215470+00:00",
  "coins": {
    "AAVE": {
      "tradeable": true,
      "spread_pct": 0.009458,
      "bid_depth_50": 265690.07,
      "ask_depth_50": 325492.66,
      "bid_depth_100": 265690.07,
      "ask_depth_100": 325492.66,
      "bid_depth_500": 265690.07,
      "ask_depth_500": 325492.66,
      "imbalance": -0.1012,
      "score": 100
    },
    "ADA": {
      "tradeable": true,
      "spread_pct": 0.024045,
      "bid_depth_50": 75758.89,
      "ask_depth_50": 109360.98,
      "bid_depth_100": 75758.89,
      "ask_depth_100": 109360.98,
      "bid_depth_500": 75758.89,
      "ask_depth_500": 109360.98,
      "imbalance": -0.1815,
      "score": 72.0
    },
    "APT": {
      "tradeable": true,
      "spread_pct": 0.021918,
      "bid_depth_50": 89220.23,
      "ask_depth_50": 147574.37,
      "bid_depth_100": 89220.23,
      "ask_depth_100": 147574.37,
      "bid_depth_500": 89220.23,
      "ask_depth_500": 147574.37,
      "imbalance": -0.2464,
      "score": 76.4
    },
    "ARB": {
      "tradeable": true,
      "spread_pct": 0.010837,
      "bid_depth_50": 164543.79,
      "ask_depth_50": 284268.45,
      "bid_depth_100": 164543.79,
      "ask_depth_100": 284268.45,
      "bid_depth_500": 164543.79,
      "ask_depth_500": 284268.45,
      "imbalance": -0.2668,
      "score": 96.9
    },
    "AVAX": {
      "tradeable": true,
      "spread_pct": 0.001111,
      "bid_depth_50": 42515.16,
      "ask_depth_50": 69870.67,
      "bid_depth_100": 42515.16,
      "ask_depth_100": 69870.67,
      "bid_depth_500": 42515.16,
      "ask_depth_500": 69870.67,
      "imbalance": -0.2434,
      "score": 82.8
    },
    "BCH": {
      "tradeable": true,
      "spread_pct": 0.019292,
      "bid_depth_50": 72648.82,
      "ask_depth_50": 83021.34,
      "bid_depth_100": 72648.82,
      "ask_depth_100": 83021.34,
      "bid_depth_500": 72648.82,
      "ask_depth_500": 83021.34,
      "imbalance": -0.0666,
      "score": 75.4
    },
    "BNB": {
      "tradeable": true,
      "spread_pct": 0.003204,
      "bid_depth_50": 87491.64,
      "ask_depth_50": 92539.01,
      "bid_depth_100": 87491.64,
      "ask_depth_100": 92539.01,
      "bid_depth_500": 87491.64,
      "ask_depth_500": 92539.01,
      "imbalance": -0.028,
      "score": 85.8
    },
    "BTC": {
      "tradeable": true,
      "spread_pct": 0.001462,
      "bid_depth_50": 729855.53,
      "ask_depth_50": 5667659.38,
      "bid_depth_100": 729855.53,
      "ask_depth_100": 5667659.38,
      "bid_depth_500": 729855.53,
      "ask_depth_500": 5667659.38,
      "imbalance": -0.7718,
      "score": 100
    },
    "CRV": {
      "tradeable": true,
      "spread_pct": 0.041879,
      "bid_depth_50": 100864.15,
      "ask_depth_50": 101288.67,
      "bid_depth_100": 100864.15,
      "ask_depth_100": 101288.67,
      "bid_depth_500": 100864.15,
      "ask_depth_500": 101288.67,
      "imbalance": -0.0021,
      "score": 54.9
    },
    "DOGE": {
      "tradeable": true,
      "spread_pct": 0.001111,
      "bid_depth_50": 112305.3,
      "ask_depth_50": 307082.75,
      "bid_depth_100": 112305.3,
      "ask_depth_100": 307082.75,
      "bid_depth_500": 112305.3,
      "ask_depth_500": 307082.75,
      "imbalance": -0.4644,
      "score": 96.4
    },
    "DOT": {
      "tradeable": true,
      "spread_pct": 0.035437,
      "bid_depth_50": 85931.18,
      "ask_depth_50": 132267.0,
      "bid_depth_100": 85931.18,
      "ask_depth_100": 132267.0,
      "bid_depth_500": 85931.18,
      "ask_depth_500": 132267.0,
      "imbalance": -0.2124,
      "score": 62.0
    },
    "ENA": {
      "tradeable": true,
      "spread_pct": 0.039285,
      "bid_depth_50": 54141.34,
      "ask_depth_50": 125426.68,
      "bid_depth_100": 54141.34,
      "ask_depth_100": 125426.68,
      "bid_depth_500": 54141.34,
      "ask_depth_500": 125426.68,
      "imbalance": -0.397,
      "score": 56.5
    },
    "ETH": {
      "tradeable": true,
      "spread_pct": 0.004881,
      "bid_depth_50": 6233898.61,
      "ask_depth_50": 7589259.85,
      "bid_depth_100": 6233898.61,
      "ask_depth_100": 7589259.85,
      "bid_depth_500": 6233898.61,
      "ask_depth_500": 7589259.85,
      "imbalance": -0.0981,
      "score": 100
    },
    "FARTCOIN": {
      "tradeable": true,
      "spread_pct": 0.005483,
      "bid_depth_50": 38763.52,
      "ask_depth_50": 43598.62,
      "bid_depth_100": 38763.52,
      "ask_depth_100": 43598.62,
      "bid_depth_500": 38763.52,
      "ask_depth_500": 43598.62,
      "imbalance": -0.0587,
      "score": 81.4
    },
    "HYPE": {
      "tradeable": true,
      "spread_pct": 0.008042,
      "bid_depth_50": 545311.82,
      "ask_depth_50": 74670.72,
      "bid_depth_100": 545311.82,
      "ask_depth_100": 74670.72,
      "bid_depth_500": 545311.82,
      "ask_depth_500": 74670.72,
      "imbalance": 0.7591,
      "score": 100
    },
    "INJ": {
      "tradeable": false,
      "spread_pct": 0.078825,
      "bid_depth_50": 159355.23,
      "ask_depth_50": 42352.49,
      "bid_depth_100": 161480.15,
      "ask_depth_100": 42352.49,
      "bid_depth_500": 161480.15,
      "ask_depth_500": 42352.49,
      "imbalance": 0.5801,
      "score": 54.9
    },
    "JUP": {
      "tradeable": false,
      "spread_pct": 0.058818,
      "bid_depth_50": 42678.62,
      "ask_depth_50": 53662.79,
      "bid_depth_100": 42678.62,
      "ask_depth_100": 53662.79,
      "bid_depth_500": 42678.62,
      "ask_depth_500": 53662.79,
      "imbalance": -0.114,
      "score": 51.5
    },
    "LDO": {
      "tradeable": true,
      "spread_pct": 0.028569,
      "bid_depth_50": 66956.84,
      "ask_depth_50": 37064.1,
      "bid_depth_100": 66956.84,
      "ask_depth_100": 37064.1,
      "bid_depth_500": 66956.84,
      "ask_depth_500": 37064.1,
      "imbalance": 0.2874,
      "score": 63.8
    },
    "LINK": {
      "tradeable": true,
      "spread_pct": 0.009255,
      "bid_depth_50": 126188.61,
      "ask_depth_50": 132543.02,
      "bid_depth_100": 126188.61,
      "ask_depth_100": 132543.02,
      "bid_depth_500": 126188.61,
      "ask_depth_500": 132543.02,
      "imbalance": -0.0246,
      "score": 89.3
    },
    "LTC": {
      "tradeable": true,
      "spread_pct": 0.009319,
      "bid_depth_50": 142646.74,
      "ask_depth_50": 170072.43,
      "bid_depth_100": 142646.74,
      "ask_depth_100": 170072.43,
      "bid_depth_500": 142646.74,
      "ask_depth_500": 170072.43,
      "imbalance": -0.0877,
      "score": 91.7
    },
    "NEAR": {
      "tradeable": true,
      "spread_pct": 0.031666,
      "bid_depth_50": 186816.14,
      "ask_depth_50": 88654.1,
      "bid_depth_100": 186816.14,
      "ask_depth_100": 88654.1,
      "bid_depth_500": 186816.14,
      "ask_depth_500": 88654.1,
      "imbalance": 0.3563,
      "score": 68.4
    },
    "ONDO": {
      "tradeable": true,
      "spread_pct": 0.012299,
      "bid_depth_50": 47680.12,
      "ask_depth_50": 68406.84,
      "bid_depth_100": 47680.12,
      "ask_depth_100": 68406.84,
      "bid_depth_500": 47680.12,
      "ask_depth_500": 68406.84,
      "imbalance": -0.1785,
      "score": 80.6
    },
    "OP": {
      "tradeable": true,
      "spread_pct": 0.008824,
      "bid_depth_50": 52733.29,
      "ask_depth_50": 112474.08,
      "bid_depth_100": 52733.29,
      "ask_depth_100": 112474.08,
      "bid_depth_500": 52733.29,
      "ask_depth_500": 112474.08,
      "imbalance": -0.3616,
      "score": 85.1
    },
    "PAXG": {
      "tradeable": true,
      "spread_pct": 0.007042,
      "bid_depth_50": 194735.81,
      "ask_depth_50": 285811.28,
      "bid_depth_100": 194735.81,
      "ask_depth_100": 285811.28,
      "bid_depth_500": 194735.81,
      "ask_depth_500": 285811.28,
      "imbalance": -0.1895,
      "score": 99.1
    },
    "PUMP": {
      "tradeable": false,
      "spread_pct": 0.056834,
      "bid_depth_50": 354063.8,
      "ask_depth_50": 406916.06,
      "bid_depth_100": 761768.83,