{
  "timestamp": "2026-03-18T10:38:33.413191+00:00",
  "coins": {
    "BTC": {
      "tradeable": true,
      "spread_pct": 0.001352,
      "bid_depth_50": 1808095.6,
      "ask_depth_50": 4734038.26,
      "bid_depth_100": 1808095.6,
      "ask_depth_100": 4734038.26,
      "bid_depth_500": 1808095.6,
      "ask_depth_500": 4734038.26,
      "imbalance": -0.4472,
      "score": 100
    },
    "ETH": {
      "tradeable": true,
      "spread_pct": 0.004307,
      "bid_depth_50": 7874067.46,
      "ask_depth_50": 8671196.36,
      "bid_depth_100": 7874067.46,
      "ask_depth_100": 8671196.36,
      "bid_depth_500": 7874067.46,
      "ask_depth_500": 8671196.36,
      "imbalance": -0.0482,
      "score": 100
    },
    "SOL": {
      "tradeable": true,
      "spread_pct": 0.001064,
      "bid_depth_50": 544530.89,
      "ask_depth_50": 526277.01,
      "bid_depth_100": 544530.89,
      "ask_depth_100": 526277.01,
      "bid_depth_500": 544530.89,
      "ask_depth_500": 526277.01,
      "imbalance": 0.017,
      "score": 100
    },
    "DOGE": {
      "tradeable": true,
      "spread_pct": 0.001006,
      "bid_depth_50": 250065.27,
      "ask_depth_50": 136181.0,
      "bid_depth_100": 250065.27,
      "ask_depth_100": 136181.0,
      "bid_depth_500": 250065.27,
      "ask_depth_500": 136181.0,
      "imbalance": 0.2948,
      "score": 94.9
    },
    "AVAX": {
      "tradeable": true,
      "spread_pct": 0.009779,
      "bid_depth_50": 308457.65,
      "ask_depth_50": 205159.76,
      "bid_depth_100": 308457.65,
      "ask_depth_100": 205159.76,
      "bid_depth_500": 308457.65,
      "ask_depth_500": 205159.76,
      "imbalance": 0.2011,
      "score": 100
    },
    "LINK": {
      "tradeable": true,
      "spread_pct": 0.004085,
      "bid_depth_50": 149621.94,
      "ask_depth_50": 75444.17,
      "bid_depth_100": 149621.94,
      "ask_depth_100": 75444.17,
      "bid_depth_500": 149621.94,
      "ask_depth_500": 75444.17,
      "imbalance": 0.3296,
      "score": 87.8
    },
    "ARB": {
      "tradeable": true,
      "spread_pct": 0.009316,
      "bid_depth_50": 311764.94,
      "ask_depth_50": 188874.33,
      "bid_depth_100": 311764.94,
      "ask_depth_100": 188874.33,
      "bid_depth_500": 311764.94,
      "ask_depth_500": 188874.33,
      "imbalance": 0.2455,
      "score": 100
    },
    "NEAR": {
      "tradeable": false,
      "spread_pct": 0.05507,
      "bid_depth_50": 162817.55,
      "ask_depth_50": 79281.74,
      "bid_depth_100": 162817.55,
      "ask_depth_100": 79281.74,
      "bid_depth_500": 162817.55,
      "ask_depth_500": 79281.74,
      "imbalance": 0.345,
      "score": 58.2
    },
    "SUI": {
      "tradeable": true,
      "spread_pct": 0.009761,
      "bid_depth_50": 541332.46,
      "ask_depth_50": 806014.63,
      "bid_depth_100": 541332.46,
      "ask_depth_100": 806014.63,
      "bid_depth_500": 541332.46,
      "ask_depth_500": 806014.63,
      "imbalance": -0.1964,
      "score": 100
    },
    "INJ": {
      "tradeable": true,
      "spread_pct": 0.046658,
      "bid_depth_50": 200723.6,
      "ask_depth_50": 52668.01,
      "bid_depth_100": 200723.6,
      "ask_depth_100": 52668.01,
      "bid_depth_500": 200723.6,
      "ask_depth_500": 52668.01,
      "imbalance": 0.5843,
      "score": 52.4
    }
  }
}