{
  "timestamp": "2026-03-26T04:27:01.776206+00:00",
  "coins": {
    "AAVE": {
      "tradeable": true,
      "spread_pct": 0.009068,
      "bid_depth_50": 220284.98,
      "ask_depth_50": 372593.95,
      "bid_depth_100": 220284.98,
      "ask_depth_100": 372593.95,
      "bid_depth_500": 220284.98,
      "ask_depth_500": 372593.95,
      "imbalance": -0.2569,
      "score": 100
    },
    "ADA": {
      "tradeable": true,
      "spread_pct": 0.011273,
      "bid_depth_50": 112475.62,
      "ask_depth_50": 94525.97,
      "bid_depth_100": 112475.62,
      "ask_depth_100": 94525.97,
      "bid_depth_500": 112475.62,
      "ask_depth_500": 94525.97,
      "imbalance": 0.0867,
      "score": 85.7
    },
    "APT": {
      "tradeable": true,
      "spread_pct": 0.009631,
      "bid_depth_50": 74697.27,
      "ask_depth_50": 103749.05,
      "bid_depth_100": 74697.27,
      "ask_depth_100": 103749.05,
      "bid_depth_500": 74697.27,
      "ask_depth_500": 103749.05,
      "imbalance": -0.1628,
      "score": 85.7
    },
    "ARB": {
      "tradeable": true,
      "spread_pct": 0.010353,
      "bid_depth_50": 206860.08,
      "ask_depth_50": 240953.0,
      "bid_depth_100": 206860.08,
      "ask_depth_100": 240953.0,
      "bid_depth_500": 206860.08,
      "ask_depth_500": 240953.0,
      "imbalance": -0.0761,
      "score": 97.3
    },
    "AVAX": {
      "tradeable": true,
      "spread_pct": 0.012572,
      "bid_depth_50": 88305.44,
      "ask_depth_50": 45056.06,
      "bid_depth_100": 88305.44,
      "ask_depth_100": 45056.06,
      "bid_depth_500": 88305.44,
      "ask_depth_500": 45056.06,
      "imbalance": 0.3243,
      "score": 81.1
    },
    "BCH": {
      "tradeable": true,
      "spread_pct": 0.014893,
      "bid_depth_50": 78686.68,
      "ask_depth_50": 69996.87,
      "bid_depth_100": 78686.68,
      "ask_depth_100": 69996.87,
      "bid_depth_500": 78686.68,
      "ask_depth_500": 69996.87,
      "imbalance": 0.0584,
      "score": 79.5
    },
    "BNB": {
      "tradeable": true,
      "spread_pct": 0.007789,
      "bid_depth_50": 49598.19,
      "ask_depth_50": 62396.43,
      "bid_depth_100": 49598.19,
      "ask_depth_100": 62396.43,
      "bid_depth_500": 49598.19,
      "ask_depth_500": 62396.43,
      "imbalance": -0.1143,
      "score": 82.8
    },
    "BTC": {
      "tradeable": true,
      "spread_pct": 0.001412,
      "bid_depth_50": 3289513.72,
      "ask_depth_50": 1813037.96,
      "bid_depth_100": 3289513.72,
      "ask_depth_100": 1813037.96,
      "bid_depth_500": 3289513.72,
      "ask_depth_500": 1813037.96,
      "imbalance": 0.2894,
      "score": 100
    },
    "CRV": {
      "tradeable": true,
      "spread_pct": 0.030494,
      "bid_depth_50": 60843.1,
      "ask_depth_50": 95508.55,
      "bid_depth_100": 60843.1,
      "ask_depth_100": 95508.55,
      "bid_depth_500": 60843.1,
      "ask_depth_500": 95508.55,
      "imbalance": -0.2217,
      "score": 64.2
    },
    "DOGE": {
      "tradeable": true,
      "spread_pct": 0.008469,
      "bid_depth_50": 194738.88,
      "ask_depth_50": 242020.06,
      "bid_depth_100": 194738.88,
      "ask_depth_100": 242020.06,
      "bid_depth_500": 194738.88,
      "ask_depth_500": 242020.06,
      "imbalance": -0.1083,
      "score": 97.2
    },
    "DOT": {
      "tradeable": true,
      "spread_pct": 0.014977,
      "bid_depth_50": 55779.57,
      "ask_depth_50": 101817.84,
      "bid_depth_100": 55779.57,
      "ask_depth_100": 101817.84,
      "bid_depth_500": 55779.57,
      "ask_depth_500": 101817.84,
      "imbalance": -0.2921,
      "score": 79.8
    },
    "ENA": {
      "tradeable": true,
      "spread_pct": 0.037972,
      "bid_depth_50": 261191.68,
      "ask_depth_50": 225063.18,
      "bid_depth_100": 261191.68,
      "ask_depth_100": 225063.18,
      "bid_depth_500": 261191.68,
      "ask_depth_500": 225063.18,
      "imbalance": 0.0743,
      "score": 71.4
    },
    "ETH": {
      "tradeable": true,
      "spread_pct": 0.004649,
      "bid_depth_50": 8528880.17,
      "ask_depth_50": 12106408.88,
      "bid_depth_100": 8528880.17,
      "ask_depth_100": 12106408.88,
      "bid_depth_500": 8528880.17,
      "ask_depth_500": 12106408.88,
      "imbalance": -0.1734,
      "score": 100
    },
    "FARTCOIN": {
      "tradeable": true,
      "spread_pct": 0.037324,
      "bid_depth_50": 56866.89,
      "ask_depth_50": 95362.09,
      "bid_depth_100": 56866.89,
      "ask_depth_100": 95362.09,
      "bid_depth_500": 56866.89,
      "ask_depth_500": 95362.09,
      "imbalance": -0.2529,
      "score": 57.2
    },
    "HYPE": {
      "tradeable": true,
      "spread_pct": 0.002536,
      "bid_depth_50": 94645.65,
      "ask_depth_50": 146580.33,
      "bid_depth_100": 94645.65,
      "ask_depth_100": 146580.33,
      "bid_depth_500": 94645.65,
      "ask_depth_500": 146580.33,
      "imbalance": -0.2153,
      "score": 88.5
    },
    "INJ": {
      "tradeable": false,
      "spread_pct": 0.062767,
      "bid_depth_50": 161659.71,
      "ask_depth_50": 40353.81,
      "bid_depth_100": 161659.71,
      "ask_depth_100": 40353.81,
      "bid_depth_500": 161659.71,
      "ask_depth_500": 40353.81,
      "imbalance": 0.6005,
      "score": 55.9
    },
    "JUP": {
      "tradeable": true,
      "spread_pct": 0.045762,
      "bid_depth_50": 50754.64,
      "ask_depth_50": 40783.16,
      "bid_depth_100": 50754.64,
      "ask_depth_100": 40783.16,
      "bid_depth_500": 50754.64,
      "ask_depth_500": 40783.16,
      "imbalance": 0.1089,
      "score": 46.1
    },
    "LDO": {
      "tradeable": true,
      "spread_pct": 0.026975,
      "bid_depth_50": 46926.23,
      "ask_depth_50": 28680.3,
      "bid_depth_100": 46926.23,
      "ask_depth_100": 28680.3,
      "bid_depth_500": 46926.23,
      "ask_depth_500": 28680.3,
      "imbalance": 0.2413,
      "score": 64.2
    },
    "LINK": {
      "tradeable": true,
      "spread_pct": 0.005415,
      "bid_depth_50": 160094.73,
      "ask_depth_50": 137084.82,
      "bid_depth_100": 160094.73,
      "ask_depth_100": 137084.82,
      "bid_depth_500": 160094.73,
      "ask_depth_500": 137084.82,
      "imbalance": 0.0774,
      "score": 91.0
    },
    "LTC": {
      "tradeable": true,
      "spread_pct": 0.001789,
      "bid_depth_50": 102836.54,
      "ask_depth_50": 156180.36,
      "bid_depth_100": 102836.54,
      "ask_depth_100": 156180.36,
      "bid_depth_500": 102836.54,
      "ask_depth_500": 156180.36,
      "imbalance": -0.2059,
      "score": 89.3
    },
    "NEAR": {
      "tradeable": true,
      "spread_pct": 0.015962,
      "bid_depth_50": 175059.92,
      "ask_depth_50": 196678.17,
      "bid_depth_100": 175059.92,
      "ask_depth_100": 196678.17,
      "bid_depth_500": 175059.92,
      "ask_depth_500": 196678.17,
      "imbalance": -0.0582,
      "score": 88.3
    },
    "ONDO": {
      "tradeable": true,
      "spread_pct": 0.033635,
      "bid_depth_50": 63064.64,
      "ask_depth_50": 45197.66,
      "bid_depth_100": 63064.64,
      "ask_depth_100": 45197.66,
      "bid_depth_500": 63064.64,
      "ask_depth_500": 45197.66,
      "imbalance": 0.165,
      "score": 59.0
    },
    "OP": {
      "tradeable": true,
      "spread_pct": 0.035884,
      "bid_depth_50": 55917.16,
      "ask_depth_50": 86519.97,
      "bid_depth_100": 55928.16,
      "ask_depth_100": 86519.97,
      "bid_depth_500": 55928.16,
      "ask_depth_500": 86519.97,
      "imbalance": -0.2149,
      "score": 58.2
    },
    "PAXG": {
      "tradeable": true,
      "spread_pct": 0.002212,
      "bid_depth_50": 728167.85,
      "ask_depth_50": 573317.86,
      "bid_depth_100": 728167.85,
      "ask_depth_100": 573317.86,
      "bid_depth_500": 728167.85,
      "ask_depth_500": 573317.86,
      "imbalance": 0.119,
      "score": 100
    },
    "PUMP": {
      "tradeable": false,
      "spread_pct": 0.053605,
      "bid_depth_50": 353225.36,
      "ask_depth_50": 323437.43,
      "bid_depth_100": 740865.63,