{
  "timestamp": "2026-03-18T16:17:53.429067+00:00",
  "coins": {
    "AAVE": {
      "tradeable": true,
      "spread_pct": 0.01766,
      "bid_depth_50": 208804.3,
      "ask_depth_50": 161145.96,
      "bid_depth_100": 208804.3,
      "ask_depth_100": 161145.96,
      "bid_depth_500": 208804.3,
      "ask_depth_500": 161145.96,
      "imbalance": 0.1288,
      "score": 86.6
    },
    "ADA": {
      "tradeable": true,
      "spread_pct": 0.018487,
      "bid_depth_50": 142032.86,
      "ask_depth_50": 90382.07,
      "bid_depth_100": 142032.86,
      "ask_depth_100": 90382.07,
      "bid_depth_500": 142032.86,
      "ask_depth_500": 90382.07,
      "imbalance": 0.2222,
      "score": 79.6
    },
    "APT": {
      "tradeable": true,
      "spread_pct": 0.031551,
      "bid_depth_50": 98540.2,
      "ask_depth_50": 82792.96,
      "bid_depth_100": 98540.2,
      "ask_depth_100": 82792.96,
      "bid_depth_500": 98540.2,
      "ask_depth_500": 82792.96,
      "imbalance": 0.0868,
      "score": 64.3
    },
    "ARB": {
      "tradeable": true,
      "spread_pct": 0.009891,
      "bid_depth_50": 216030.68,
      "ask_depth_50": 139724.58,
      "bid_depth_100": 216030.68,
      "ask_depth_100": 139724.58,
      "bid_depth_500": 216030.68,
      "ask_depth_500": 139724.58,
      "imbalance": 0.2145,
      "score": 93.6
    },
    "AVAX": {
      "tradeable": true,
      "spread_pct": 0.027315,
      "bid_depth_50": 86733.71,
      "ask_depth_50": 86915.11,
      "bid_depth_100": 86733.71,
      "ask_depth_100": 86915.11,
      "bid_depth_500": 86733.71,
      "ask_depth_500": 86915.11,
      "imbalance": -0.001,
      "score": 68.2
    },
    "BCH": {
      "tradeable": true,
      "spread_pct": 0.002228,
      "bid_depth_50": 141302.45,
      "ask_depth_50": 77973.24,
      "bid_depth_100": 141302.45,
      "ask_depth_100": 77973.24,
      "bid_depth_500": 141302.45,
      "ask_depth_500": 77973.24,
      "imbalance": 0.2888,
      "score": 87.5
    },
    "BNB": {
      "tradeable": true,
      "spread_pct": 0.010838,
      "bid_depth_50": 147570.18,
      "ask_depth_50": 113797.04,
      "bid_depth_100": 147570.18,
      "ask_depth_100": 113797.04,
      "bid_depth_500": 147570.18,
      "ask_depth_500": 113797.04,
      "imbalance": 0.1292,
      "score": 88.6
    },
    "BTC": {
      "tradeable": true,
      "spread_pct": 0.001403,
      "bid_depth_50": 8544249.62,
      "ask_depth_50": 2409158.83,
      "bid_depth_100": 8544249.62,
      "ask_depth_100": 2409158.83,
      "bid_depth_500": 8544249.62,
      "ask_depth_500": 2409158.83,
      "imbalance": 0.5601,
      "score": 100
    },
    "CRV": {
      "tradeable": true,
      "spread_pct": 0.012519,
      "bid_depth_50": 94267.38,
      "ask_depth_50": 104048.21,
      "bid_depth_100": 94267.38,
      "ask_depth_100": 104048.21,
      "bid_depth_500": 94267.38,
      "ask_depth_500": 104048.21,
      "imbalance": -0.0493,
      "score": 84.1
    },
    "DOGE": {
      "tradeable": true,
      "spread_pct": 0.001065,
      "bid_depth_50": 305981.24,
      "ask_depth_50": 345790.66,
      "bid_depth_100": 305981.24,
      "ask_depth_100": 345790.66,
      "bid_depth_500": 305981.24,
      "ask_depth_500": 345790.66,
      "imbalance": -0.0611,
      "score": 100
    },
    "DOT": {
      "tradeable": true,
      "spread_pct": 0.025661,
      "bid_depth_50": 120431.6,
      "ask_depth_50": 74066.63,
      "bid_depth_100": 120431.6,
      "ask_depth_100": 74066.63,
      "bid_depth_500": 120431.6,
      "ask_depth_500": 74066.63,
      "imbalance": 0.2384,
      "score": 70.8
    },
    "ENA": {
      "tradeable": true,
      "spread_pct": 0.009317,
      "bid_depth_50": 230399.24,
      "ask_depth_50": 229205.13,
      "bid_depth_100": 230399.24,
      "ask_depth_100": 229205.13,
      "bid_depth_500": 230399.24,
      "ask_depth_500": 229205.13,
      "imbalance": 0.0026,
      "score": 98.2
    },
    "ETH": {
      "tradeable": true,
      "spread_pct": 0.004589,
      "bid_depth_50": 7957032.84,
      "ask_depth_50": 7337509.54,
      "bid_depth_100": 7957032.84,
      "ask_depth_100": 7337509.54,
      "bid_depth_500": 7957032.84,
      "ask_depth_500": 7337509.54,
      "imbalance": 0.0405,
      "score": 100
    },
    "FARTCOIN": {
      "tradeable": true,
      "spread_pct": 0.004964,
      "bid_depth_50": 49792.1,
      "ask_depth_50": 35202.98,
      "bid_depth_100": 49792.1,
      "ask_depth_100": 35202.98,
      "bid_depth_500": 49792.1,
      "ask_depth_500": 35202.98,
      "imbalance": 0.1716,
      "score": 81.6
    },
    "HYPE": {
      "tradeable": true,
      "spread_pct": 0.007131,
      "bid_depth_50": 196317.86,
      "ask_depth_50": 116354.64,
      "bid_depth_100": 196317.86,
      "ask_depth_100": 116354.64,
      "bid_depth_500": 196317.86,
      "ask_depth_500": 116354.64,
      "imbalance": 0.2557,
      "score": 91.7
    },
    "INJ": {
      "tradeable": true,
      "spread_pct": 0.036044,
      "bid_depth_50": 39964.87,
      "ask_depth_50": 39589.38,
      "bid_depth_100": 39964.87,
      "ask_depth_100": 43353.57,
      "bid_depth_500": 39964.87,
      "ask_depth_500": 43353.57,
      "imbalance": 0.0047,
      "score": 55.4
    },
    "JUP": {
      "tradeable": true,
      "spread_pct": 0.030943,
      "bid_depth_50": 45539.35,
      "ask_depth_50": 38116.05,
      "bid_depth_100": 45539.35,
      "ask_depth_100": 38116.05,
      "bid_depth_500": 45539.35,
      "ask_depth_500": 38116.05,
      "imbalance": 0.0887,
      "score": 60.6
    },
    "LDO": {
      "tradeable": true,
      "spread_pct": 0.019964,
      "bid_depth_50": 29496.0,
      "ask_depth_50": 81184.49,
      "bid_depth_100": 29496.0,
      "ask_depth_100": 81184.49,
      "bid_depth_500": 29496.0,
      "ask_depth_500": 81184.49,
      "imbalance": -0.467,
      "score": 72.7
    },
    "LINK": {
      "tradeable": true,
      "spread_pct": 0.003281,
      "bid_depth_50": 137127.91,
      "ask_depth_50": 114770.39,
      "bid_depth_100": 137127.91,
      "ask_depth_100": 114770.39,
      "bid_depth_500": 137127.91,
      "ask_depth_500": 114770.39,
      "imbalance": 0.0888,
      "score": 89.0
    },
    "LTC": {
      "tradeable": true,
      "spread_pct": 0.014423,
      "bid_depth_50": 128916.6,
      "ask_depth_50": 176932.3,
      "bid_depth_100": 128916.6,
      "ask_depth_100": 176932.3,
      "bid_depth_500": 128916.6,
      "ask_depth_500": 176932.3,
      "imbalance": -0.157,
      "score": 86.9
    },
    "NEAR": {
      "tradeable": false,
      "spread_pct": 0.057816,
      "bid_depth_50": 178877.94,
      "ask_depth_50": 108397.83,
      "bid_depth_100": 178877.94,
      "ask_depth_100": 108397.83,
      "bid_depth_500": 178877.94,
      "ask_depth_500": 108397.83,
      "imbalance": 0.2453,
      "score": 60.0
    },
    "ONDO": {
      "tradeable": true,
      "spread_pct": 0.03799,
      "bid_depth_50": 72029.1,
      "ask_depth_50": 61921.17,
      "bid_depth_100": 72029.1,
      "ask_depth_100": 61921.17,
      "bid_depth_500": 72029.1,
      "ask_depth_500": 61921.17,
      "imbalance": 0.0755,
      "score": 55.7
    },
    "OP": {
      "tradeable": true,
      "spread_pct": 0.039631,
      "bid_depth_50": 61605.6,
      "ask_depth_50": 86319.47,
      "bid_depth_100": 61605.6,
      "ask_depth_100": 86319.47,
      "bid_depth_500": 61605.6,
      "ask_depth_500": 86319.47,
      "imbalance": -0.1671,
      "score": 54.7
    },
    "PAXG": {
      "tradeable": true,
      "spread_pct": 0.008219,
      "bid_depth_50": 470580.28,
      "ask_depth_50": 500590.92,
      "bid_depth_100": 470580.28,
      "ask_depth_100": 500590.92,
      "bid_depth_500": 470580.28,
      "ask_depth_500": 500590.92,
      "imbalance": -0.0309,
      "score": 100
    },
    "PUMP": {
      "tradeable": false,
      "spread_pct": 0.102775,
      "bid_depth_50": 396396.31,
      "ask_depth_50": 417151.16,
      "bid_depth_100": 779611.76,
      "ask_depth_100": 757225.72,