{
  "timestamp": "2026-03-25T11:47:04.156152+00:00",
  "coins": {
    "AAVE": {
      "tradeable": true,
      "spread_pct": 0.017337,
      "bid_depth_50": 437201.68,
      "ask_depth_50": 303906.34,
      "bid_depth_100": 437201.68,
      "ask_depth_100": 303906.34,
      "bid_depth_500": 437201.68,
      "ask_depth_500": 303906.34,
      "imbalance": 0.1799,
      "score": 92.7
    },
    "ADA": {
      "tradeable": true,
      "spread_pct": 0.018317,
      "bid_depth_50": 123754.27,
      "ask_depth_50": 115558.31,
      "bid_depth_100": 123754.27,
      "ask_depth_100": 115558.31,
      "bid_depth_500": 123754.27,
      "ask_depth_500": 115558.31,
      "imbalance": 0.0342,
      "score": 80.1
    },
    "APT": {
      "tradeable": true,
      "spread_pct": 0.018529,
      "bid_depth_50": 67236.06,
      "ask_depth_50": 55017.53,
      "bid_depth_100": 67236.06,
      "ask_depth_100": 55017.53,
      "bid_depth_500": 67236.06,
      "ask_depth_500": 55017.53,
      "imbalance": 0.0999,
      "score": 74.7
    },
    "ARB": {
      "tradeable": true,
      "spread_pct": 0.030256,
      "bid_depth_50": 206426.11,
      "ask_depth_50": 141777.76,
      "bid_depth_100": 206426.11,
      "ask_depth_100": 141777.76,
      "bid_depth_500": 206426.11,
      "ask_depth_500": 141777.76,
      "imbalance": 0.1857,
      "score": 73.0
    },
    "AVAX": {
      "tradeable": true,
      "spread_pct": 0.009233,
      "bid_depth_50": 58362.67,
      "ask_depth_50": 77876.98,
      "bid_depth_100": 58362.67,
      "ask_depth_100": 77876.98,
      "bid_depth_500": 58362.67,
      "ask_depth_500": 77876.98,
      "imbalance": -0.1432,
      "score": 83.8
    },
    "BCH": {
      "tradeable": true,
      "spread_pct": 0.025108,
      "bid_depth_50": 64194.04,
      "ask_depth_50": 97503.08,
      "bid_depth_100": 64194.04,
      "ask_depth_100": 97503.08,
      "bid_depth_500": 64194.04,
      "ask_depth_500": 97503.08,
      "imbalance": -0.206,
      "score": 69.9
    },
    "BNB": {
      "tradeable": true,
      "spread_pct": 0.004619,
      "bid_depth_50": 67021.83,
      "ask_depth_50": 73641.67,
      "bid_depth_100": 67021.83,
      "ask_depth_100": 73641.67,
      "bid_depth_500": 67021.83,
      "ask_depth_500": 73641.67,
      "imbalance": -0.0471,
      "score": 84.0
    },
    "BTC": {
      "tradeable": true,
      "spread_pct": 0.001394,
      "bid_depth_50": 6777695.21,
      "ask_depth_50": 2638277.43,
      "bid_depth_100": 6777695.21,
      "ask_depth_100": 2638277.43,
      "bid_depth_500": 6777695.21,
      "ask_depth_500": 2638277.43,
      "imbalance": 0.4396,
      "score": 100
    },
    "CRV": {
      "tradeable": true,
      "spread_pct": 0.02986,
      "bid_depth_50": 57157.53,
      "ask_depth_50": 60666.14,
      "bid_depth_100": 57157.53,
      "ask_depth_100": 60666.14,
      "bid_depth_500": 57157.53,
      "ask_depth_500": 60666.14,
      "imbalance": -0.0298,
      "score": 63.2
    },
    "DOGE": {
      "tradeable": true,
      "spread_pct": 0.00103,
      "bid_depth_50": 108576.84,
      "ask_depth_50": 250345.28,
      "bid_depth_100": 108576.84,
      "ask_depth_100": 250345.28,
      "bid_depth_500": 108576.84,
      "ask_depth_500": 250345.28,
      "imbalance": -0.395,
      "score": 93.7
    },
    "DOT": {
      "tradeable": false,
      "spread_pct": 0.050329,
      "bid_depth_50": 256989.53,
      "ask_depth_50": 97780.27,
      "bid_depth_100": 256989.53,
      "ask_depth_100": 97780.27,
      "bid_depth_500": 256989.53,
      "ask_depth_500": 97780.27,
      "imbalance": 0.4488,
      "score": 63.5
    },
    "ENA": {
      "tradeable": true,
      "spread_pct": 0.018483,
      "bid_depth_50": 77975.87,
      "ask_depth_50": 60801.13,
      "bid_depth_100": 77975.87,
      "ask_depth_100": 60801.13,
      "bid_depth_500": 77975.87,
      "ask_depth_500": 60801.13,
      "imbalance": 0.1238,
      "score": 75.5
    },
    "ETH": {
      "tradeable": true,
      "spread_pct": 0.004565,
      "bid_depth_50": 9148779.29,
      "ask_depth_50": 8721673.19,
      "bid_depth_100": 9148779.29,
      "ask_depth_100": 8721673.19,
      "bid_depth_500": 9148779.29,
      "ask_depth_500": 8721673.19,
      "imbalance": 0.0239,
      "score": 100
    },
    "FARTCOIN": {
      "tradeable": true,
      "spread_pct": 0.005129,
      "bid_depth_50": 48935.73,
      "ask_depth_50": 71659.94,
      "bid_depth_100": 48935.73,
      "ask_depth_100": 71659.94,
      "bid_depth_500": 48935.73,
      "ask_depth_500": 71659.94,
      "imbalance": -0.1884,
      "score": 83.1
    },
    "HYPE": {
      "tradeable": true,
      "spread_pct": 0.00242,
      "bid_depth_50": 107558.27,
      "ask_depth_50": 159674.39,
      "bid_depth_100": 107558.27,
      "ask_depth_100": 159674.39,
      "bid_depth_500": 107558.27,
      "ask_depth_500": 159674.39,
      "imbalance": -0.195,
      "score": 89.7
    },
    "INJ": {
      "tradeable": true,
      "spread_pct": 0.038578,
      "bid_depth_50": 39670.84,
      "ask_depth_50": 29264.64,
      "bid_depth_100": 39670.84,
      "ask_depth_100": 31628.19,
      "bid_depth_500": 39670.84,
      "ask_depth_500": 31628.19,
      "imbalance": 0.151,
      "score": 52.4
    },
    "JUP": {
      "tradeable": true,
      "spread_pct": 0.043798,
      "bid_depth_50": 45530.03,
      "ask_depth_50": 39234.6,
      "bid_depth_100": 45530.03,
      "ask_depth_100": 39234.6,
      "bid_depth_500": 45530.03,
      "ask_depth_500": 39234.6,
      "imbalance": 0.0743,
      "score": 47.7
    },
    "LDO": {
      "tradeable": true,
      "spread_pct": 0.029764,
      "bid_depth_50": 59786.64,
      "ask_depth_50": 45828.25,
      "bid_depth_100": 59786.64,
      "ask_depth_100": 45828.25,
      "bid_depth_500": 59786.64,
      "ask_depth_500": 45828.25,
      "imbalance": 0.1322,
      "score": 62.7
    },
    "LINK": {
      "tradeable": true,
      "spread_pct": 0.001062,
      "bid_depth_50": 97426.27,
      "ask_depth_50": 113525.41,
      "bid_depth_100": 97426.27,
      "ask_depth_100": 113525.41,
      "bid_depth_500": 97426.27,
      "ask_depth_500": 113525.41,
      "imbalance": -0.0763,
      "score": 87.2
    },
    "LTC": {
      "tradeable": true,
      "spread_pct": 0.005307,
      "bid_depth_50": 115245.05,
      "ask_depth_50": 113280.48,
      "bid_depth_100": 115245.05,
      "ask_depth_100": 113280.48,
      "bid_depth_500": 115245.05,
      "ask_depth_500": 113280.48,
      "imbalance": 0.0086,
      "score": 87.9
    },
    "NEAR": {
      "tradeable": true,
      "spread_pct": 0.007681,
      "bid_depth_50": 189516.94,
      "ask_depth_50": 66286.7,
      "bid_depth_100": 189516.94,
      "ask_depth_100": 66286.7,
      "bid_depth_500": 189516.94,
      "ask_depth_500": 66286.7,
      "imbalance": 0.4817,
      "score": 89.1
    },
    "ONDO": {
      "tradeable": true,
      "spread_pct": 0.041933,
      "bid_depth_50": 79472.84,
      "ask_depth_50": 48666.58,
      "bid_depth_100": 79472.84,
      "ask_depth_100": 48666.58,
      "bid_depth_500": 79472.84,
      "ask_depth_500": 48666.58,
      "imbalance": 0.2404,
      "score": 51.5
    },
    "OP": {
      "tradeable": false,
      "spread_pct": 0.061079,
      "bid_depth_50": 90166.89,
      "ask_depth_50": 119085.02,
      "bid_depth_100": 111031.96,
      "ask_depth_100": 119085.02,
      "bid_depth_500": 111031.96,
      "ask_depth_500": 119085.02,
      "imbalance": -0.1382,
      "score": 57.3
    },
    "PAXG": {
      "tradeable": true,
      "spread_pct": 0.002183,
      "bid_depth_50": 524554.84,
      "ask_depth_50": 419178.53,
      "bid_depth_100": 524554.84,
      "ask_depth_100": 419178.53,
      "bid_depth_500": 524554.84,
      "ask_depth_500": 419178.53,
      "imbalance": 0.1117,
      "score": 100
    },
    "PUMP": {
      "tradeable": false,
      "spread_pct": 0.105988,
      "bid_depth_50": 370260.35,
      "ask_depth_50": 332055.14,
      "bid_depth_100": 697019.98,
      "ask_depth_100": 740968.03,