{
  "timestamp": "2026-03-18T08:19:20.151031+00:00",
  "coins": {
    "BTC": {
      "tradeable": true,
      "spread_pct": 0.001352,
      "bid_depth_50": 1576181.31,
      "ask_depth_50": 5472006.07,
      "bid_depth_100": 1576181.31,
      "ask_depth_100": 5472006.07,
      "bid_depth_500": 1576181.31,
      "ask_depth_500": 5472006.07,
      "imbalance": -0.5527,
      "score": 100
    },
    "ETH": {
      "tradeable": true,
      "spread_pct": 0.00431,
      "bid_depth_50": 7831235.35,
      "ask_depth_50": 7639601.55,
      "bid_depth_100": 7831235.35,
      "ask_depth_100": 7639601.55,
      "bid_depth_500": 7831235.35,
      "ask_depth_500": 7639601.55,
      "imbalance": 0.0124,
      "score": 100
    },
    "SOL": {
      "tradeable": true,
      "spread_pct": 0.001063,
      "bid_depth_50": 269299.35,
      "ask_depth_50": 507256.82,
      "bid_depth_100": 269299.35,
      "ask_depth_100": 507256.82,
      "bid_depth_500": 269299.35,
      "ask_depth_500": 507256.82,
      "imbalance": -0.3064,
      "score": 100
    },
    "DOGE": {
      "tradeable": true,
      "spread_pct": 0.001002,
      "bid_depth_50": 128839.37,
      "ask_depth_50": 376786.98,
      "bid_depth_100": 128839.37,
      "ask_depth_100": 376786.98,
      "bid_depth_500": 128839.37,
      "ask_depth_500": 376786.98,
      "imbalance": -0.4904,
      "score": 100
    },
    "AVAX": {
      "tradeable": true,
      "spread_pct": 0.019505,
      "bid_depth_50": 408605.82,
      "ask_depth_50": 349680.82,
      "bid_depth_100": 408605.82,
      "ask_depth_100": 349680.82,
      "bid_depth_500": 408605.82,
      "ask_depth_500": 349680.82,
      "imbalance": 0.0777,
      "score": 90.5
    },
    "LINK": {
      "tradeable": true,
      "spread_pct": 0.012205,
      "bid_depth_50": 117735.44,
      "ask_depth_50": 94494.39,
      "bid_depth_100": 117735.44,
      "ask_depth_100": 94494.39,
      "bid_depth_500": 117735.44,
      "ask_depth_500": 94494.39,
      "imbalance": 0.1095,
      "score": 85.0
    },
    "ARB": {
      "tradeable": true,
      "spread_pct": 0.018508,
      "bid_depth_50": 179895.74,
      "ask_depth_50": 215497.89,
      "bid_depth_100": 179895.74,
      "ask_depth_100": 215497.89,
      "bid_depth_500": 179895.74,
      "ask_depth_500": 215497.89,
      "imbalance": -0.09,
      "score": 86.8
    },
    "NEAR": {
      "tradeable": true,
      "spread_pct": 0.020831,
      "bid_depth_50": 164289.79,
      "ask_depth_50": 117700.79,
      "bid_depth_100": 164289.79,
      "ask_depth_100": 117700.79,
      "bid_depth_500": 164289.79,
      "ask_depth_500": 117700.79,
      "imbalance": 0.1652,
      "score": 79.5
    },
    "SUI": {
      "tradeable": true,
      "spread_pct": 0.009709,
      "bid_depth_50": 409682.17,
      "ask_depth_50": 702645.24,
      "bid_depth_100": 409682.17,
      "ask_depth_100": 702645.24,
      "bid_depth_500": 409682.17,
      "ask_depth_500": 702645.24,
      "imbalance": -0.2634,
      "score": 100
    },
    "INJ": {
      "tradeable": true,
      "spread_pct": 0.034097,
      "bid_depth_50": 29864.35,
      "ask_depth_50": 35648.6,
      "bid_depth_100": 282431.94,
      "ask_depth_100": 35648.6,
      "bid_depth_500": 282431.94,
      "ask_depth_500": 35648.6,
      "imbalance": -0.0883,
      "score": 67.8
    }
  }
}