{
  "timestamp": "2026-03-18T15:48:41.665041+00:00",
  "coins": {
    "AAVE": {
      "tradeable": true,
      "spread_pct": 0.01759,
      "bid_depth_50": 167199.24,
      "ask_depth_50": 155989.17,
      "bid_depth_100": 167199.24,
      "ask_depth_100": 155989.17,
      "bid_depth_500": 167199.24,
      "ask_depth_500": 155989.17,
      "imbalance": 0.0347,
      "score": 84.6
    },
    "ADA": {
      "tradeable": true,
      "spread_pct": 0.011057,
      "bid_depth_50": 151687.51,
      "ask_depth_50": 88370.89,
      "bid_depth_100": 151687.51,
      "ask_depth_100": 88370.89,
      "bid_depth_500": 151687.51,
      "ask_depth_500": 88370.89,
      "imbalance": 0.2638,
      "score": 87.4
    },
    "APT": {
      "tradeable": true,
      "spread_pct": 0.021044,
      "bid_depth_50": 57730.52,
      "ask_depth_50": 60802.59,
      "bid_depth_100": 57730.52,
      "ask_depth_100": 60802.59,
      "bid_depth_500": 57730.52,
      "ask_depth_500": 60802.59,
      "imbalance": -0.0259,
      "score": 72.0
    },
    "ARB": {
      "tradeable": true,
      "spread_pct": 0.019693,
      "bid_depth_50": 153937.71,
      "ask_depth_50": 131514.32,
      "bid_depth_100": 153937.71,
      "ask_depth_100": 131514.32,
      "bid_depth_500": 153937.71,
      "ask_depth_500": 131514.32,
      "imbalance": 0.0786,
      "score": 80.8
    },
    "AVAX": {
      "tradeable": true,
      "spread_pct": 0.010485,
      "bid_depth_50": 104174.03,
      "ask_depth_50": 95197.95,
      "bid_depth_100": 104174.03,
      "ask_depth_100": 95197.95,
      "bid_depth_500": 104174.03,
      "ask_depth_500": 95197.95,
      "imbalance": 0.045,
      "score": 86.2
    },
    "BCH": {
      "tradeable": true,
      "spread_pct": 0.011175,
      "bid_depth_50": 145347.81,
      "ask_depth_50": 66800.8,
      "bid_depth_100": 145347.81,
      "ask_depth_100": 66800.8,
      "bid_depth_500": 145347.81,
      "ask_depth_500": 66800.8,
      "imbalance": 0.3702,
      "score": 86.0
    },
    "BNB": {
      "tradeable": true,
      "spread_pct": 0.001546,
      "bid_depth_50": 170946.15,
      "ask_depth_50": 122474.87,
      "bid_depth_100": 170946.15,
      "ask_depth_100": 122474.87,
      "bid_depth_500": 170946.15,
      "ask_depth_500": 122474.87,
      "imbalance": 0.1652,
      "score": 90.8
    },
    "BTC": {
      "tradeable": true,
      "spread_pct": 0.001403,
      "bid_depth_50": 4186121.24,
      "ask_depth_50": 4715794.51,
      "bid_depth_100": 4186121.24,
      "ask_depth_100": 4715794.51,
      "bid_depth_500": 4186121.24,
      "ask_depth_500": 4715794.51,
      "imbalance": -0.0595,
      "score": 100
    },
    "CRV": {
      "tradeable": false,
      "spread_pct": 0.058195,
      "bid_depth_50": 95168.66,
      "ask_depth_50": 121154.57,
      "bid_depth_100": 95168.66,
      "ask_depth_100": 121154.57,
      "bid_depth_500": 95168.66,
      "ask_depth_500": 121154.57,
      "imbalance": -0.1201,
      "score": 56.8
    },
    "DOGE": {
      "tradeable": true,
      "spread_pct": 0.012747,
      "bid_depth_50": 143235.9,
      "ask_depth_50": 111697.68,
      "bid_depth_100": 143235.9,
      "ask_depth_100": 111697.68,
      "bid_depth_500": 143235.9,
      "ask_depth_500": 111697.68,
      "imbalance": 0.1237,
      "score": 86.4
    },
    "DOT": {
      "tradeable": true,
      "spread_pct": 0.032096,
      "bid_depth_50": 107705.69,
      "ask_depth_50": 56854.62,
      "bid_depth_100": 107705.69,
      "ask_depth_100": 56854.62,
      "bid_depth_500": 107705.69,
      "ask_depth_500": 56854.62,
      "imbalance": 0.309,
      "score": 63.0
    },
    "ENA": {
      "tradeable": true,
      "spread_pct": 0.046458,
      "bid_depth_50": 163864.83,
      "ask_depth_50": 201906.97,
      "bid_depth_100": 163864.83,
      "ask_depth_100": 201906.97,
      "bid_depth_500": 163864.83,
      "ask_depth_500": 201906.97,
      "imbalance": -0.104,
      "score": 57.6
    },
    "ETH": {
      "tradeable": true,
      "spread_pct": 0.004589,
      "bid_depth_50": 7618196.08,
      "ask_depth_50": 10462099.56,
      "bid_depth_100": 7618196.08,
      "ask_depth_100": 10462099.56,
      "bid_depth_500": 7618196.08,
      "ask_depth_500": 10462099.56,
      "imbalance": -0.1573,
      "score": 100
    },
    "FARTCOIN": {
      "tradeable": false,
      "spread_pct": 0.05048,
      "bid_depth_50": 58976.78,
      "ask_depth_50": 41592.66,
      "bid_depth_100": 58976.78,
      "ask_depth_100": 41592.66,
      "bid_depth_500": 58976.78,
      "ask_depth_500": 41592.66,
      "imbalance": 0.1729,
      "score": 52.2
    },
    "HYPE": {
      "tradeable": true,
      "spread_pct": 0.014536,
      "bid_depth_50": 129231.47,
      "ask_depth_50": 241710.86,
      "bid_depth_100": 129231.47,
      "ask_depth_100": 241710.86,
      "bid_depth_500": 129231.47,
      "ask_depth_500": 241710.86,
      "imbalance": -0.3032,
      "score": 89.7
    },
    "INJ": {
      "tradeable": false,
      "spread_pct": 0.059047,
      "bid_depth_50": 44454.67,
      "ask_depth_50": 25252.86,
      "bid_depth_100": 44454.67,
      "ask_depth_100": 25252.86,
      "bid_depth_500": 44454.67,
      "ask_depth_500": 25252.86,
      "imbalance": 0.2755,
      "score": 50.3
    },
    "JUP": {
      "tradeable": false,
      "spread_pct": 0.06166,
      "bid_depth_50": 43825.0,
      "ask_depth_50": 47948.84,
      "bid_depth_100": 43825.0,
      "ask_depth_100": 47948.84,
      "bid_depth_500": 43825.0,
      "ask_depth_500": 47948.84,
      "imbalance": -0.0449,
      "score": 51.1
    },
    "LDO": {
      "tradeable": true,
      "spread_pct": 0.019961,
      "bid_depth_50": 50837.26,
      "ask_depth_50": 60243.17,
      "bid_depth_100": 50837.26,
      "ask_depth_100": 60243.17,
      "bid_depth_500": 50837.26,
      "ask_depth_500": 60243.17,
      "imbalance": -0.0847,
      "score": 72.8
    },
    "LINK": {
      "tradeable": true,
      "spread_pct": 0.001089,
      "bid_depth_50": 147929.43,
      "ask_depth_50": 133021.44,
      "bid_depth_100": 147929.43,
      "ask_depth_100": 133021.44,
      "bid_depth_500": 147929.43,
      "ask_depth_500": 133021.44,
      "imbalance": 0.0531,
      "score": 90.3
    },
    "LTC": {
      "tradeable": true,
      "spread_pct": 0.019804,
      "bid_depth_50": 168249.99,
      "ask_depth_50": 102911.26,
      "bid_depth_100": 168249.99,
      "ask_depth_100": 102911.26,
      "bid_depth_500": 168249.99,
      "ask_depth_500": 102911.26,
      "imbalance": 0.241,
      "score": 80.0
    },
    "NEAR": {
      "tradeable": true,
      "spread_pct": 0.028979,
      "bid_depth_50": 153476.25,
      "ask_depth_50": 130766.35,
      "bid_depth_100": 153476.25,
      "ask_depth_100": 130766.35,
      "bid_depth_500": 153476.25,
      "ask_depth_500": 130766.35,
      "imbalance": 0.0799,
      "score": 71.4
    },
    "ONDO": {
      "tradeable": true,
      "spread_pct": 0.034018,
      "bid_depth_50": 89678.66,
      "ask_depth_50": 76694.93,
      "bid_depth_100": 89678.66,
      "ask_depth_100": 76694.93,
      "bid_depth_500": 89678.66,
      "ask_depth_500": 76694.93,
      "imbalance": 0.078,
      "score": 61.2
    },
    "OP": {
      "tradeable": true,
      "spread_pct": 0.007891,
      "bid_depth_50": 62076.54,
      "ask_depth_50": 55763.96,
      "bid_depth_100": 78051.46,
      "ask_depth_100": 55763.96,
      "bid_depth_500": 78051.46,
      "ask_depth_500": 55763.96,
      "imbalance": 0.0536,
      "score": 83.7
    },
    "PAXG": {
      "tradeable": true,
      "spread_pct": 0.002059,
      "bid_depth_50": 357916.53,
      "ask_depth_50": 456018.52,
      "bid_depth_100": 357916.53,
      "ask_depth_100": 456018.52,
      "bid_depth_500": 357916.53,
      "ask_depth_500": 456018.52,
      "imbalance": -0.1205,
      "score": 100
    },
    "PUMP": {
      "tradeable": false,
      "spread_pct": 0.103199,
      "bid_depth_50": 433480.24,
      "ask_depth_50": 437496.27,
      "bid_depth_100": 653860.9,