{
  "timestamp": "2026-03-18T20:46:54.161526+00:00",
  "coins": {
    "AAVE": {
      "tradeable": true,
      "spread_pct": 0.017548,
      "bid_depth_50": 291090.79,
      "ask_depth_50": 224569.52,
      "bid_depth_100": 291090.79,
      "ask_depth_100": 224569.52,
      "bid_depth_500": 291090.79,
      "ask_depth_500": 224569.52,
      "imbalance": 0.129,
      "score": 92.5
    },
    "ADA": {
      "tradeable": true,
      "spread_pct": 0.010996,
      "bid_depth_50": 140137.87,
      "ask_depth_50": 66556.39,
      "bid_depth_100": 140137.87,
      "ask_depth_100": 66556.39,
      "bid_depth_500": 140137.87,
      "ask_depth_500": 66556.39,
      "imbalance": 0.356,
      "score": 86.0
    },
    "APT": {
      "tradeable": true,
      "spread_pct": 0.02058,
      "bid_depth_50": 97039.3,
      "ask_depth_50": 66019.87,
      "bid_depth_100": 97039.3,
      "ask_depth_100": 66019.87,
      "bid_depth_500": 97039.3,
      "ask_depth_500": 66019.87,
      "imbalance": 0.1902,
      "score": 74.4
    },
    "ARB": {
      "tradeable": true,
      "spread_pct": 0.019571,
      "bid_depth_50": 191990.58,
      "ask_depth_50": 169387.08,
      "bid_depth_100": 191990.58,
      "ask_depth_100": 169387.08,
      "bid_depth_500": 191990.58,
      "ask_depth_500": 169387.08,
      "imbalance": 0.0625,
      "score": 84.3
    },
    "AVAX": {
      "tradeable": true,
      "spread_pct": 0.020732,
      "bid_depth_50": 113366.05,
      "ask_depth_50": 118299.2,
      "bid_depth_100": 113366.05,
      "ask_depth_100": 118299.2,
      "bid_depth_500": 113366.05,
      "ask_depth_500": 118299.2,
      "imbalance": -0.0213,
      "score": 77.3
    },
    "BCH": {
      "tradeable": true,
      "spread_pct": 0.028585,
      "bid_depth_50": 121067.44,
      "ask_depth_50": 50631.6,
      "bid_depth_100": 121067.44,
      "ask_depth_100": 50631.6,
      "bid_depth_500": 121067.44,
      "ask_depth_500": 50631.6,
      "imbalance": 0.4102,
      "score": 66.8
    },
    "BNB": {
      "tradeable": true,
      "spread_pct": 0.006158,
      "bid_depth_50": 102581.08,
      "ask_depth_50": 86239.62,
      "bid_depth_100": 102581.08,
      "ask_depth_100": 86239.62,
      "bid_depth_500": 102581.08,
      "ask_depth_500": 86239.62,
      "imbalance": 0.0865,
      "score": 86.2
    },
    "BTC": {
      "tradeable": true,
      "spread_pct": 0.001405,
      "bid_depth_50": 1701648.81,
      "ask_depth_50": 3850728.89,
      "bid_depth_100": 1701648.81,
      "ask_depth_100": 3850728.89,
      "bid_depth_500": 1701648.81,
      "ask_depth_500": 3850728.89,
      "imbalance": -0.3871,
      "score": 100
    },
    "CRV": {
      "tradeable": true,
      "spread_pct": 0.033551,
      "bid_depth_50": 107770.88,
      "ask_depth_50": 75351.48,
      "bid_depth_100": 107770.88,
      "ask_depth_100": 75351.48,
      "bid_depth_500": 107770.88,
      "ask_depth_500": 75351.48,
      "imbalance": 0.177,
      "score": 62.4
    },
    "DOGE": {
      "tradeable": true,
      "spread_pct": 0.001056,
      "bid_depth_50": 139928.34,
      "ask_depth_50": 373185.7,
      "bid_depth_100": 139928.34,
      "ask_depth_100": 373185.7,
      "bid_depth_500": 139928.34,
      "ask_depth_500": 373185.7,
      "imbalance": -0.4546,
      "score": 100
    },
    "DOT": {
      "tradeable": true,
      "spread_pct": 0.025681,
      "bid_depth_50": 105783.98,
      "ask_depth_50": 62795.68,
      "bid_depth_100": 105783.98,
      "ask_depth_100": 62795.68,
      "bid_depth_500": 105783.98,
      "ask_depth_500": 62795.68,
      "imbalance": 0.255,
      "score": 69.6
    },
    "ENA": {
      "tradeable": true,
      "spread_pct": 0.037061,
      "bid_depth_50": 178937.91,
      "ask_depth_50": 219301.16,
      "bid_depth_100": 178937.91,
      "ask_depth_100": 219301.16,
      "bid_depth_500": 178937.91,
      "ask_depth_500": 219301.16,
      "imbalance": -0.1014,
      "score": 68.4
    },
    "ETH": {
      "tradeable": true,
      "spread_pct": 0.004584,
      "bid_depth_50": 7007481.63,
      "ask_depth_50": 7714589.82,
      "bid_depth_100": 7007481.63,
      "ask_depth_100": 7714589.82,
      "bid_depth_500": 7007481.63,
      "ask_depth_500": 7714589.82,
      "imbalance": -0.048,
      "score": 100
    },
    "FARTCOIN": {
      "tradeable": true,
      "spread_pct": 0.044011,
      "bid_depth_50": 38735.87,
      "ask_depth_50": 58793.7,
      "bid_depth_100": 38735.87,
      "ask_depth_100": 58793.7,
      "bid_depth_500": 38735.87,
      "ask_depth_500": 58793.7,
      "imbalance": -0.2057,
      "score": 48.1
    },
    "HYPE": {
      "tradeable": true,
      "spread_pct": 0.002348,
      "bid_depth_50": 56276.94,
      "ask_depth_50": 81949.93,
      "bid_depth_100": 56276.94,
      "ask_depth_100": 81949.93,
      "bid_depth_500": 56276.94,
      "ask_depth_500": 81949.93,
      "imbalance": -0.1857,
      "score": 83.9
    },
    "INJ": {
      "tradeable": false,
      "spread_pct": 0.074991,
      "bid_depth_50": 38474.56,
      "ask_depth_50": 25126.01,
      "bid_depth_100": 38474.56,
      "ask_depth_100": 25126.01,
      "bid_depth_500": 38474.56,
      "ask_depth_500": 25126.01,
      "imbalance": 0.2099,
      "score": 48.9
    },
    "JUP": {
      "tradeable": false,
      "spread_pct": 0.067749,
      "bid_depth_50": 37861.44,
      "ask_depth_50": 50037.06,
      "bid_depth_100": 37861.44,
      "ask_depth_100": 50037.06,
      "bid_depth_500": 37861.44,
      "ask_depth_500": 50037.06,
      "imbalance": -0.1385,
      "score": 50.5
    },
    "LDO": {
      "tradeable": true,
      "spread_pct": 0.023218,
      "bid_depth_50": 42878.32,
      "ask_depth_50": 67235.7,
      "bid_depth_100": 42878.32,
      "ask_depth_100": 67235.7,
      "bid_depth_500": 42878.32,
      "ask_depth_500": 67235.7,
      "imbalance": -0.2212,
      "score": 69.5
    },
    "LINK": {
      "tradeable": true,
      "spread_pct": 0.006526,
      "bid_depth_50": 119909.42,
      "ask_depth_50": 110420.49,
      "bid_depth_100": 119909.42,
      "ask_depth_100": 110420.49,
      "bid_depth_500": 119909.42,
      "ask_depth_500": 110420.49,
      "imbalance": 0.0412,
      "score": 88.0
    },
    "LTC": {
      "tradeable": true,
      "spread_pct": 0.003579,
      "bid_depth_50": 114084.95,
      "ask_depth_50": 116763.63,
      "bid_depth_100": 114084.95,
      "ask_depth_100": 116763.63,
      "bid_depth_500": 114084.95,
      "ask_depth_500": 116763.63,
      "imbalance": -0.0116,
      "score": 88.0
    },
    "NEAR": {
      "tradeable": true,
      "spread_pct": 0.007173,
      "bid_depth_50": 177372.47,
      "ask_depth_50": 145939.16,
      "bid_depth_100": 177372.47,
      "ask_depth_100": 145939.16,
      "bid_depth_500": 177372.47,
      "ask_depth_500": 145939.16,
      "imbalance": 0.0972,
      "score": 92.1
    },
    "ONDO": {
      "tradeable": true,
      "spread_pct": 0.030202,
      "bid_depth_50": 78192.9,
      "ask_depth_50": 61655.76,
      "bid_depth_100": 78192.9,
      "ask_depth_100": 61655.76,
      "bid_depth_500": 78192.9,
      "ask_depth_500": 61655.76,
      "imbalance": 0.1183,
      "score": 63.8
    },
    "OP": {
      "tradeable": true,
      "spread_pct": 0.039606,
      "bid_depth_50": 59228.73,
      "ask_depth_50": 85309.22,
      "bid_depth_100": 108640.2,
      "ask_depth_100": 85309.22,
      "bid_depth_500": 108640.2,
      "ask_depth_500": 85309.22,
      "imbalance": -0.1804,
      "score": 56.8
    },
    "PAXG": {
      "tradeable": true,
      "spread_pct": 0.002078,
      "bid_depth_50": 224954.62,
      "ask_depth_50": 156236.3,
      "bid_depth_100": 224954.62,
      "ask_depth_100": 156236.3,
      "bid_depth_500": 224954.62,
      "ask_depth_500": 156236.3,
      "imbalance": 0.1803,
      "score": 94.7
    },
    "PUMP": {
      "tradeable": false,
      "spread_pct": 0.102564,
      "bid_depth_50": 387710.59,
      "ask_depth_50": 343181.85,
      "bid_depth_100": 732695.72,
      "ask_depth_100": 733623.95,