{
  "timestamp": "2026-03-23T05:46:56.701303+00:00",
  "coins": {
    "AAVE": {
      "tradeable": true,
      "spread_pct": 0.018662,
      "bid_depth_50": 346658.0,
      "ask_depth_50": 286687.1,
      "bid_depth_100": 346658.0,
      "ask_depth_100": 286687.1,
      "bid_depth_500": 346658.0,
      "ask_depth_500": 286687.1,
      "imbalance": 0.0947,
      "score": 91.3
    },
    "ADA": {
      "tradeable": true,
      "spread_pct": 0.007952,
      "bid_depth_50": 127182.54,
      "ask_depth_50": 118904.5,
      "bid_depth_100": 127182.54,
      "ask_depth_100": 118904.5,
      "bid_depth_500": 127182.54,
      "ask_depth_500": 118904.5,
      "imbalance": 0.0336,
      "score": 88.7
    },
    "APT": {
      "tradeable": true,
      "spread_pct": 0.010637,
      "bid_depth_50": 71268.18,
      "ask_depth_50": 102719.84,
      "bid_depth_100": 71268.18,
      "ask_depth_100": 102719.84,
      "bid_depth_500": 71268.18,
      "ask_depth_500": 102719.84,
      "imbalance": -0.1808,
      "score": 84.9
    },
    "ARB": {
      "tradeable": true,
      "spread_pct": 0.031923,
      "bid_depth_50": 99036.64,
      "ask_depth_50": 282549.75,
      "bid_depth_100": 99036.64,
      "ask_depth_100": 282549.75,
      "bid_depth_500": 99036.64,
      "ask_depth_500": 282549.75,
      "imbalance": -0.4809,
      "score": 72.8
    },
    "AVAX": {
      "tradeable": true,
      "spread_pct": 0.014249,
      "bid_depth_50": 85480.56,
      "ask_depth_50": 70959.25,
      "bid_depth_100": 85480.56,
      "ask_depth_100": 70959.25,
      "bid_depth_500": 85480.56,
      "ask_depth_500": 70959.25,
      "imbalance": 0.0928,
      "score": 80.5
    },
    "BCH": {
      "tradeable": true,
      "spread_pct": 0.01499,
      "bid_depth_50": 29336.33,
      "ask_depth_50": 75968.76,
      "bid_depth_100": 29336.33,
      "ask_depth_100": 75968.76,
      "bid_depth_500": 29336.33,
      "ask_depth_500": 75968.76,
      "imbalance": -0.4428,
      "score": 77.5
    },
    "BNB": {
      "tradeable": true,
      "spread_pct": 0.015884,
      "bid_depth_50": 84257.19,
      "ask_depth_50": 112288.81,
      "bid_depth_100": 84257.19,
      "ask_depth_100": 112288.81,
      "bid_depth_500": 84257.19,
      "ask_depth_500": 112288.81,
      "imbalance": -0.1426,
      "score": 80.6
    },
    "BTC": {
      "tradeable": true,
      "spread_pct": 0.001458,
      "bid_depth_50": 12501108.33,
      "ask_depth_50": 697344.75,
      "bid_depth_100": 12501108.33,
      "ask_depth_100": 697344.75,
      "bid_depth_500": 12501108.33,
      "ask_depth_500": 697344.75,
      "imbalance": 0.8943,
      "score": 100
    },
    "CRV": {
      "tradeable": true,
      "spread_pct": 0.022968,
      "bid_depth_50": 85646.04,
      "ask_depth_50": 100303.94,
      "bid_depth_100": 85646.04,
      "ask_depth_100": 100303.94,
      "bid_depth_500": 85646.04,
      "ask_depth_500": 100303.94,
      "imbalance": -0.0788,
      "score": 73.1
    },
    "DOGE": {
      "tradeable": true,
      "spread_pct": 0.001103,
      "bid_depth_50": 136400.81,
      "ask_depth_50": 147405.68,
      "bid_depth_100": 136400.81,
      "ask_depth_100": 147405.68,
      "bid_depth_500": 136400.81,
      "ask_depth_500": 147405.68,
      "imbalance": -0.0388,
      "score": 90.4
    },
    "DOT": {
      "tradeable": true,
      "spread_pct": 0.034891,
      "bid_depth_50": 116891.8,
      "ask_depth_50": 149004.31,
      "bid_depth_100": 116891.8,
      "ask_depth_100": 149004.31,
      "bid_depth_500": 116891.8,
      "ask_depth_500": 149004.31,
      "imbalance": -0.1208,
      "score": 64.7
    },
    "ENA": {
      "tradeable": false,
      "spread_pct": 0.060061,
      "bid_depth_50": 78253.12,
      "ask_depth_50": 80012.08,
      "bid_depth_100": 78253.12,
      "ask_depth_100": 80012.08,
      "bid_depth_500": 78253.12,
      "ask_depth_500": 80012.08,
      "imbalance": -0.0111,
      "score": 54.1
    },
    "ETH": {
      "tradeable": true,
      "spread_pct": 0.00485,
      "bid_depth_50": 7492086.2,
      "ask_depth_50": 6972999.61,
      "bid_depth_100": 7492086.2,
      "ask_depth_100": 6972999.61,
      "bid_depth_500": 7492086.2,
      "ask_depth_500": 6972999.61,
      "imbalance": 0.0359,
      "score": 100
    },
    "FARTCOIN": {
      "tradeable": true,
      "spread_pct": 0.005279,
      "bid_depth_50": 49297.26,
      "ask_depth_50": 66938.5,
      "bid_depth_100": 49297.26,
      "ask_depth_100": 66938.5,
      "bid_depth_500": 49297.26,
      "ask_depth_500": 66938.5,
      "imbalance": -0.1518,
      "score": 82.9
    },
    "HYPE": {
      "tradeable": true,
      "spread_pct": 0.002626,
      "bid_depth_50": 153587.5,
      "ask_depth_50": 69059.69,
      "bid_depth_100": 153587.5,
      "ask_depth_100": 69059.69,
      "bid_depth_500": 153587.5,
      "ask_depth_500": 69059.69,
      "imbalance": 0.3796,
      "score": 87.7
    },
    "INJ": {
      "tradeable": false,
      "spread_pct": 0.05719,
      "bid_depth_50": 38842.88,
      "ask_depth_50": 36544.98,
      "bid_depth_100": 38842.88,
      "ask_depth_100": 38809.67,
      "bid_depth_500": 38842.88,
      "ask_depth_500": 38809.67,
      "imbalance": 0.0305,
      "score": 50.7
    },
    "JUP": {
      "tradeable": true,
      "spread_pct": 0.044659,
      "bid_depth_50": 56552.13,
      "ask_depth_50": 51135.99,
      "bid_depth_100": 56552.13,
      "ask_depth_100": 51135.99,
      "bid_depth_500": 56552.13,
      "ask_depth_500": 51135.99,
      "imbalance": 0.0503,
      "score": 47.9
    },
    "LDO": {
      "tradeable": true,
      "spread_pct": 0.031639,
      "bid_depth_50": 59690.17,
      "ask_depth_50": 32530.84,
      "bid_depth_100": 59690.17,
      "ask_depth_100": 32530.84,
      "bid_depth_500": 59690.17,
      "ask_depth_500": 32530.84,
      "imbalance": 0.2945,
      "score": 60.2
    },
    "LINK": {
      "tradeable": true,
      "spread_pct": 0.008018,
      "bid_depth_50": 119764.94,
      "ask_depth_50": 119001.62,
      "bid_depth_100": 119764.94,
      "ask_depth_100": 119001.62,
      "bid_depth_500": 119764.94,
      "ask_depth_500": 119001.62,
      "imbalance": 0.0032,
      "score": 88.4
    },
    "LTC": {
      "tradeable": true,
      "spread_pct": 0.005556,
      "bid_depth_50": 119742.97,
      "ask_depth_50": 183653.11,
      "bid_depth_100": 119742.97,
      "ask_depth_100": 183653.11,
      "bid_depth_500": 119742.97,
      "ask_depth_500": 183653.11,
      "imbalance": -0.2106,
      "score": 91.3
    },
    "NEAR": {
      "tradeable": true,
      "spread_pct": 0.007804,
      "bid_depth_50": 137040.26,
      "ask_depth_50": 83468.77,
      "bid_depth_100": 137040.26,
      "ask_depth_100": 83468.77,
      "bid_depth_500": 137040.26,
      "ask_depth_500": 83468.77,
      "imbalance": 0.2429,
      "score": 87.6
    },
    "ONDO": {
      "tradeable": true,
      "spread_pct": 0.040422,
      "bid_depth_50": 43098.35,
      "ask_depth_50": 71948.41,
      "bid_depth_100": 43098.35,
      "ask_depth_100": 71948.41,
      "bid_depth_500": 43098.35,
      "ask_depth_500": 71948.41,
      "imbalance": -0.2508,
      "score": 52.5
    },
    "OP": {
      "tradeable": true,
      "spread_pct": 0.043105,
      "bid_depth_50": 83307.9,
      "ask_depth_50": 65902.26,
      "bid_depth_100": 83307.9,
      "ask_depth_100": 65902.26,
      "bid_depth_500": 83307.9,
      "ask_depth_500": 65902.26,
      "imbalance": 0.1167,
      "score": 51.3
    },
    "PAXG": {
      "tradeable": true,
      "spread_pct": 0.002309,
      "bid_depth_50": 208792.82,
      "ask_depth_50": 266143.06,
      "bid_depth_100": 208792.82,
      "ask_depth_100": 266143.06,
      "bid_depth_500": 208792.82,
      "ask_depth_500": 266143.06,
      "imbalance": -0.1208,
      "score": 98.9
    },
    "PUMP": {
      "tradeable": false,
      "spread_pct": 0.05554,
      "bid_depth_50": 443732.07,
      "ask_depth_50": 406041.63,
      "bid_depth_100": 891894.82,
      "ask_depth_100": 866807.39,