{
  "timestamp": "2026-03-19T11:14:31.144549+00:00",
  "coins": {
    "AAVE": {
      "tradeable": true,
      "spread_pct": 0.008717,
      "bid_depth_50": 246202.89,
      "ask_depth_50": 274684.1,
      "bid_depth_100": 246202.89,
      "ask_depth_100": 274684.1,
      "bid_depth_500": 246202.89,
      "ask_depth_500": 274684.1,
      "imbalance": -0.0547,
      "score": 100
    },
    "ADA": {
      "tradeable": true,
      "spread_pct": 0.014856,
      "bid_depth_50": 187303.32,
      "ask_depth_50": 116865.73,
      "bid_depth_100": 187303.32,
      "ask_depth_100": 116865.73,
      "bid_depth_500": 187303.32,
      "ask_depth_500": 116865.73,
      "imbalance": 0.2316,
      "score": 86.4
    },
    "APT": {
      "tradeable": true,
      "spread_pct": 0.010393,
      "bid_depth_50": 119114.71,
      "ask_depth_50": 112314.12,
      "bid_depth_100": 119114.71,
      "ask_depth_100": 112314.12,
      "bid_depth_500": 119114.71,
      "ask_depth_500": 112314.12,
      "imbalance": 0.0294,
      "score": 87.7
    },
    "ARB": {
      "tradeable": true,
      "spread_pct": 0.029885,
      "bid_depth_50": 233477.26,
      "ask_depth_50": 174140.88,
      "bid_depth_100": 233477.26,
      "ask_depth_100": 174140.88,
      "bid_depth_500": 233477.26,
      "ask_depth_500": 174140.88,
      "imbalance": 0.1456,
      "score": 76.0
    },
    "AVAX": {
      "tradeable": true,
      "spread_pct": 0.001048,
      "bid_depth_50": 152726.34,
      "ask_depth_50": 88701.45,
      "bid_depth_100": 152726.34,
      "ask_depth_100": 88701.45,
      "bid_depth_500": 152726.34,
      "ask_depth_500": 88701.45,
      "imbalance": 0.2652,
      "score": 88.5
    },
    "BCH": {
      "tradeable": true,
      "spread_pct": 0.028432,
      "bid_depth_50": 158231.4,
      "ask_depth_50": 75556.33,
      "bid_depth_100": 158231.4,
      "ask_depth_100": 75556.33,
      "bid_depth_500": 158231.4,
      "ask_depth_500": 75556.33,
      "imbalance": 0.3536,
      "score": 69.7
    },
    "BNB": {
      "tradeable": true,
      "spread_pct": 0.004652,
      "bid_depth_50": 94031.76,
      "ask_depth_50": 101353.61,
      "bid_depth_100": 94031.76,
      "ask_depth_100": 101353.61,
      "bid_depth_500": 94031.76,
      "ask_depth_500": 101353.61,
      "imbalance": -0.0375,
      "score": 86.5
    },
    "BTC": {
      "tradeable": true,
      "spread_pct": 0.001426,
      "bid_depth_50": 2414195.16,
      "ask_depth_50": 4658537.75,
      "bid_depth_100": 2414195.16,
      "ask_depth_100": 4658537.75,
      "bid_depth_500": 2414195.16,
      "ask_depth_500": 4658537.75,
      "imbalance": -0.3173,
      "score": 100
    },
    "CRV": {
      "tradeable": false,
      "spread_pct": 0.067326,
      "bid_depth_50": 90079.69,
      "ask_depth_50": 98785.99,
      "bid_depth_100": 90079.69,
      "ask_depth_100": 98785.99,
      "bid_depth_500": 90079.69,
      "ask_depth_500": 98785.99,
      "imbalance": -0.0461,
      "score": 55.0
    },
    "DOGE": {
      "tradeable": true,
      "spread_pct": 0.001064,
      "bid_depth_50": 183443.92,
      "ask_depth_50": 162034.12,
      "bid_depth_100": 183443.92,
      "ask_depth_100": 162034.12,
      "bid_depth_500": 183443.92,
      "ask_depth_500": 162034.12,
      "imbalance": 0.062,
      "score": 93.1
    },
    "DOT": {
      "tradeable": true,
      "spread_pct": 0.039182,
      "bid_depth_50": 89655.59,
      "ask_depth_50": 124656.74,
      "bid_depth_100": 89655.59,
      "ask_depth_100": 124656.74,
      "bid_depth_500": 89655.59,
      "ask_depth_500": 124656.74,
      "imbalance": -0.1633,
      "score": 58.1
    },
    "ENA": {
      "tradeable": true,
      "spread_pct": 0.038775,
      "bid_depth_50": 237045.08,
      "ask_depth_50": 257274.35,
      "bid_depth_100": 237045.08,
      "ask_depth_100": 257274.35,
      "bid_depth_500": 237045.08,
      "ask_depth_500": 257274.35,
      "imbalance": -0.0409,
      "score": 71.0
    },
    "ETH": {
      "tradeable": true,
      "spread_pct": 0.004609,
      "bid_depth_50": 9803972.66,
      "ask_depth_50": 8093066.91,
      "bid_depth_100": 9803972.66,
      "ask_depth_100": 8093066.91,
      "bid_depth_500": 9803972.66,
      "ask_depth_500": 8093066.91,
      "imbalance": 0.0956,
      "score": 100
    },
    "FARTCOIN": {
      "tradeable": true,
      "spread_pct": 0.010292,
      "bid_depth_50": 54866.39,
      "ask_depth_50": 37669.75,
      "bid_depth_100": 54866.39,
      "ask_depth_100": 37669.75,
      "bid_depth_500": 54866.39,
      "ask_depth_500": 37669.75,
      "imbalance": 0.1858,
      "score": 81.6
    },
    "HYPE": {
      "tradeable": true,
      "spread_pct": 0.002517,
      "bid_depth_50": 118231.12,
      "ask_depth_50": 158076.53,
      "bid_depth_100": 118231.12,
      "ask_depth_100": 158076.53,
      "bid_depth_500": 118231.12,
      "ask_depth_500": 158076.53,
      "imbalance": -0.1442,
      "score": 90.1
    },
    "INJ": {
      "tradeable": false,
      "spread_pct": 0.059876,
      "bid_depth_50": 31329.61,
      "ask_depth_50": 36025.32,
      "bid_depth_100": 31329.61,
      "ask_depth_100": 36025.32,
      "bid_depth_500": 31329.61,
      "ask_depth_500": 36025.32,
      "imbalance": -0.0697,
      "score": 50.1
    },
    "JUP": {
      "tradeable": true,
      "spread_pct": 0.024684,
      "bid_depth_50": 43937.08,
      "ask_depth_50": 43652.27,
      "bid_depth_100": 43937.08,
      "ask_depth_100": 43652.27,
      "bid_depth_500": 43937.08,
      "ask_depth_500": 43652.27,
      "imbalance": 0.0033,
      "score": 67.0
    },
    "LDO": {
      "tradeable": true,
      "spread_pct": 0.030021,
      "bid_depth_50": 35960.94,
      "ask_depth_50": 45138.02,
      "bid_depth_100": 35960.94,
      "ask_depth_100": 45138.02,
      "bid_depth_500": 35960.94,
      "ask_depth_500": 45138.02,
      "imbalance": -0.1132,
      "score": 61.4
    },
    "LINK": {
      "tradeable": true,
      "spread_pct": 0.001096,
      "bid_depth_50": 140292.15,
      "ask_depth_50": 98676.74,
      "bid_depth_100": 140292.15,
      "ask_depth_100": 98676.74,
      "bid_depth_500": 140292.15,
      "ask_depth_500": 98676.74,
      "imbalance": 0.1741,
      "score": 88.4
    },
    "LTC": {
      "tradeable": true,
      "spread_pct": 0.010843,
      "bid_depth_50": 125656.9,
      "ask_depth_50": 141469.75,
      "bid_depth_100": 125656.9,
      "ask_depth_100": 141469.75,
      "bid_depth_500": 125656.9,
      "ask_depth_500": 141469.75,
      "imbalance": -0.0592,
      "score": 88.8
    },
    "NEAR": {
      "tradeable": true,
      "spread_pct": 0.029516,
      "bid_depth_50": 169660.47,
      "ask_depth_50": 137869.8,
      "bid_depth_100": 169660.47,
      "ask_depth_100": 137869.8,
      "bid_depth_500": 169660.47,
      "ask_depth_500": 137869.8,
      "imbalance": 0.1034,
      "score": 71.9
    },
    "ONDO": {
      "tradeable": true,
      "spread_pct": 0.003838,
      "bid_depth_50": 55011.45,
      "ask_depth_50": 78973.3,
      "bid_depth_100": 55011.45,
      "ask_depth_100": 78973.3,
      "bid_depth_500": 55011.45,
      "ask_depth_500": 78973.3,
      "imbalance": -0.1788,
      "score": 83.7
    },
    "OP": {
      "tradeable": true,
      "spread_pct": 0.032798,
      "bid_depth_50": 37950.36,
      "ask_depth_50": 80544.55,
      "bid_depth_100": 113095.35,
      "ask_depth_100": 80544.55,
      "bid_depth_500": 113095.35,
      "ask_depth_500": 80544.55,
      "imbalance": -0.3595,
      "score": 63.6
    },
    "PAXG": {
      "tradeable": true,
      "spread_pct": 0.010672,
      "bid_depth_50": 454644.24,
      "ask_depth_50": 534097.12,
      "bid_depth_100": 454644.24,
      "ask_depth_100": 534097.12,
      "bid_depth_500": 454644.24,
      "ask_depth_500": 534097.12,
      "imbalance": -0.0804,
      "score": 99.3
    },
    "PUMP": {
      "tradeable": false,
      "spread_pct": 0.105485,
      "bid_depth_50": 416465.03,
      "ask_depth_50": 310800.56,
      "bid_depth_100": 744796.38,