{
  "timestamp": "2026-03-19T01:21:04.264388+00:00",
  "coins": {
    "AAVE": {
      "tradeable": true,
      "spread_pct": 0.017434,
      "bid_depth_50": 247151.76,
      "ask_depth_50": 260126.7,
      "bid_depth_100": 247151.76,
      "ask_depth_100": 260126.7,
      "bid_depth_500": 247151.76,
      "ask_depth_500": 260126.7,
      "imbalance": -0.0256,
      "score": 92.6
    },
    "ADA": {
      "tradeable": true,
      "spread_pct": 0.047688,
      "bid_depth_50": 145412.66,
      "ask_depth_50": 131218.09,
      "bid_depth_100": 145412.66,
      "ask_depth_100": 131218.09,
      "bid_depth_500": 145412.66,
      "ask_depth_500": 131218.09,
      "imbalance": 0.0513,
      "score": 52.4
    },
    "APT": {
      "tradeable": true,
      "spread_pct": 0.040958,
      "bid_depth_50": 90083.15,
      "ask_depth_50": 91085.77,
      "bid_depth_100": 90083.15,
      "ask_depth_100": 91085.77,
      "bid_depth_500": 90083.15,
      "ask_depth_500": 91085.77,
      "imbalance": -0.0055,
      "score": 54.9
    },
    "ARB": {
      "tradeable": true,
      "spread_pct": 0.00977,
      "bid_depth_50": 189968.78,
      "ask_depth_50": 236204.71,
      "bid_depth_100": 189968.78,
      "ask_depth_100": 236204.71,
      "bid_depth_500": 189968.78,
      "ask_depth_500": 236204.71,
      "imbalance": -0.1085,
      "score": 96.7
    },
    "AVAX": {
      "tradeable": true,
      "spread_pct": 0.007245,
      "bid_depth_50": 108881.84,
      "ask_depth_50": 80178.01,
      "bid_depth_100": 108881.84,
      "ask_depth_100": 80178.01,
      "bid_depth_500": 108881.84,
      "ask_depth_500": 80178.01,
      "imbalance": 0.1518,
      "score": 86.2
    },
    "BCH": {
      "tradeable": true,
      "spread_pct": 0.0154,
      "bid_depth_50": 142334.93,
      "ask_depth_50": 66639.42,
      "bid_depth_100": 142334.93,
      "ask_depth_100": 66639.42,
      "bid_depth_500": 142334.93,
      "ask_depth_500": 66639.42,
      "imbalance": 0.3622,
      "score": 81.7
    },
    "BNB": {
      "tradeable": true,
      "spread_pct": 0.009224,
      "bid_depth_50": 123442.58,
      "ask_depth_50": 84752.04,
      "bid_depth_100": 123442.58,
      "ask_depth_100": 84752.04,
      "bid_depth_500": 123442.58,
      "ask_depth_500": 84752.04,
      "imbalance": 0.1858,
      "score": 87.0
    },
    "BTC": {
      "tradeable": true,
      "spread_pct": 0.001409,
      "bid_depth_50": 9280458.81,
      "ask_depth_50": 1277250.97,
      "bid_depth_100": 9280458.81,
      "ask_depth_100": 1277250.97,
      "bid_depth_500": 9280458.81,
      "ask_depth_500": 1277250.97,
      "imbalance": 0.758,
      "score": 100
    },
    "CRV": {
      "tradeable": false,
      "spread_pct": 0.058475,
      "bid_depth_50": 112505.43,
      "ask_depth_50": 99834.05,
      "bid_depth_100": 112505.43,
      "ask_depth_100": 99834.05,
      "bid_depth_500": 112505.43,
      "ask_depth_500": 99834.05,
      "imbalance": 0.0597,
      "score": 56.7
    },
    "DOGE": {
      "tradeable": true,
      "spread_pct": 0.001053,
      "bid_depth_50": 179322.44,
      "ask_depth_50": 282765.49,
      "bid_depth_100": 179322.44,
      "ask_depth_100": 282765.49,
      "bid_depth_500": 179322.44,
      "ask_depth_500": 282765.49,
      "imbalance": -0.2239,
      "score": 98.3
    },
    "DOT": {
      "tradeable": true,
      "spread_pct": 0.038499,
      "bid_depth_50": 68094.05,
      "ask_depth_50": 228043.93,
      "bid_depth_100": 68094.05,
      "ask_depth_100": 228043.93,
      "bid_depth_500": 68094.05,
      "ask_depth_500": 228043.93,
      "imbalance": -0.5401,
      "score": 62.4
    },
    "ENA": {
      "tradeable": true,
      "spread_pct": 0.037068,
      "bid_depth_50": 231174.56,
      "ask_depth_50": 228186.38,
      "bid_depth_100": 231174.56,
      "ask_depth_100": 228186.38,
      "bid_depth_500": 231174.56,
      "ask_depth_500": 228186.38,
      "imbalance": 0.0065,
      "score": 71.1
    },
    "ETH": {
      "tradeable": true,
      "spread_pct": 0.004566,
      "bid_depth_50": 6266683.91,
      "ask_depth_50": 10370554.07,
      "bid_depth_100": 6266683.91,
      "ask_depth_100": 10370554.07,
      "bid_depth_500": 6266683.91,
      "ask_depth_500": 10370554.07,
      "imbalance": -0.2467,
      "score": 100
    },
    "FARTCOIN": {
      "tradeable": true,
      "spread_pct": 0.023766,
      "bid_depth_50": 38294.78,
      "ask_depth_50": 55089.1,
      "bid_depth_100": 38294.78,
      "ask_depth_100": 55089.1,
      "bid_depth_500": 38294.78,
      "ask_depth_500": 55089.1,
      "imbalance": -0.1798,
      "score": 68.2
    },
    "HYPE": {
      "tradeable": true,
      "spread_pct": 0.021654,
      "bid_depth_50": 138037.3,
      "ask_depth_50": 127157.64,
      "bid_depth_100": 138037.3,
      "ask_depth_100": 127157.64,
      "bid_depth_500": 138037.3,
      "ask_depth_500": 127157.64,
      "imbalance": 0.041,
      "score": 77.9
    },
    "INJ": {
      "tradeable": true,
      "spread_pct": 0.032753,
      "bid_depth_50": 40692.88,
      "ask_depth_50": 35472.53,
      "bid_depth_100": 40692.88,
      "ask_depth_100": 35472.53,
      "bid_depth_500": 40692.88,
      "ask_depth_500": 35472.53,
      "imbalance": 0.0685,
      "score": 58.4
    },
    "JUP": {
      "tradeable": false,
      "spread_pct": 0.055373,
      "bid_depth_50": 46184.74,
      "ask_depth_50": 56359.37,
      "bid_depth_100": 46184.74,
      "ask_depth_100": 56359.37,
      "bid_depth_500": 46184.74,
      "ask_depth_500": 56359.37,
      "imbalance": -0.0992,
      "score": 52.0
    },
    "LDO": {
      "tradeable": true,
      "spread_pct": 0.026459,
      "bid_depth_50": 27549.4,
      "ask_depth_50": 85054.37,
      "bid_depth_100": 27549.4,
      "ask_depth_100": 85054.37,
      "bid_depth_500": 27549.4,
      "ask_depth_500": 85054.37,
      "imbalance": -0.5107,
      "score": 66.3
    },
    "LINK": {
      "tradeable": true,
      "spread_pct": 0.001089,
      "bid_depth_50": 140270.3,
      "ask_depth_50": 127667.29,
      "bid_depth_100": 140270.3,
      "ask_depth_100": 127667.29,
      "bid_depth_500": 140270.3,
      "ask_depth_500": 127667.29,
      "imbalance": 0.047,
      "score": 89.7
    },
    "LTC": {
      "tradeable": true,
      "spread_pct": 0.001792,
      "bid_depth_50": 104346.84,
      "ask_depth_50": 155559.55,
      "bid_depth_100": 104346.84,
      "ask_depth_100": 155559.55,
      "bid_depth_500": 104346.84,
      "ask_depth_500": 155559.55,
      "imbalance": -0.197,
      "score": 89.3
    },
    "NEAR": {
      "tradeable": true,
      "spread_pct": 0.014538,
      "bid_depth_50": 157935.33,
      "ask_depth_50": 138555.17,
      "bid_depth_100": 157935.33,
      "ask_depth_100": 138555.17,
      "bid_depth_500": 157935.33,
      "ask_depth_500": 138555.17,
      "imbalance": 0.0654,
      "score": 86.4
    },
    "ONDO": {
      "tradeable": true,
      "spread_pct": 0.030126,
      "bid_depth_50": 82360.6,
      "ask_depth_50": 53074.52,
      "bid_depth_100": 82360.6,
      "ask_depth_100": 53074.52,
      "bid_depth_500": 82360.6,
      "ask_depth_500": 53074.52,
      "imbalance": 0.2162,
      "score": 63.7
    },
    "OP": {
      "tradeable": true,
      "spread_pct": 0.03996,
      "bid_depth_50": 58282.19,
      "ask_depth_50": 85121.39,
      "bid_depth_100": 58282.19,
      "ask_depth_100": 85121.39,
      "bid_depth_500": 58282.19,
      "ask_depth_500": 85121.39,
      "imbalance": -0.1872,
      "score": 54.2
    },
    "PAXG": {
      "tradeable": true,
      "spread_pct": 0.002072,
      "bid_depth_50": 440575.16,
      "ask_depth_50": 643839.5,
      "bid_depth_100": 440575.16,
      "ask_depth_100": 643839.5,
      "bid_depth_500": 440575.16,
      "ask_depth_500": 643839.5,
      "imbalance": -0.1874,
      "score": 100
    },
    "PUMP": {
      "tradeable": false,
      "spread_pct": 0.051164,
      "bid_depth_50": 421124.18,
      "ask_depth_50": 373466.73,
      "bid_depth_100": 759109.15,
      "ask_depth_100": 801091.42,