{
  "timestamp": "2026-03-19T20:37:51.854002+00:00",
  "coins": {
    "AAVE": {
      "tradeable": true,
      "spread_pct": 0.026828,
      "bid_depth_50": 294791.99,
      "ask_depth_50": 230420.23,
      "bid_depth_100": 294791.99,
      "ask_depth_100": 230420.23,
      "bid_depth_500": 294791.99,
      "ask_depth_500": 230420.23,
      "imbalance": 0.1226,
      "score": 83.2
    },
    "ADA": {
      "tradeable": true,
      "spread_pct": 0.007465,
      "bid_depth_50": 112010.25,
      "ask_depth_50": 108424.69,
      "bid_depth_100": 112010.25,
      "ask_depth_100": 108424.69,
      "bid_depth_500": 112010.25,
      "ask_depth_500": 108424.69,
      "imbalance": 0.0163,
      "score": 87.6
    },
    "APT": {
      "tradeable": true,
      "spread_pct": 0.031731,
      "bid_depth_50": 142581.57,
      "ask_depth_50": 132121.44,
      "bid_depth_100": 142581.57,
      "ask_depth_100": 132121.44,
      "bid_depth_500": 142581.57,
      "ask_depth_500": 132121.44,
      "imbalance": 0.0381,
      "score": 68.3
    },
    "ARB": {
      "tradeable": true,
      "spread_pct": 0.020218,
      "bid_depth_50": 224427.14,
      "ask_depth_50": 167631.75,
      "bid_depth_100": 224427.14,
      "ask_depth_100": 167631.75,
      "bid_depth_500": 224427.14,
      "ask_depth_500": 167631.75,
      "imbalance": 0.1449,
      "score": 85.0
    },
    "AVAX": {
      "tradeable": true,
      "spread_pct": 0.013658,
      "bid_depth_50": 72054.09,
      "ask_depth_50": 70101.11,
      "bid_depth_100": 72054.09,
      "ask_depth_100": 70101.11,
      "bid_depth_500": 72054.09,
      "ask_depth_500": 70101.11,
      "imbalance": 0.0137,
      "score": 80.4
    },
    "BCH": {
      "tradeable": true,
      "spread_pct": 0.026211,
      "bid_depth_50": 108215.9,
      "ask_depth_50": 88135.77,
      "bid_depth_100": 108215.9,
      "ask_depth_100": 88135.77,
      "bid_depth_500": 108215.9,
      "ask_depth_500": 88135.77,
      "imbalance": 0.1023,
      "score": 70.3
    },
    "BNB": {
      "tradeable": true,
      "spread_pct": 0.004677,
      "bid_depth_50": 84280.25,
      "ask_depth_50": 163616.0,
      "bid_depth_100": 84280.25,
      "ask_depth_100": 163616.0,
      "bid_depth_500": 84280.25,
      "ask_depth_500": 163616.0,
      "imbalance": -0.32,
      "score": 88.8
    },
    "BTC": {
      "tradeable": true,
      "spread_pct": 0.001419,
      "bid_depth_50": 8088821.07,
      "ask_depth_50": 890138.59,
      "bid_depth_100": 8088821.07,
      "ask_depth_100": 890138.59,
      "bid_depth_500": 8088821.07,
      "ask_depth_500": 890138.59,
      "imbalance": 0.8017,
      "score": 100
    },
    "CRV": {
      "tradeable": true,
      "spread_pct": 0.004253,
      "bid_depth_50": 105481.06,
      "ask_depth_50": 96249.25,
      "bid_depth_100": 105481.06,
      "ask_depth_100": 96249.25,
      "bid_depth_500": 105481.06,
      "ask_depth_500": 96249.25,
      "imbalance": 0.0458,
      "score": 86.7
    },
    "DOGE": {
      "tradeable": true,
      "spread_pct": 0.00107,
      "bid_depth_50": 270075.94,
      "ask_depth_50": 132558.86,
      "bid_depth_100": 270075.94,
      "ask_depth_100": 132558.86,
      "bid_depth_500": 270075.94,
      "ask_depth_500": 132558.86,
      "imbalance": 0.3415,
      "score": 95.7
    },
    "DOT": {
      "tradeable": true,
      "spread_pct": 0.039226,
      "bid_depth_50": 96049.54,
      "ask_depth_50": 375824.89,
      "bid_depth_100": 96049.54,
      "ask_depth_100": 375824.89,
      "bid_depth_500": 96049.54,
      "ask_depth_500": 375824.89,
      "imbalance": -0.5929,
      "score": 69.5
    },
    "ENA": {
      "tradeable": false,
      "spread_pct": 0.05823,
      "bid_depth_50": 256452.87,
      "ask_depth_50": 229987.42,
      "bid_depth_100": 256452.87,
      "ask_depth_100": 229987.42,
      "bid_depth_500": 256452.87,
      "ask_depth_500": 229987.42,
      "imbalance": 0.0544,
      "score": 68.8
    },
    "ETH": {
      "tradeable": true,
      "spread_pct": 0.004661,
      "bid_depth_50": 10334737.4,
      "ask_depth_50": 5569785.68,
      "bid_depth_100": 10334737.4,
      "ask_depth_100": 5569785.68,
      "bid_depth_500": 10334737.4,
      "ask_depth_500": 5569785.68,
      "imbalance": 0.2996,
      "score": 100
    },
    "FARTCOIN": {
      "tradeable": true,
      "spread_pct": 0.045392,
      "bid_depth_50": 47693.81,
      "ask_depth_50": 61772.11,
      "bid_depth_100": 47693.81,
      "ask_depth_100": 61772.11,
      "bid_depth_500": 47693.81,
      "ask_depth_500": 61772.11,
      "imbalance": -0.1286,
      "score": 47.3
    },
    "HYPE": {
      "tradeable": true,
      "spread_pct": 0.007522,
      "bid_depth_50": 104011.12,
      "ask_depth_50": 85232.91,
      "bid_depth_100": 104011.12,
      "ask_depth_100": 85232.91,
      "bid_depth_500": 104011.12,
      "ask_depth_500": 85232.91,
      "imbalance": 0.0992,
      "score": 86.2
    },
    "INJ": {
      "tradeable": true,
      "spread_pct": 0.036485,
      "bid_depth_50": 52772.22,
      "ask_depth_50": 23667.11,
      "bid_depth_100": 52772.22,
      "ask_depth_100": 23667.11,
      "bid_depth_500": 52772.22,
      "ask_depth_500": 23667.11,
      "imbalance": 0.3808,
      "score": 54.7
    },
    "JUP": {
      "tradeable": true,
      "spread_pct": 0.03128,
      "bid_depth_50": 54696.64,
      "ask_depth_50": 44142.95,
      "bid_depth_100": 54696.64,
      "ask_depth_100": 44142.95,
      "bid_depth_500": 54696.64,
      "ask_depth_500": 44142.95,
      "imbalance": 0.1068,
      "score": 60.9
    },
    "LDO": {
      "tradeable": true,
      "spread_pct": 0.013461,
      "bid_depth_50": 38653.6,
      "ask_depth_50": 63163.9,
      "bid_depth_100": 38653.6,
      "ask_depth_100": 63163.9,
      "bid_depth_500": 38653.6,
      "ask_depth_500": 63163.9,
      "imbalance": -0.2407,
      "score": 78.8
    },
    "LINK": {
      "tradeable": true,
      "spread_pct": 0.001105,
      "bid_depth_50": 136941.08,
      "ask_depth_50": 115387.92,
      "bid_depth_100": 136941.08,
      "ask_depth_100": 115387.92,
      "bid_depth_500": 136941.08,
      "ask_depth_500": 115387.92,
      "imbalance": 0.0854,
      "score": 89.0
    },
    "LTC": {
      "tradeable": true,
      "spread_pct": 0.010737,
      "bid_depth_50": 120451.73,
      "ask_depth_50": 145246.73,
      "bid_depth_100": 120451.73,
      "ask_depth_100": 145246.73,
      "bid_depth_500": 120451.73,
      "ask_depth_500": 145246.73,
      "imbalance": -0.0933,
      "score": 88.8
    },
    "NEAR": {
      "tradeable": true,
      "spread_pct": 0.007463,
      "bid_depth_50": 96591.85,
      "ask_depth_50": 106394.57,
      "bid_depth_100": 96591.85,
      "ask_depth_100": 106394.57,
      "bid_depth_500": 96591.85,
      "ask_depth_500": 106394.57,
      "imbalance": -0.0483,
      "score": 86.8
    },
    "ONDO": {
      "tradeable": true,
      "spread_pct": 0.003902,
      "bid_depth_50": 59452.92,
      "ask_depth_50": 90537.02,
      "bid_depth_100": 59452.92,
      "ask_depth_100": 90537.02,
      "bid_depth_500": 59452.92,
      "ask_depth_500": 90537.02,
      "imbalance": -0.2072,
      "score": 84.4
    },
    "OP": {
      "tradeable": true,
      "spread_pct": 0.016592,
      "bid_depth_50": 50245.93,
      "ask_depth_50": 102009.5,
      "bid_depth_100": 50245.93,
      "ask_depth_100": 102009.5,
      "bid_depth_500": 50245.93,
      "ask_depth_500": 102009.5,
      "imbalance": -0.34,
      "score": 78.0
    },
    "PAXG": {
      "tradeable": true,
      "spread_pct": 0.002145,
      "bid_depth_50": 229427.25,
      "ask_depth_50": 198538.53,
      "bid_depth_100": 229427.25,
      "ask_depth_100": 198538.53,
      "bid_depth_500": 229427.25,
      "ask_depth_500": 198538.53,
      "imbalance": 0.0722,
      "score": 96.8
    },
    "PUMP": {
      "tradeable": false,
      "spread_pct": 0.108167,
      "bid_depth_50": 422290.06,
      "ask_depth_50": 322195.87,
      "bid_depth_100": 726515.89,
      "ask_depth_100": 718850.35,