{
  "timestamp": "2026-03-20T10:13:13.916018+00:00",
  "coins": {
    "AAVE": {
      "tradeable": true,
      "spread_pct": 0.035829,
      "bid_depth_50": 262379.57,
      "ask_depth_50": 311937.74,
      "bid_depth_100": 262379.57,
      "ask_depth_100": 311937.74,
      "bid_depth_500": 262379.57,
      "ask_depth_500": 311937.74,
      "imbalance": -0.0863,
      "score": 74.2
    },
    "ADA": {
      "tradeable": true,
      "spread_pct": 0.026132,
      "bid_depth_50": 86075.68,
      "ask_depth_50": 145091.11,
      "bid_depth_100": 86075.68,
      "ask_depth_100": 145091.11,
      "bid_depth_500": 86075.68,
      "ask_depth_500": 145091.11,
      "imbalance": -0.2553,
      "score": 71.9
    },
    "APT": {
      "tradeable": true,
      "spread_pct": 0.020103,
      "bid_depth_50": 70051.8,
      "ask_depth_50": 102790.69,
      "bid_depth_100": 70051.8,
      "ask_depth_100": 102790.69,
      "bid_depth_500": 70051.8,
      "ask_depth_500": 102790.69,
      "imbalance": -0.1894,
      "score": 75.4
    },
    "ARB": {
      "tradeable": true,
      "spread_pct": 0.019954,
      "bid_depth_50": 209828.0,
      "ask_depth_50": 252820.15,
      "bid_depth_100": 209828.0,
      "ask_depth_100": 252820.15,
      "bid_depth_500": 209828.0,
      "ask_depth_500": 252820.15,
      "imbalance": -0.0929,
      "score": 88.4
    },
    "AVAX": {
      "tradeable": true,
      "spread_pct": 0.010532,
      "bid_depth_50": 88767.3,
      "ask_depth_50": 70245.79,
      "bid_depth_100": 88767.3,
      "ask_depth_100": 70245.79,
      "bid_depth_500": 88767.3,
      "ask_depth_500": 70245.79,
      "imbalance": 0.1165,
      "score": 84.3
    },
    "BCH": {
      "tradeable": true,
      "spread_pct": 0.028105,
      "bid_depth_50": 106964.94,
      "ask_depth_50": 95699.1,
      "bid_depth_100": 106964.94,
      "ask_depth_100": 95699.1,
      "bid_depth_500": 106964.94,
      "ask_depth_500": 95699.1,
      "imbalance": 0.0556,
      "score": 68.7
    },
    "BNB": {
      "tradeable": true,
      "spread_pct": 0.001561,
      "bid_depth_50": 109849.09,
      "ask_depth_50": 143145.52,
      "bid_depth_100": 109849.09,
      "ask_depth_100": 143145.52,
      "bid_depth_500": 109849.09,
      "ask_depth_500": 143145.52,
      "imbalance": -0.1316,
      "score": 89.0
    },
    "BTC": {
      "tradeable": true,
      "spread_pct": 0.001422,
      "bid_depth_50": 3997771.25,
      "ask_depth_50": 2789037.07,
      "bid_depth_100": 3997771.25,
      "ask_depth_100": 2789037.07,
      "bid_depth_500": 3997771.25,
      "ask_depth_500": 2789037.07,
      "imbalance": 0.1781,
      "score": 100
    },
    "CRV": {
      "tradeable": true,
      "spread_pct": 0.016966,
      "bid_depth_50": 102869.68,
      "ask_depth_50": 106539.67,
      "bid_depth_100": 102869.68,
      "ask_depth_100": 106539.67,
      "bid_depth_500": 102869.68,
      "ask_depth_500": 106539.67,
      "imbalance": -0.0175,
      "score": 80.1
    },
    "DOGE": {
      "tradeable": true,
      "spread_pct": 0.004271,
      "bid_depth_50": 134005.09,
      "ask_depth_50": 140040.91,
      "bid_depth_100": 134005.09,
      "ask_depth_100": 140040.91,
      "bid_depth_500": 134005.09,
      "ask_depth_500": 140040.91,
      "imbalance": -0.022,
      "score": 90.0
    },
    "DOT": {
      "tradeable": false,
      "spread_pct": 0.052549,
      "bid_depth_50": 68838.03,
      "ask_depth_50": 145561.68,
      "bid_depth_100": 68838.03,
      "ask_depth_100": 145561.68,
      "bid_depth_500": 68838.03,
      "ask_depth_500": 145561.68,
      "imbalance": -0.3579,
      "score": 57.1
    },
    "ENA": {
      "tradeable": false,
      "spread_pct": 0.067021,
      "bid_depth_50": 264643.77,
      "ask_depth_50": 295733.52,
      "bid_depth_100": 264643.77,
      "ask_depth_100": 295733.52,
      "bid_depth_500": 264643.77,
      "ask_depth_500": 295733.52,
      "imbalance": -0.0555,
      "score": 68.9
    },
    "ETH": {
      "tradeable": true,
      "spread_pct": 0.004685,
      "bid_depth_50": 7803829.0,
      "ask_depth_50": 7893009.06,
      "bid_depth_100": 7803829.0,
      "ask_depth_100": 7893009.06,
      "bid_depth_500": 7803829.0,
      "ask_depth_500": 7893009.06,
      "imbalance": -0.0057,
      "score": 100
    },
    "FARTCOIN": {
      "tradeable": false,
      "spread_pct": 0.05013,
      "bid_depth_50": 47519.33,
      "ask_depth_50": 63199.32,
      "bid_depth_100": 47519.33,
      "ask_depth_100": 63199.32,
      "bid_depth_500": 47519.33,
      "ask_depth_500": 63199.32,
      "imbalance": -0.1416,
      "score": 52.7
    },
    "HYPE": {
      "tradeable": true,
      "spread_pct": 0.007624,
      "bid_depth_50": 147402.69,
      "ask_depth_50": 82952.02,
      "bid_depth_100": 147402.69,
      "ask_depth_100": 82952.02,
      "bid_depth_500": 147402.69,
      "ask_depth_500": 82952.02,
      "imbalance": 0.2798,
      "score": 88.0
    },
    "INJ": {
      "tradeable": false,
      "spread_pct": 0.067686,
      "bid_depth_50": 33321.18,
      "ask_depth_50": 50949.5,
      "bid_depth_100": 33321.18,
      "ask_depth_100": 50949.5,
      "bid_depth_500": 33321.18,
      "ask_depth_500": 50949.5,
      "imbalance": -0.2092,
      "score": 50.3
    },
    "JUP": {
      "tradeable": true,
      "spread_pct": 0.037587,
      "bid_depth_50": 44611.37,
      "ask_depth_50": 38496.44,
      "bid_depth_100": 44611.37,
      "ask_depth_100": 38496.44,
      "bid_depth_500": 44611.37,
      "ask_depth_500": 38496.44,
      "imbalance": 0.0736,
      "score": 53.9
    },
    "LDO": {
      "tradeable": true,
      "spread_pct": 0.03688,
      "bid_depth_50": 34680.25,
      "ask_depth_50": 42493.4,
      "bid_depth_100": 34680.25,
      "ask_depth_100": 42493.4,
      "bid_depth_500": 34680.25,
      "ask_depth_500": 42493.4,
      "imbalance": -0.1012,
      "score": 54.3
    },
    "LINK": {
      "tradeable": true,
      "spread_pct": 0.013228,
      "bid_depth_50": 109789.03,
      "ask_depth_50": 63971.77,
      "bid_depth_100": 109789.03,
      "ask_depth_100": 63971.77,
      "bid_depth_500": 109789.03,
      "ask_depth_500": 63971.77,
      "imbalance": 0.2637,
      "score": 82.3
    },
    "LTC": {
      "tradeable": true,
      "spread_pct": 0.0072,
      "bid_depth_50": 130087.44,
      "ask_depth_50": 207443.17,
      "bid_depth_100": 130087.44,
      "ask_depth_100": 207443.17,
      "bid_depth_500": 130087.44,
      "ask_depth_500": 207443.17,
      "imbalance": -0.2292,
      "score": 92.8
    },
    "NEAR": {
      "tradeable": false,
      "spread_pct": 0.067232,
      "bid_depth_50": 159409.61,
      "ask_depth_50": 150361.26,
      "bid_depth_100": 159409.61,
      "ask_depth_100": 150361.26,
      "bid_depth_500": 159409.61,
      "ask_depth_500": 150361.26,
      "imbalance": 0.0292,
      "score": 60.4
    },
    "ONDO": {
      "tradeable": true,
      "spread_pct": 0.034756,
      "bid_depth_50": 44664.73,
      "ask_depth_50": 71656.53,
      "bid_depth_100": 44664.73,
      "ask_depth_100": 71656.53,
      "bid_depth_500": 44664.73,
      "ask_depth_500": 71656.53,
      "imbalance": -0.232,
      "score": 58.2
    },
    "OP": {
      "tradeable": true,
      "spread_pct": 0.048131,
      "bid_depth_50": 31953.0,
      "ask_depth_50": 164498.23,
      "bid_depth_100": 40914.22,
      "ask_depth_100": 164498.23,
      "bid_depth_500": 40914.22,
      "ask_depth_500": 164498.23,
      "imbalance": -0.6747,
      "score": 48.8
    },
    "PAXG": {
      "tradeable": true,
      "spread_pct": 0.002146,
      "bid_depth_50": 446538.29,
      "ask_depth_50": 390449.24,
      "bid_depth_100": 446538.29,
      "ask_depth_100": 390449.24,
      "bid_depth_500": 446538.29,
      "ask_depth_500": 390449.24,
      "imbalance": 0.067,
      "score": 100
    },
    "PUMP": {
      "tradeable": false,
      "spread_pct": 0.106213,
      "bid_depth_50": 422693.23,
      "ask_depth_50": 355182.62,
      "bid_depth_100": 745067.44,