{
  "timestamp": "2026-03-19T09:11:02.907330+00:00",
  "coins": {
    "AAVE": {
      "tradeable": true,
      "spread_pct": 0.026191,
      "bid_depth_50": 308211.5,
      "ask_depth_50": 253976.17,
      "bid_depth_100": 308211.5,
      "ask_depth_100": 253976.17,
      "bid_depth_500": 308211.5,
      "ask_depth_500": 253976.17,
      "imbalance": 0.0965,
      "score": 83.8
    },
    "ADA": {
      "tradeable": true,
      "spread_pct": 0.003724,
      "bid_depth_50": 103301.05,
      "ask_depth_50": 113289.86,
      "bid_depth_100": 103301.05,
      "ask_depth_100": 113289.86,
      "bid_depth_500": 103301.05,
      "ask_depth_500": 113289.86,
      "imbalance": -0.0461,
      "score": 87.4
    },
    "APT": {
      "tradeable": true,
      "spread_pct": 0.031051,
      "bid_depth_50": 110026.07,
      "ask_depth_50": 112661.03,
      "bid_depth_100": 110026.07,
      "ask_depth_100": 112661.03,
      "bid_depth_500": 110026.07,
      "ask_depth_500": 112661.03,
      "imbalance": -0.0118,
      "score": 66.6
    },
    "ARB": {
      "tradeable": true,
      "spread_pct": 0.029831,
      "bid_depth_50": 189656.02,
      "ask_depth_50": 243649.74,
      "bid_depth_100": 189656.02,
      "ask_depth_100": 243649.74,
      "bid_depth_500": 189656.02,
      "ask_depth_500": 243649.74,
      "imbalance": -0.1246,
      "score": 77.2
    },
    "AVAX": {
      "tradeable": true,
      "spread_pct": 0.00105,
      "bid_depth_50": 115897.7,
      "ask_depth_50": 176822.59,
      "bid_depth_100": 115897.7,
      "ask_depth_100": 176822.59,
      "bid_depth_500": 115897.7,
      "ask_depth_500": 176822.59,
      "imbalance": -0.2081,
      "score": 90.8
    },
    "BCH": {
      "tradeable": true,
      "spread_pct": 0.00219,
      "bid_depth_50": 148009.3,
      "ask_depth_50": 35764.73,
      "bid_depth_100": 148009.3,
      "ask_depth_100": 35764.73,
      "bid_depth_500": 148009.3,
      "ask_depth_500": 35764.73,
      "imbalance": 0.6108,
      "score": 85.9
    },
    "BNB": {
      "tradeable": true,
      "spread_pct": 0.010855,
      "bid_depth_50": 137675.55,
      "ask_depth_50": 80027.3,
      "bid_depth_100": 137675.55,
      "ask_depth_100": 80027.3,
      "bid_depth_500": 137675.55,
      "ask_depth_500": 80027.3,
      "imbalance": 0.2648,
      "score": 86.6
    },
    "BTC": {
      "tradeable": true,
      "spread_pct": 0.001427,
      "bid_depth_50": 4237874.86,
      "ask_depth_50": 2709315.32,
      "bid_depth_100": 4237874.86,
      "ask_depth_100": 2709315.32,
      "bid_depth_500": 4237874.86,
      "ask_depth_500": 2709315.32,
      "imbalance": 0.22,
      "score": 100
    },
    "CRV": {
      "tradeable": false,
      "spread_pct": 0.05469,
      "bid_depth_50": 86088.44,
      "ask_depth_50": 48172.56,
      "bid_depth_100": 86088.44,
      "ask_depth_100": 48172.56,
      "bid_depth_500": 86088.44,
      "ask_depth_500": 48172.56,
      "imbalance": 0.2824,
      "score": 53.4
    },
    "DOGE": {
      "tradeable": true,
      "spread_pct": 0.001059,
      "bid_depth_50": 145554.04,
      "ask_depth_50": 250085.08,
      "bid_depth_100": 145554.04,
      "ask_depth_100": 250085.08,
      "bid_depth_500": 145554.04,
      "ask_depth_500": 250085.08,
      "imbalance": -0.2642,
      "score": 95.4
    },
    "DOT": {
      "tradeable": true,
      "spread_pct": 0.019576,
      "bid_depth_50": 83004.69,
      "ask_depth_50": 76204.39,
      "bid_depth_100": 83004.69,
      "ask_depth_100": 76204.39,
      "bid_depth_500": 83004.69,
      "ask_depth_500": 76204.39,
      "imbalance": 0.0427,
      "score": 75.3
    },
    "ENA": {
      "tradeable": true,
      "spread_pct": 0.038289,
      "bid_depth_50": 206434.86,
      "ask_depth_50": 264515.52,
      "bid_depth_100": 206434.86,
      "ask_depth_100": 264515.52,
      "bid_depth_500": 206434.86,
      "ask_depth_500": 264515.52,
      "imbalance": -0.1233,
      "score": 70.4
    },
    "ETH": {
      "tradeable": true,
      "spread_pct": 0.004618,
      "bid_depth_50": 10384745.63,
      "ask_depth_50": 6769918.87,
      "bid_depth_100": 10384745.63,
      "ask_depth_100": 6769918.87,
      "bid_depth_500": 10384745.63,
      "ask_depth_500": 6769918.87,
      "imbalance": 0.2107,
      "score": 100
    },
    "FARTCOIN": {
      "tradeable": true,
      "spread_pct": 0.005232,
      "bid_depth_50": 45093.16,
      "ask_depth_50": 46612.7,
      "bid_depth_100": 45093.16,
      "ask_depth_100": 46612.7,
      "bid_depth_500": 45093.16,
      "ask_depth_500": 46612.7,
      "imbalance": -0.0166,
      "score": 81.9
    },
    "HYPE": {
      "tradeable": true,
      "spread_pct": 0.005059,
      "bid_depth_50": 152210.52,
      "ask_depth_50": 123015.59,
      "bid_depth_100": 152210.52,
      "ask_depth_100": 123015.59,
      "bid_depth_500": 152210.52,
      "ask_depth_500": 123015.59,
      "imbalance": 0.1061,
      "score": 90.0
    },
    "INJ": {
      "tradeable": true,
      "spread_pct": 0.036531,
      "bid_depth_50": 26202.26,
      "ask_depth_50": 37268.19,
      "bid_depth_100": 26202.26,
      "ask_depth_100": 48844.35,
      "bid_depth_500": 26202.26,
      "ask_depth_500": 48844.35,
      "imbalance": -0.1743,
      "score": 54.6
    },
    "JUP": {
      "tradeable": true,
      "spread_pct": 0.043315,
      "bid_depth_50": 49726.34,
      "ask_depth_50": 54851.52,
      "bid_depth_100": 49726.34,
      "ask_depth_100": 54851.52,
      "bid_depth_500": 49726.34,
      "ask_depth_500": 54851.52,
      "imbalance": -0.049,
      "score": 49.1
    },
    "LDO": {
      "tradeable": true,
      "spread_pct": 0.03001,
      "bid_depth_50": 29368.07,
      "ask_depth_50": 73031.04,
      "bid_depth_100": 29368.07,
      "ask_depth_100": 73031.04,
      "bid_depth_500": 29368.07,
      "ask_depth_500": 73031.04,
      "imbalance": -0.4264,
      "score": 62.3
    },
    "LINK": {
      "tradeable": true,
      "spread_pct": 0.004396,
      "bid_depth_50": 130708.35,
      "ask_depth_50": 81791.37,
      "bid_depth_100": 130708.35,
      "ask_depth_100": 81791.37,
      "bid_depth_500": 130708.35,
      "ask_depth_500": 81791.37,
      "imbalance": 0.2302,
      "score": 87.2
    },
    "LTC": {
      "tradeable": true,
      "spread_pct": 0.001811,
      "bid_depth_50": 144731.73,
      "ask_depth_50": 118912.24,
      "bid_depth_100": 144731.73,
      "ask_depth_100": 118912.24,
      "bid_depth_500": 144731.73,
      "ask_depth_500": 118912.24,
      "imbalance": 0.0979,
      "score": 89.5
    },
    "NEAR": {
      "tradeable": true,
      "spread_pct": 0.02961,
      "bid_depth_50": 141842.39,
      "ask_depth_50": 144378.46,
      "bid_depth_100": 141842.39,
      "ask_depth_100": 144378.46,
      "bid_depth_500": 141842.39,
      "ask_depth_500": 144378.46,
      "imbalance": -0.0089,
      "score": 70.9
    },
    "ONDO": {
      "tradeable": true,
      "spread_pct": 0.022975,
      "bid_depth_50": 46663.14,
      "ask_depth_50": 70213.98,
      "bid_depth_100": 46663.14,
      "ask_depth_100": 70213.98,
      "bid_depth_500": 46663.14,
      "ask_depth_500": 70213.98,
      "imbalance": -0.2015,
      "score": 70.0
    },
    "OP": {
      "tradeable": false,
      "spread_pct": 0.057271,
      "bid_depth_50": 36404.47,
      "ask_depth_50": 115523.72,
      "bid_depth_100": 117129.02,
      "ask_depth_100": 115523.72,
      "bid_depth_500": 117129.02,
      "ask_depth_500": 115523.72,
      "imbalance": -0.5208,
      "score": 57.6
    },
    "PAXG": {
      "tradeable": true,
      "spread_pct": 0.00213,
      "bid_depth_50": 542144.38,
      "ask_depth_50": 293392.35,
      "bid_depth_100": 542144.38,
      "ask_depth_100": 293392.35,
      "bid_depth_500": 542144.38,
      "ask_depth_500": 293392.35,
      "imbalance": 0.2977,
      "score": 100
    },
    "PUMP": {
      "tradeable": false,
      "spread_pct": 0.053036,
      "bid_depth_50": 384889.47,
      "ask_depth_50": 328559.88,
      "bid_depth_100": 1270938.71,