{
  "timestamp": "2026-03-19T12:25:34.575338+00:00",
  "coins": {
    "AAVE": {
      "tradeable": true,
      "spread_pct": 0.026368,
      "bid_depth_50": 297693.62,
      "ask_depth_50": 277144.84,
      "bid_depth_100": 297693.62,
      "ask_depth_100": 277144.84,
      "bid_depth_500": 297693.62,
      "ask_depth_500": 277144.84,
      "imbalance": 0.0357,
      "score": 83.6
    },
    "ADA": {
      "tradeable": true,
      "spread_pct": 0.029892,
      "bid_depth_50": 185681.17,
      "ask_depth_50": 112342.41,
      "bid_depth_100": 185681.17,
      "ask_depth_100": 112342.41,
      "bid_depth_500": 185681.17,
      "ask_depth_500": 112342.41,
      "imbalance": 0.2461,
      "score": 71.1
    },
    "APT": {
      "tradeable": true,
      "spread_pct": 0.031226,
      "bid_depth_50": 213008.69,
      "ask_depth_50": 99493.14,
      "bid_depth_100": 213008.69,
      "ask_depth_100": 99493.14,
      "bid_depth_500": 213008.69,
      "ask_depth_500": 99493.14,
      "imbalance": 0.3632,
      "score": 70.4
    },
    "ARB": {
      "tradeable": true,
      "spread_pct": 0.040032,
      "bid_depth_50": 187515.29,
      "ask_depth_50": 270638.95,
      "bid_depth_100": 187515.29,
      "ask_depth_100": 270638.95,
      "bid_depth_500": 187515.29,
      "ask_depth_500": 270638.95,
      "imbalance": -0.1814,
      "score": 68.1
    },
    "AVAX": {
      "tradeable": true,
      "spread_pct": 0.021052,
      "bid_depth_50": 99134.95,
      "ask_depth_50": 147843.64,
      "bid_depth_100": 99134.95,
      "ask_depth_100": 147843.64,
      "bid_depth_500": 99134.95,
      "ask_depth_500": 147843.64,
      "imbalance": -0.1972,
      "score": 77.7
    },
    "BCH": {
      "tradeable": true,
      "spread_pct": 0.028638,
      "bid_depth_50": 94050.49,
      "ask_depth_50": 90738.11,
      "bid_depth_100": 94050.49,
      "ask_depth_100": 90738.11,
      "bid_depth_500": 94050.49,
      "ask_depth_500": 90738.11,
      "imbalance": 0.0179,
      "score": 67.4
    },
    "BNB": {
      "tradeable": true,
      "spread_pct": 0.018702,
      "bid_depth_50": 151094.08,
      "ask_depth_50": 126673.72,
      "bid_depth_100": 151094.08,
      "ask_depth_100": 126673.72,
      "bid_depth_500": 151094.08,
      "ask_depth_500": 126673.72,
      "imbalance": 0.0879,
      "score": 81.4
    },
    "BTC": {
      "tradeable": true,
      "spread_pct": 0.001436,
      "bid_depth_50": 531524.72,
      "ask_depth_50": 7671121.55,
      "bid_depth_100": 531524.72,
      "ask_depth_100": 7671121.55,
      "bid_depth_500": 531524.72,
      "ask_depth_500": 7671121.55,
      "imbalance": -0.8704,
      "score": 100
    },
    "CRV": {
      "tradeable": false,
      "spread_pct": 0.088853,
      "bid_depth_50": 113145.19,
      "ask_depth_50": 67795.3,
      "bid_depth_100": 113145.19,
      "ask_depth_100": 67795.3,
      "bid_depth_500": 113145.19,
      "ask_depth_500": 67795.3,
      "imbalance": 0.2506,
      "score": 53.2
    },
    "DOGE": {
      "tradeable": true,
      "spread_pct": 0.013882,
      "bid_depth_50": 130740.44,
      "ask_depth_50": 153221.48,
      "bid_depth_100": 130740.44,
      "ask_depth_100": 153221.48,
      "bid_depth_500": 130740.44,
      "ask_depth_500": 153221.48,
      "imbalance": -0.0792,
      "score": 86.5
    },
    "DOT": {
      "tradeable": true,
      "spread_pct": 0.026086,
      "bid_depth_50": 86604.65,
      "ask_depth_50": 206571.06,
      "bid_depth_100": 86604.65,
      "ask_depth_100": 206571.06,
      "bid_depth_500": 86604.65,
      "ask_depth_500": 206571.06,
      "imbalance": -0.4092,
      "score": 74.7
    },
    "ENA": {
      "tradeable": true,
      "spread_pct": 0.029063,
      "bid_depth_50": 230706.07,
      "ask_depth_50": 2691395.13,
      "bid_depth_100": 230706.07,
      "ask_depth_100": 2691395.13,
      "bid_depth_500": 230706.07,
      "ask_depth_500": 2691395.13,
      "imbalance": -0.8421,
      "score": 80.9
    },
    "ETH": {
      "tradeable": true,
      "spread_pct": 0.004634,
      "bid_depth_50": 7601418.8,
      "ask_depth_50": 4771223.58,
      "bid_depth_100": 7601418.8,
      "ask_depth_100": 4771223.58,
      "bid_depth_500": 7601418.8,
      "ask_depth_500": 4771223.58,
      "imbalance": 0.2287,
      "score": 100
    },
    "FARTCOIN": {
      "tradeable": true,
      "spread_pct": 0.047507,
      "bid_depth_50": 37965.75,
      "ask_depth_50": 43935.04,
      "bid_depth_100": 37965.75,
      "ask_depth_100": 43935.04,
      "bid_depth_500": 37965.75,
      "ask_depth_500": 43935.04,
      "imbalance": -0.0729,
      "score": 43.9
    },
    "HYPE": {
      "tradeable": true,
      "spread_pct": 0.002538,
      "bid_depth_50": 166193.55,
      "ask_depth_50": 147495.49,
      "bid_depth_100": 166193.55,
      "ask_depth_100": 147495.49,
      "bid_depth_500": 166193.55,
      "ask_depth_500": 147495.49,
      "imbalance": 0.0596,
      "score": 91.7
    },
    "INJ": {
      "tradeable": false,
      "spread_pct": 0.060211,
      "bid_depth_50": 38825.63,
      "ask_depth_50": 41284.49,
      "bid_depth_100": 38825.63,
      "ask_depth_100": 41284.49,
      "bid_depth_500": 38825.63,
      "ask_depth_500": 41284.49,
      "imbalance": -0.0307,
      "score": 50.7
    },
    "JUP": {
      "tradeable": false,
      "spread_pct": 0.068274,
      "bid_depth_50": 36274.86,
      "ask_depth_50": 59982.25,
      "bid_depth_100": 36274.86,
      "ask_depth_100": 59982.25,
      "bid_depth_500": 36274.86,
      "ask_depth_500": 59982.25,
      "imbalance": -0.2463,
      "score": 50.8
    },
    "LDO": {
      "tradeable": true,
      "spread_pct": 0.023492,
      "bid_depth_50": 30336.09,
      "ask_depth_50": 59132.47,
      "bid_depth_100": 30336.09,
      "ask_depth_100": 59132.47,
      "bid_depth_500": 30336.09,
      "ask_depth_500": 59132.47,
      "imbalance": -0.3219,
      "score": 68.3
    },
    "LINK": {
      "tradeable": true,
      "spread_pct": 0.001106,
      "bid_depth_50": 178534.0,
      "ask_depth_50": 112931.58,
      "bid_depth_100": 178534.0,
      "ask_depth_100": 112931.58,
      "bid_depth_500": 178534.0,
      "ask_depth_500": 112931.58,
      "imbalance": 0.2251,
      "score": 90.7
    },
    "LTC": {
      "tradeable": true,
      "spread_pct": 0.003622,
      "bid_depth_50": 110795.55,
      "ask_depth_50": 105438.01,
      "bid_depth_100": 110795.55,
      "ask_depth_100": 105438.01,
      "bid_depth_500": 110795.55,
      "ask_depth_500": 105438.01,
      "imbalance": 0.0248,
      "score": 87.4
    },
    "NEAR": {
      "tradeable": true,
      "spread_pct": 0.022184,
      "bid_depth_50": 182892.88,
      "ask_depth_50": 138991.89,
      "bid_depth_100": 182892.88,
      "ask_depth_100": 138991.89,
      "bid_depth_500": 182892.88,
      "ask_depth_500": 138991.89,
      "imbalance": 0.1364,
      "score": 79.9
    },
    "ONDO": {
      "tradeable": true,
      "spread_pct": 0.046346,
      "bid_depth_50": 48315.74,
      "ask_depth_50": 76290.46,
      "bid_depth_100": 48315.74,
      "ask_depth_100": 76290.46,
      "bid_depth_500": 48315.74,
      "ask_depth_500": 76290.46,
      "imbalance": -0.2245,
      "score": 47.0
    },
    "OP": {
      "tradeable": true,
      "spread_pct": 0.024615,
      "bid_depth_50": 41096.7,
      "ask_depth_50": 111318.12,
      "bid_depth_100": 100861.87,
      "ask_depth_100": 111318.12,
      "bid_depth_500": 100861.87,
      "ask_depth_500": 111318.12,
      "imbalance": -0.4607,
      "score": 72.6
    },
    "PAXG": {
      "tradeable": true,
      "spread_pct": 0.002173,
      "bid_depth_50": 355728.39,
      "ask_depth_50": 582394.79,
      "bid_depth_100": 355728.39,
      "ask_depth_100": 582394.79,
      "bid_depth_500": 355728.39,
      "ask_depth_500": 582394.79,
      "imbalance": -0.2416,
      "score": 100
    },
    "PUMP": {
      "tradeable": false,
      "spread_pct": 0.053234,
      "bid_depth_50": 514385.77,
      "ask_depth_50": 336772.51,
      "bid_depth_100": 990014.47,