{
  "timestamp": "2026-03-19T07:39:50.536844+00:00",
  "coins": {
    "AAVE": {
      "tradeable": true,
      "spread_pct": 0.026197,
      "bid_depth_50": 246743.84,
      "ask_depth_50": 232151.24,
      "bid_depth_100": 246743.84,
      "ask_depth_100": 232151.24,
      "bid_depth_500": 246743.84,
      "ask_depth_500": 232151.24,
      "imbalance": 0.0305,
      "score": 82.9
    },
    "ADA": {
      "tradeable": true,
      "spread_pct": 0.025972,
      "bid_depth_50": 156421.77,
      "ask_depth_50": 123248.69,
      "bid_depth_100": 156421.77,
      "ask_depth_100": 123248.69,
      "bid_depth_500": 156421.77,
      "ask_depth_500": 123248.69,
      "imbalance": 0.1186,
      "score": 74.2
    },
    "APT": {
      "tradeable": true,
      "spread_pct": 0.030917,
      "bid_depth_50": 89238.98,
      "ask_depth_50": 59527.78,
      "bid_depth_100": 89238.98,
      "ask_depth_100": 59527.78,
      "bid_depth_500": 89238.98,
      "ask_depth_500": 59527.78,
      "imbalance": 0.1997,
      "score": 63.5
    },
    "ARB": {
      "tradeable": true,
      "spread_pct": 0.019775,
      "bid_depth_50": 180848.86,
      "ask_depth_50": 175813.29,
      "bid_depth_100": 180848.86,
      "ask_depth_100": 175813.29,
      "bid_depth_500": 180848.86,
      "ask_depth_500": 175813.29,
      "imbalance": 0.0141,
      "score": 83.9
    },
    "AVAX": {
      "tradeable": true,
      "spread_pct": 0.023008,
      "bid_depth_50": 130722.91,
      "ask_depth_50": 154507.33,
      "bid_depth_100": 130722.91,
      "ask_depth_100": 154507.33,
      "bid_depth_500": 130722.91,
      "ask_depth_500": 154507.33,
      "imbalance": -0.0834,
      "score": 77.4
    },
    "BCH": {
      "tradeable": true,
      "spread_pct": 0.01981,
      "bid_depth_50": 109083.6,
      "ask_depth_50": 85047.67,
      "bid_depth_100": 109083.6,
      "ask_depth_100": 85047.67,
      "bid_depth_500": 109083.6,
      "ask_depth_500": 85047.67,
      "imbalance": 0.1238,
      "score": 76.6
    },
    "BNB": {
      "tradeable": true,
      "spread_pct": 0.001548,
      "bid_depth_50": 152484.27,
      "ask_depth_50": 78967.68,
      "bid_depth_100": 152484.27,
      "ask_depth_100": 78967.68,
      "bid_depth_500": 152484.27,
      "ask_depth_500": 78967.68,
      "imbalance": 0.3176,
      "score": 88.1
    },
    "BTC": {
      "tradeable": true,
      "spread_pct": 0.001426,
      "bid_depth_50": 1468343.45,
      "ask_depth_50": 6586690.02,
      "bid_depth_100": 1468343.45,
      "ask_depth_100": 6586690.02,
      "bid_depth_500": 1468343.45,
      "ask_depth_500": 6586690.02,
      "imbalance": -0.6354,
      "score": 100
    },
    "CRV": {
      "tradeable": false,
      "spread_pct": 0.054195,
      "bid_depth_50": 104542.09,
      "ask_depth_50": 95916.72,
      "bid_depth_100": 104542.09,
      "ask_depth_100": 95916.72,
      "bid_depth_500": 104542.09,
      "ask_depth_500": 95916.72,
      "imbalance": 0.043,
      "score": 56.4
    },
    "DOGE": {
      "tradeable": true,
      "spread_pct": 0.013734,
      "bid_depth_50": 218988.34,
      "ask_depth_50": 304965.07,
      "bid_depth_100": 218988.34,
      "ask_depth_100": 304965.07,
      "bid_depth_500": 218988.34,
      "ask_depth_500": 304965.07,
      "imbalance": -0.1641,
      "score": 96.3
    },
    "DOT": {
      "tradeable": false,
      "spread_pct": 0.058466,
      "bid_depth_50": 102674.72,
      "ask_depth_50": 111073.14,
      "bid_depth_100": 102674.72,
      "ask_depth_100": 111073.14,
      "bid_depth_500": 102674.72,
      "ask_depth_500": 111073.14,
      "imbalance": -0.0393,
      "score": 56.7
    },
    "ENA": {
      "tradeable": true,
      "spread_pct": 0.028595,
      "bid_depth_50": 238408.99,
      "ask_depth_50": 243043.69,
      "bid_depth_100": 238408.99,
      "ask_depth_100": 243043.69,
      "bid_depth_500": 238408.99,
      "ask_depth_500": 243043.69,
      "imbalance": -0.0096,
      "score": 80.6
    },
    "ETH": {
      "tradeable": true,
      "spread_pct": 0.004609,
      "bid_depth_50": 5860020.47,
      "ask_depth_50": 5564575.24,
      "bid_depth_100": 5860020.47,
      "ask_depth_100": 5564575.24,
      "bid_depth_500": 5860020.47,
      "ask_depth_500": 5564575.24,
      "imbalance": 0.0259,
      "score": 100
    },
    "FARTCOIN": {
      "tradeable": true,
      "spread_pct": 0.005062,
      "bid_depth_50": 35452.02,
      "ask_depth_50": 35787.95,
      "bid_depth_100": 35452.02,
      "ask_depth_100": 35787.95,
      "bid_depth_500": 35452.02,
      "ask_depth_500": 35787.95,
      "imbalance": -0.0047,
      "score": 80.9
    },
    "HYPE": {
      "tradeable": true,
      "spread_pct": 0.009902,
      "bid_depth_50": 198080.53,
      "ask_depth_50": 105671.74,
      "bid_depth_100": 198080.53,
      "ask_depth_100": 105671.74,
      "bid_depth_500": 198080.53,
      "ask_depth_500": 105671.74,
      "imbalance": 0.3042,
      "score": 91.3
    },
    "INJ": {
      "tradeable": true,
      "spread_pct": 0.036498,
      "bid_depth_50": 34553.51,
      "ask_depth_50": 36282.0,
      "bid_depth_100": 34553.51,
      "ask_depth_100": 36282.0,
      "bid_depth_500": 34553.51,
      "ask_depth_500": 36282.0,
      "imbalance": -0.0244,
      "score": 54.4
    },
    "JUP": {
      "tradeable": true,
      "spread_pct": 0.018533,
      "bid_depth_50": 49147.95,
      "ask_depth_50": 67402.72,
      "bid_depth_100": 49147.95,
      "ask_depth_100": 67402.72,
      "bid_depth_500": 49147.95,
      "ask_depth_500": 67402.72,
      "imbalance": -0.1566,
      "score": 74.4
    },
    "LDO": {
      "tradeable": true,
      "spread_pct": 0.016646,
      "bid_depth_50": 32059.93,
      "ask_depth_50": 74954.83,
      "bid_depth_100": 32059.93,
      "ask_depth_100": 74954.83,
      "bid_depth_500": 32059.93,
      "ask_depth_500": 74954.83,
      "imbalance": -0.4008,
      "score": 75.9
    },
    "LINK": {
      "tradeable": true,
      "spread_pct": 0.020801,
      "bid_depth_50": 152209.84,
      "ask_depth_50": 110477.33,
      "bid_depth_100": 152209.84,
      "ask_depth_100": 110477.33,
      "bid_depth_500": 152209.84,
      "ask_depth_500": 110477.33,
      "imbalance": 0.1589,
      "score": 78.7
    },
    "LTC": {
      "tradeable": true,
      "spread_pct": 0.003618,
      "bid_depth_50": 109583.54,
      "ask_depth_50": 136332.02,
      "bid_depth_100": 109583.54,
      "ask_depth_100": 136332.02,
      "bid_depth_500": 109583.54,
      "ask_depth_500": 136332.02,
      "imbalance": -0.1088,
      "score": 88.7
    },
    "NEAR": {
      "tradeable": true,
      "spread_pct": 0.044333,
      "bid_depth_50": 148929.71,
      "ask_depth_50": 110823.7,
      "bid_depth_100": 148929.71,
      "ask_depth_100": 110823.7,
      "bid_depth_500": 148929.71,
      "ask_depth_500": 110823.7,
      "imbalance": 0.1467,
      "score": 55.0
    },
    "ONDO": {
      "tradeable": true,
      "spread_pct": 0.003816,
      "bid_depth_50": 57551.35,
      "ask_depth_50": 78346.92,
      "bid_depth_100": 57551.35,
      "ask_depth_100": 78346.92,
      "bid_depth_500": 57551.35,
      "ask_depth_500": 78346.92,
      "imbalance": -0.153,
      "score": 83.8
    },
    "OP": {
      "tradeable": true,
      "spread_pct": 0.008156,
      "bid_depth_50": 33857.29,
      "ask_depth_50": 66104.59,
      "bid_depth_100": 113127.33,
      "ask_depth_100": 66104.59,
      "bid_depth_500": 113127.33,
      "ask_depth_500": 66104.59,
      "imbalance": -0.3226,
      "score": 85.7
    },
    "PAXG": {
      "tradeable": true,
      "spread_pct": 0.002102,
      "bid_depth_50": 503071.21,
      "ask_depth_50": 516048.39,
      "bid_depth_100": 503071.21,
      "ask_depth_100": 516048.39,
      "bid_depth_500": 503071.21,
      "ask_depth_500": 516048.39,
      "imbalance": -0.0127,
      "score": 100
    },
    "PUMP": {
      "tradeable": false,
      "spread_pct": 0.105042,
      "bid_depth_50": 383853.41,
      "ask_depth_50": 371957.21,
      "bid_depth_100": 744247.0,