{
  "timestamp": "2026-03-19T11:10:14.240453+00:00",
  "coins": {
    "AAVE": {
      "tradeable": true,
      "spread_pct": 0.026084,
      "bid_depth_50": 270847.7,
      "ask_depth_50": 241601.11,
      "bid_depth_100": 270847.7,
      "ask_depth_100": 241601.11,
      "bid_depth_500": 270847.7,
      "ask_depth_500": 241601.11,
      "imbalance": 0.0571,
      "score": 83.9
    },
    "ADA": {
      "tradeable": true,
      "spread_pct": 0.011136,
      "bid_depth_50": 99088.5,
      "ask_depth_50": 107854.62,
      "bid_depth_100": 99088.5,
      "ask_depth_100": 107854.62,
      "bid_depth_500": 99088.5,
      "ask_depth_500": 107854.62,
      "imbalance": -0.0424,
      "score": 85.8
    },
    "APT": {
      "tradeable": true,
      "spread_pct": 0.031196,
      "bid_depth_50": 91210.23,
      "ask_depth_50": 97321.72,
      "bid_depth_100": 91210.23,
      "ask_depth_100": 97321.72,
      "bid_depth_500": 91210.23,
      "ask_depth_500": 97321.72,
      "imbalance": -0.0324,
      "score": 65.0
    },
    "ARB": {
      "tradeable": true,
      "spread_pct": 0.01992,
      "bid_depth_50": 156981.62,
      "ask_depth_50": 223929.99,
      "bid_depth_100": 156981.62,
      "ask_depth_100": 223929.99,
      "bid_depth_500": 156981.62,
      "ask_depth_500": 223929.99,
      "imbalance": -0.1758,
      "score": 84.8
    },
    "AVAX": {
      "tradeable": true,
      "spread_pct": 0.023084,
      "bid_depth_50": 120134.35,
      "ask_depth_50": 114206.31,
      "bid_depth_100": 120134.35,
      "ask_depth_100": 114206.31,
      "bid_depth_500": 120134.35,
      "ask_depth_500": 114206.31,
      "imbalance": 0.0253,
      "score": 75.1
    },
    "BCH": {
      "tradeable": true,
      "spread_pct": 0.026258,
      "bid_depth_50": 114951.92,
      "ask_depth_50": 90873.05,
      "bid_depth_100": 114951.92,
      "ask_depth_100": 90873.05,
      "bid_depth_500": 114951.92,
      "ask_depth_500": 90873.05,
      "imbalance": 0.117,
      "score": 70.7
    },
    "BNB": {
      "tradeable": true,
      "spread_pct": 0.00155,
      "bid_depth_50": 99958.81,
      "ask_depth_50": 97087.68,
      "bid_depth_100": 99958.81,
      "ask_depth_100": 97087.68,
      "bid_depth_500": 99958.81,
      "ask_depth_500": 97087.68,
      "imbalance": 0.0146,
      "score": 86.5
    },
    "BTC": {
      "tradeable": true,
      "spread_pct": 0.001427,
      "bid_depth_50": 2393219.88,
      "ask_depth_50": 3481808.38,
      "bid_depth_100": 2393219.88,
      "ask_depth_100": 3481808.38,
      "bid_depth_500": 2393219.88,
      "ask_depth_500": 3481808.38,
      "imbalance": -0.1853,
      "score": 100
    },
    "CRV": {
      "tradeable": false,
      "spread_pct": 0.054736,
      "bid_depth_50": 103468.16,
      "ask_depth_50": 94410.34,
      "bid_depth_100": 103468.16,
      "ask_depth_100": 94410.34,
      "bid_depth_500": 103468.16,
      "ask_depth_500": 94410.34,
      "imbalance": 0.0458,
      "score": 56.3
    },
    "DOGE": {
      "tradeable": true,
      "spread_pct": 0.001065,
      "bid_depth_50": 165506.49,
      "ask_depth_50": 116172.55,
      "bid_depth_100": 165506.49,
      "ask_depth_100": 116172.55,
      "bid_depth_500": 165506.49,
      "ask_depth_500": 116172.55,
      "imbalance": 0.1751,
      "score": 90.3
    },
    "DOT": {
      "tradeable": true,
      "spread_pct": 0.045756,
      "bid_depth_50": 95180.69,
      "ask_depth_50": 219676.73,
      "bid_depth_100": 95180.69,
      "ask_depth_100": 219676.73,
      "bid_depth_500": 95180.69,
      "ask_depth_500": 219676.73,
      "imbalance": -0.3954,
      "score": 56.0
    },
    "ENA": {
      "tradeable": true,
      "spread_pct": 0.019387,
      "bid_depth_50": 213693.01,
      "ask_depth_50": 262183.38,
      "bid_depth_100": 213693.01,
      "ask_depth_100": 262183.38,
      "bid_depth_500": 213693.01,
      "ask_depth_500": 262183.38,
      "imbalance": -0.1019,
      "score": 89.5
    },
    "ETH": {
      "tradeable": true,
      "spread_pct": 0.004611,
      "bid_depth_50": 10586052.99,
      "ask_depth_50": 7165581.84,
      "bid_depth_100": 10586052.99,
      "ask_depth_100": 7165581.84,
      "bid_depth_500": 10586052.99,
      "ask_depth_500": 7165581.84,
      "imbalance": 0.1927,
      "score": 100
    },
    "FARTCOIN": {
      "tradeable": true,
      "spread_pct": 0.010311,
      "bid_depth_50": 67281.42,
      "ask_depth_50": 28438.48,
      "bid_depth_100": 67281.42,
      "ask_depth_100": 28438.48,
      "bid_depth_500": 67281.42,
      "ask_depth_500": 28438.48,
      "imbalance": 0.4058,
      "score": 81.7
    },
    "HYPE": {
      "tradeable": true,
      "spread_pct": 0.007534,
      "bid_depth_50": 256757.21,
      "ask_depth_50": 116602.16,
      "bid_depth_100": 256757.21,
      "ask_depth_100": 116602.16,
      "bid_depth_500": 256757.21,
      "ask_depth_500": 116602.16,
      "imbalance": 0.3754,
      "score": 94.4
    },
    "INJ": {
      "tradeable": false,
      "spread_pct": 0.066509,
      "bid_depth_50": 32549.62,
      "ask_depth_50": 34590.09,
      "bid_depth_100": 32549.62,
      "ask_depth_100": 34590.09,
      "bid_depth_500": 32549.62,
      "ask_depth_500": 34590.09,
      "imbalance": -0.0304,
      "score": 49.7
    },
    "JUP": {
      "tradeable": true,
      "spread_pct": 0.049374,
      "bid_depth_50": 64923.53,
      "ask_depth_50": 42331.63,
      "bid_depth_100": 64923.53,
      "ask_depth_100": 42331.63,
      "bid_depth_500": 64923.53,
      "ask_depth_500": 42331.63,
      "imbalance": 0.2106,
      "score": 43.2
    },
    "LDO": {
      "tradeable": true,
      "spread_pct": 0.043347,
      "bid_depth_50": 26898.67,
      "ask_depth_50": 66219.45,
      "bid_depth_100": 26898.67,
      "ask_depth_100": 66219.45,
      "bid_depth_500": 26898.67,
      "ask_depth_500": 66219.45,
      "imbalance": -0.4223,
      "score": 48.6
    },
    "LINK": {
      "tradeable": true,
      "spread_pct": 0.00329,
      "bid_depth_50": 114913.86,
      "ask_depth_50": 120945.22,
      "bid_depth_100": 114913.86,
      "ask_depth_100": 120945.22,
      "bid_depth_500": 114913.86,
      "ask_depth_500": 120945.22,
      "imbalance": -0.0256,
      "score": 88.3
    },
    "LTC": {
      "tradeable": true,
      "spread_pct": 0.009032,
      "bid_depth_50": 120818.38,
      "ask_depth_50": 129823.04,
      "bid_depth_100": 120818.38,
      "ask_depth_100": 129823.04,
      "bid_depth_500": 120818.38,
      "ask_depth_500": 129823.04,
      "imbalance": -0.0359,
      "score": 88.9
    },
    "NEAR": {
      "tradeable": false,
      "spread_pct": 0.095937,
      "bid_depth_50": 180997.58,
      "ask_depth_50": 143793.08,
      "bid_depth_100": 180997.58,
      "ask_depth_100": 143793.08,
      "bid_depth_500": 180997.58,
      "ask_depth_500": 143793.08,
      "imbalance": 0.1145,
      "score": 59.2
    },
    "ONDO": {
      "tradeable": true,
      "spread_pct": 0.03454,
      "bid_depth_50": 47544.01,
      "ask_depth_50": 116194.94,
      "bid_depth_100": 47544.01,
      "ask_depth_100": 116194.94,
      "bid_depth_500": 47544.01,
      "ask_depth_500": 116194.94,
      "imbalance": -0.4193,
      "score": 60.5
    },
    "OP": {
      "tradeable": true,
      "spread_pct": 0.016395,
      "bid_depth_50": 34823.95,
      "ask_depth_50": 122293.96,
      "bid_depth_100": 37752.51,
      "ask_depth_100": 122293.96,
      "bid_depth_500": 37752.51,
      "ask_depth_500": 122293.96,
      "imbalance": -0.5567,
      "score": 78.5
    },
    "PAXG": {
      "tradeable": true,
      "spread_pct": 0.008546,
      "bid_depth_50": 788110.76,
      "ask_depth_50": 509947.13,
      "bid_depth_100": 788110.76,
      "ask_depth_100": 509947.13,
      "bid_depth_500": 788110.76,
      "ask_depth_500": 509947.13,
      "imbalance": 0.2143,
      "score": 100
    },
    "PUMP": {
      "tradeable": false,
      "spread_pct": 0.052784,
      "bid_depth_50": 374530.57,
      "ask_depth_50": 292972.14,
      "bid_depth_100": 707257.37,