{
  "timestamp": "2026-03-18T13:19:27.946235+00:00",
  "coins": {
    "AAVE": {
      "tradeable": true,
      "spread_pct": 0.008678,
      "bid_depth_50": 168793.57,
      "ask_depth_50": 157417.03,
      "bid_depth_100": 168793.57,
      "ask_depth_100": 157417.03,
      "bid_depth_500": 168793.57,
      "ask_depth_500": 157417.03,
      "imbalance": 0.0349,
      "score": 92.3
    },
    "ADA": {
      "tradeable": true,
      "spread_pct": 0.007237,
      "bid_depth_50": 107420.42,
      "ask_depth_50": 122512.18,
      "bid_depth_100": 107420.42,
      "ask_depth_100": 122512.18,
      "bid_depth_500": 107420.42,
      "ask_depth_500": 122512.18,
      "imbalance": -0.0656,
      "score": 88.0
    },
    "APT": {
      "tradeable": true,
      "spread_pct": 0.031048,
      "bid_depth_50": 204511.94,
      "ask_depth_50": 92189.73,
      "bid_depth_100": 204511.94,
      "ask_depth_100": 92189.73,
      "bid_depth_500": 204511.94,
      "ask_depth_500": 92189.73,
      "imbalance": 0.3786,
      "score": 69.9
    },
    "ARB": {
      "tradeable": true,
      "spread_pct": 0.019419,
      "bid_depth_50": 183876.7,
      "ask_depth_50": 186810.11,
      "bid_depth_100": 183876.7,
      "ask_depth_100": 186810.11,
      "bid_depth_500": 183876.7,
      "ask_depth_500": 186810.11,
      "imbalance": -0.0079,
      "score": 84.8
    },
    "AVAX": {
      "tradeable": true,
      "spread_pct": 0.015352,
      "bid_depth_50": 136100.78,
      "ask_depth_50": 91418.08,
      "bid_depth_100": 136100.78,
      "ask_depth_100": 91418.08,
      "bid_depth_500": 136100.78,
      "ask_depth_500": 91418.08,
      "imbalance": 0.1964,
      "score": 82.5
    },
    "BCH": {
      "tradeable": true,
      "spread_pct": 0.013165,
      "bid_depth_50": 90852.27,
      "ask_depth_50": 49937.12,
      "bid_depth_100": 90852.27,
      "ask_depth_100": 49937.12,
      "bid_depth_500": 90852.27,
      "ask_depth_500": 49937.12,
      "imbalance": 0.2906,
      "score": 80.9
    },
    "BNB": {
      "tradeable": true,
      "spread_pct": 0.015231,
      "bid_depth_50": 100558.32,
      "ask_depth_50": 101629.84,
      "bid_depth_100": 100558.32,
      "ask_depth_100": 101629.84,
      "bid_depth_500": 100558.32,
      "ask_depth_500": 101629.84,
      "imbalance": -0.0053,
      "score": 81.5
    },
    "BTC": {
      "tradeable": true,
      "spread_pct": 0.001383,
      "bid_depth_50": 2999039.26,
      "ask_depth_50": 3748510.9,
      "bid_depth_100": 2999039.26,
      "ask_depth_100": 3748510.9,
      "bid_depth_500": 2999039.26,
      "ask_depth_500": 3748510.9,
      "imbalance": -0.1111,
      "score": 100
    },
    "CRV": {
      "tradeable": true,
      "spread_pct": 0.0041,
      "bid_depth_50": 62852.9,
      "ask_depth_50": 117258.74,
      "bid_depth_100": 62852.9,
      "ask_depth_100": 117258.74,
      "bid_depth_500": 62852.9,
      "ask_depth_500": 117258.74,
      "imbalance": -0.3021,
      "score": 85.8
    },
    "DOGE": {
      "tradeable": true,
      "spread_pct": 0.001043,
      "bid_depth_50": 265363.24,
      "ask_depth_50": 194360.48,
      "bid_depth_100": 265363.24,
      "ask_depth_100": 194360.48,
      "bid_depth_500": 265363.24,
      "ask_depth_500": 194360.48,
      "imbalance": 0.1544,
      "score": 98.2
    },
    "DOT": {
      "tradeable": true,
      "spread_pct": 0.012619,
      "bid_depth_50": 94150.15,
      "ask_depth_50": 125454.06,
      "bid_depth_100": 94150.15,
      "ask_depth_100": 125454.06,
      "bid_depth_500": 94150.15,
      "ask_depth_500": 125454.06,
      "imbalance": -0.1425,
      "score": 84.9
    },
    "ENA": {
      "tradeable": true,
      "spread_pct": 0.018205,
      "bid_depth_50": 254309.26,
      "ask_depth_50": 205543.92,
      "bid_depth_100": 254309.26,
      "ask_depth_100": 205543.92,
      "bid_depth_500": 254309.26,
      "ask_depth_500": 205543.92,
      "imbalance": 0.106,
      "score": 90.0
    },
    "ETH": {
      "tradeable": true,
      "spread_pct": 0.004479,
      "bid_depth_50": 8747274.97,
      "ask_depth_50": 9133613.0,
      "bid_depth_100": 8747274.97,
      "ask_depth_100": 9133613.0,
      "bid_depth_500": 8747274.97,
      "ask_depth_500": 9133613.0,
      "imbalance": -0.0216,
      "score": 100
    },
    "FARTCOIN": {
      "tradeable": true,
      "spread_pct": 0.005085,
      "bid_depth_50": 30225.65,
      "ask_depth_50": 66611.81,
      "bid_depth_100": 30225.65,
      "ask_depth_100": 66611.81,
      "bid_depth_500": 30225.65,
      "ask_depth_500": 66611.81,
      "imbalance": -0.3757,
      "score": 82.1
    },
    "HYPE": {
      "tradeable": true,
      "spread_pct": 0.002463,
      "bid_depth_50": 107722.41,
      "ask_depth_50": 94503.16,
      "bid_depth_100": 107722.41,
      "ask_depth_100": 94503.16,
      "bid_depth_500": 107722.41,
      "ask_depth_500": 94503.16,
      "imbalance": 0.0654,
      "score": 86.8
    },
    "INJ": {
      "tradeable": false,
      "spread_pct": 0.057854,
      "bid_depth_50": 42354.68,
      "ask_depth_50": 33476.33,
      "bid_depth_100": 42354.68,
      "ask_depth_100": 37152.67,
      "bid_depth_500": 42354.68,
      "ask_depth_500": 37152.67,
      "imbalance": 0.1171,
      "score": 50.8
    },
    "JUP": {
      "tradeable": false,
      "spread_pct": 0.055247,
      "bid_depth_50": 44372.53,
      "ask_depth_50": 32441.48,
      "bid_depth_100": 44372.53,
      "ask_depth_100": 32441.48,
      "bid_depth_500": 44372.53,
      "ask_depth_500": 32441.48,
      "imbalance": 0.1553,
      "score": 50.8
    },
    "LDO": {
      "tradeable": true,
      "spread_pct": 0.038693,
      "bid_depth_50": 53998.11,
      "ask_depth_50": 43955.43,
      "bid_depth_100": 53998.11,
      "ask_depth_100": 43955.43,
      "bid_depth_500": 53998.11,
      "ask_depth_500": 43955.43,
      "imbalance": 0.1025,
      "score": 53.4
    },
    "LINK": {
      "tradeable": true,
      "spread_pct": 0.006413,
      "bid_depth_50": 108479.73,
      "ask_depth_50": 147822.11,
      "bid_depth_100": 108479.73,
      "ask_depth_100": 147822.11,
      "bid_depth_500": 108479.73,
      "ask_depth_500": 147822.11,
      "imbalance": -0.1535,
      "score": 89.2
    },
    "LTC": {
      "tradeable": true,
      "spread_pct": 0.012469,
      "bid_depth_50": 158175.26,
      "ask_depth_50": 126697.39,
      "bid_depth_100": 158175.26,
      "ask_depth_100": 126697.39,
      "bid_depth_500": 158175.26,
      "ask_depth_500": 126697.39,
      "imbalance": 0.1105,
      "score": 88.0
    },
    "NEAR": {
      "tradeable": true,
      "spread_pct": 0.021241,
      "bid_depth_50": 119376.6,
      "ask_depth_50": 63268.78,
      "bid_depth_100": 119376.6,
      "ask_depth_100": 63268.78,
      "bid_depth_500": 119376.6,
      "ask_depth_500": 63268.78,
      "imbalance": 0.3072,
      "score": 74.7
    },
    "ONDO": {
      "tradeable": true,
      "spread_pct": 0.037184,
      "bid_depth_50": 69852.1,
      "ask_depth_50": 67328.54,
      "bid_depth_100": 69852.1,
      "ask_depth_100": 67328.54,
      "bid_depth_500": 69852.1,
      "ask_depth_500": 67328.54,
      "imbalance": 0.0184,
      "score": 56.7
    },
    "OP": {
      "tradeable": false,
      "spread_pct": 0.077095,
      "bid_depth_50": 106639.09,
      "ask_depth_50": 65688.54,
      "bid_depth_100": 129077.41,
      "ask_depth_100": 65688.54,
      "bid_depth_500": 129077.41,
      "ask_depth_500": 65688.54,
      "imbalance": 0.2376,
      "score": 54.6
    },
    "PAXG": {
      "tradeable": true,
      "spread_pct": 0.002064,
      "bid_depth_50": 383627.06,
      "ask_depth_50": 494389.88,
      "bid_depth_100": 383627.06,
      "ask_depth_100": 494389.88,
      "bid_depth_500": 383627.06,
      "ask_depth_500": 494389.88,
      "imbalance": -0.1262,
      "score": 100
    },
    "PUMP": {
      "tradeable": false,
      "spread_pct": 0.101112,
      "bid_depth_50": 416323.29,
      "ask_depth_50": 382939.55,
      "bid_depth_100": 707656.04,