{
  "timestamp": "2026-03-21T22:25:11.335377+00:00",
  "coins": {
    "AAVE": {
      "tradeable": true,
      "spread_pct": 0.008983,
      "bid_depth_50": 248486.36,
      "ask_depth_50": 243018.58,
      "bid_depth_100": 248486.36,
      "ask_depth_100": 243018.58,
      "bid_depth_500": 248486.36,
      "ask_depth_500": 243018.58,
      "imbalance": 0.0111,
      "score": 99.6
    },
    "ADA": {
      "tradeable": true,
      "spread_pct": 0.030231,
      "bid_depth_50": 132905.05,
      "ask_depth_50": 138999.13,
      "bid_depth_100": 132905.05,
      "ask_depth_100": 138999.13,
      "bid_depth_500": 132905.05,
      "ask_depth_500": 138999.13,
      "imbalance": -0.0224,
      "score": 69.6
    },
    "APT": {
      "tradeable": true,
      "spread_pct": 0.020048,
      "bid_depth_50": 152607.92,
      "ask_depth_50": 84307.64,
      "bid_depth_100": 152607.92,
      "ask_depth_100": 84307.64,
      "bid_depth_500": 152607.92,
      "ask_depth_500": 84307.64,
      "imbalance": 0.2883,
      "score": 78.3
    },
    "ARB": {
      "tradeable": true,
      "spread_pct": 0.020109,
      "bid_depth_50": 175718.83,
      "ask_depth_50": 226259.38,
      "bid_depth_100": 175718.83,
      "ask_depth_100": 226259.38,
      "bid_depth_500": 175718.83,
      "ask_depth_500": 226259.38,
      "imbalance": -0.1257,
      "score": 85.5
    },
    "AVAX": {
      "tradeable": true,
      "spread_pct": 0.008423,
      "bid_depth_50": 67062.74,
      "ask_depth_50": 88161.16,
      "bid_depth_100": 67062.74,
      "ask_depth_100": 88161.16,
      "bid_depth_500": 67062.74,
      "ask_depth_500": 88161.16,
      "imbalance": -0.1359,
      "score": 84.7
    },
    "BCH": {
      "tradeable": true,
      "spread_pct": 0.002135,
      "bid_depth_50": 66621.65,
      "ask_depth_50": 97927.03,
      "bid_depth_100": 66621.65,
      "ask_depth_100": 97927.03,
      "bid_depth_500": 66621.65,
      "ask_depth_500": 97927.03,
      "imbalance": -0.1902,
      "score": 85.1
    },
    "BNB": {
      "tradeable": true,
      "spread_pct": 0.003119,
      "bid_depth_50": 72844.24,
      "ask_depth_50": 68618.43,
      "bid_depth_100": 72844.24,
      "ask_depth_100": 68618.43,
      "bid_depth_500": 72844.24,
      "ask_depth_500": 68618.43,
      "imbalance": 0.0299,
      "score": 84.1
    },
    "BTC": {
      "tradeable": true,
      "spread_pct": 0.001423,
      "bid_depth_50": 7374140.93,
      "ask_depth_50": 848973.0,
      "bid_depth_100": 7374140.93,
      "ask_depth_100": 848973.0,
      "bid_depth_500": 7374140.93,
      "ask_depth_500": 848973.0,
      "imbalance": 0.7935,
      "score": 100
    },
    "CRV": {
      "tradeable": true,
      "spread_pct": 0.029975,
      "bid_depth_50": 82513.17,
      "ask_depth_50": 87714.98,
      "bid_depth_100": 82513.17,
      "ask_depth_100": 87714.98,
      "bid_depth_500": 82513.17,
      "ask_depth_500": 87714.98,
      "imbalance": -0.0306,
      "score": 65.4
    },
    "DOGE": {
      "tradeable": true,
      "spread_pct": 0.001064,
      "bid_depth_50": 134061.26,
      "ask_depth_50": 235799.18,
      "bid_depth_100": 134061.26,
      "ask_depth_100": 235799.18,
      "bid_depth_500": 134061.26,
      "ask_depth_500": 235799.18,
      "imbalance": -0.2751,
      "score": 94.2
    },
    "DOT": {
      "tradeable": true,
      "spread_pct": 0.040145,
      "bid_depth_50": 99105.83,
      "ask_depth_50": 148626.44,
      "bid_depth_100": 99105.83,
      "ask_depth_100": 148626.44,
      "bid_depth_500": 99105.83,
      "ask_depth_500": 148626.44,
      "imbalance": -0.1999,
      "score": 58.6
    },
    "ENA": {
      "tradeable": true,
      "spread_pct": 0.039158,
      "bid_depth_50": 238659.36,
      "ask_depth_50": 227835.18,
      "bid_depth_100": 238659.36,
      "ask_depth_100": 227835.18,
      "bid_depth_500": 238659.36,
      "ask_depth_500": 227835.18,
      "imbalance": 0.0232,
      "score": 69.4
    },
    "ETH": {
      "tradeable": true,
      "spread_pct": 0.004651,
      "bid_depth_50": 8124174.28,
      "ask_depth_50": 7704179.7,
      "bid_depth_100": 8124174.28,
      "ask_depth_100": 7704179.7,
      "bid_depth_500": 8124174.28,
      "ask_depth_500": 7704179.7,
      "imbalance": 0.0265,
      "score": 100
    },
    "FARTCOIN": {
      "tradeable": true,
      "spread_pct": 0.02046,
      "bid_depth_50": 65082.67,
      "ask_depth_50": 43244.2,
      "bid_depth_100": 65082.67,
      "ask_depth_100": 43244.2,
      "bid_depth_500": 65082.67,
      "ask_depth_500": 43244.2,
      "imbalance": 0.2016,
      "score": 72.1
    },
    "HYPE": {
      "tradeable": true,
      "spread_pct": 0.002501,
      "bid_depth_50": 353811.23,
      "ask_depth_50": 1261952.16,
      "bid_depth_100": 353811.23,
      "ask_depth_100": 1261952.16,
      "bid_depth_500": 353811.23,
      "ask_depth_500": 1261952.16,
      "imbalance": -0.5621,
      "score": 100
    },
    "INJ": {
      "tradeable": true,
      "spread_pct": 0.0322,
      "bid_depth_50": 36758.41,
      "ask_depth_50": 19722.82,
      "bid_depth_100": 36758.41,
      "ask_depth_100": 162093.74,
      "bid_depth_500": 36758.41,
      "ask_depth_500": 162093.74,
      "imbalance": 0.3016,
      "score": 64.4
    },
    "JUP": {
      "tradeable": true,
      "spread_pct": 0.018861,
      "bid_depth_50": 52955.36,
      "ask_depth_50": 55861.75,
      "bid_depth_100": 52955.36,
      "ask_depth_100": 55861.75,
      "bid_depth_500": 52955.36,
      "ask_depth_500": 55861.75,
      "imbalance": -0.0267,
      "score": 73.8
    },
    "LDO": {
      "tradeable": true,
      "spread_pct": 0.016824,
      "bid_depth_50": 37666.96,
      "ask_depth_50": 52082.61,
      "bid_depth_100": 37666.96,
      "ask_depth_100": 52082.61,
      "bid_depth_500": 37666.96,
      "ask_depth_500": 52082.61,
      "imbalance": -0.1606,
      "score": 74.9
    },
    "LINK": {
      "tradeable": true,
      "spread_pct": 0.004406,
      "bid_depth_50": 126857.55,
      "ask_depth_50": 75979.32,
      "bid_depth_100": 126857.55,
      "ask_depth_100": 75979.32,
      "bid_depth_500": 126857.55,
      "ask_depth_500": 75979.32,
      "imbalance": 0.2508,
      "score": 86.8
    },
    "LTC": {
      "tradeable": true,
      "spread_pct": 0.001794,
      "bid_depth_50": 141112.92,
      "ask_depth_50": 196873.75,
      "bid_depth_100": 141112.92,
      "ask_depth_100": 196873.75,
      "bid_depth_500": 141112.92,
      "ask_depth_500": 196873.75,
      "imbalance": -0.165,
      "score": 92.8
    },
    "NEAR": {
      "tradeable": true,
      "spread_pct": 0.022792,
      "bid_depth_50": 92566.65,
      "ask_depth_50": 92985.25,
      "bid_depth_100": 92566.65,
      "ask_depth_100": 92985.25,
      "bid_depth_500": 92566.65,
      "ask_depth_500": 92985.25,
      "imbalance": -0.0023,
      "score": 73.2
    },
    "ONDO": {
      "tradeable": true,
      "spread_pct": 0.019265,
      "bid_depth_50": 58807.37,
      "ask_depth_50": 47183.89,
      "bid_depth_100": 58807.37,
      "ask_depth_100": 47183.89,
      "bid_depth_500": 58807.37,
      "ask_depth_500": 47183.89,
      "imbalance": 0.1097,
      "score": 73.2
    },
    "OP": {
      "tradeable": true,
      "spread_pct": 0.024628,
      "bid_depth_50": 73729.2,
      "ask_depth_50": 81799.89,
      "bid_depth_100": 73729.2,
      "ask_depth_100": 81799.89,
      "bid_depth_500": 73729.2,
      "ask_depth_500": 81799.89,
      "imbalance": -0.0519,
      "score": 70.1
    },
    "PAXG": {
      "tradeable": true,
      "spread_pct": 0.002218,
      "bid_depth_50": 176448.96,
      "ask_depth_50": 266616.65,
      "bid_depth_100": 176448.96,
      "ask_depth_100": 266616.65,
      "bid_depth_500": 176448.96,
      "ask_depth_500": 266616.65,
      "imbalance": -0.2035,
      "score": 97.5
    },
    "PUMP": {
      "tradeable": false,
      "spread_pct": 0.053462,
      "bid_depth_50": 389171.71,
      "ask_depth_50": 345153.93,
      "bid_depth_100": 820947.36,
      "ask_depth_100": 687776.47,