{
  "timestamp": "2026-03-19T14:28:10.159069+00:00",
  "coins": {
    "AAVE": {
      "tradeable": true,
      "spread_pct": 0.017904,
      "bid_depth_50": 227213.58,
      "ask_depth_50": 289947.0,
      "bid_depth_100": 227213.58,
      "ask_depth_100": 289947.0,
      "bid_depth_500": 227213.58,
      "ask_depth_500": 289947.0,
      "imbalance": -0.1213,
      "score": 92.1
    },
    "ADA": {
      "tradeable": true,
      "spread_pct": 0.007563,
      "bid_depth_50": 79966.49,
      "ask_depth_50": 89362.73,
      "bid_depth_100": 79966.49,
      "ask_depth_100": 89362.73,
      "bid_depth_500": 79966.49,
      "ask_depth_500": 89362.73,
      "imbalance": -0.0555,
      "score": 85.3
    },
    "APT": {
      "tradeable": false,
      "spread_pct": 0.053525,
      "bid_depth_50": 108498.25,
      "ask_depth_50": 111915.31,
      "bid_depth_100": 108498.25,
      "ask_depth_100": 111915.31,
      "bid_depth_500": 108498.25,
      "ask_depth_500": 111915.31,
      "imbalance": -0.0155,
      "score": 57.3
    },
    "ARB": {
      "tradeable": true,
      "spread_pct": 0.020294,
      "bid_depth_50": 178830.96,
      "ask_depth_50": 241632.84,
      "bid_depth_100": 178830.96,
      "ask_depth_100": 241632.84,
      "bid_depth_500": 178830.96,
      "ask_depth_500": 241632.84,
      "imbalance": -0.1494,
      "score": 86.2
    },
    "AVAX": {
      "tradeable": true,
      "spread_pct": 0.01702,
      "bid_depth_50": 97950.95,
      "ask_depth_50": 58470.78,
      "bid_depth_100": 97950.95,
      "ask_depth_100": 58470.78,
      "bid_depth_500": 97950.95,
      "ask_depth_500": 58470.78,
      "imbalance": 0.2524,
      "score": 77.7
    },
    "BCH": {
      "tradeable": true,
      "spread_pct": 0.002197,
      "bid_depth_50": 70180.77,
      "ask_depth_50": 89333.59,
      "bid_depth_100": 70180.77,
      "ask_depth_100": 89333.59,
      "bid_depth_500": 70180.77,
      "ask_depth_500": 89333.59,
      "imbalance": -0.1201,
      "score": 84.9
    },
    "BNB": {
      "tradeable": true,
      "spread_pct": 0.012549,
      "bid_depth_50": 109939.82,
      "ask_depth_50": 139343.75,
      "bid_depth_100": 109939.82,
      "ask_depth_100": 139343.75,
      "bid_depth_500": 109939.82,
      "ask_depth_500": 139343.75,
      "imbalance": -0.118,
      "score": 86.3
    },
    "BTC": {
      "tradeable": true,
      "spread_pct": 0.001444,
      "bid_depth_50": 14790077.86,
      "ask_depth_50": 1734258.05,
      "bid_depth_100": 14790077.86,
      "ask_depth_100": 1734258.05,
      "bid_depth_500": 14790077.86,
      "ask_depth_500": 1734258.05,
      "imbalance": 0.7901,
      "score": 100
    },
    "CRV": {
      "tradeable": true,
      "spread_pct": 0.047155,
      "bid_depth_50": 121478.5,
      "ask_depth_50": 98377.1,
      "bid_depth_100": 121478.5,
      "ask_depth_100": 98377.1,
      "bid_depth_500": 121478.5,
      "ask_depth_500": 98377.1,
      "imbalance": 0.1051,
      "score": 50.4
    },
    "DOGE": {
      "tradeable": true,
      "spread_pct": 0.006471,
      "bid_depth_50": 161601.22,
      "ask_depth_50": 287803.61,
      "bid_depth_100": 161601.22,
      "ask_depth_100": 287803.61,
      "bid_depth_500": 161601.22,
      "ask_depth_500": 287803.61,
      "imbalance": -0.2808,
      "score": 97.8
    },
    "DOT": {
      "tradeable": true,
      "spread_pct": 0.033114,
      "bid_depth_50": 82731.88,
      "ask_depth_50": 166117.44,
      "bid_depth_100": 82731.88,
      "ask_depth_100": 166117.44,
      "bid_depth_500": 82731.88,
      "ask_depth_500": 166117.44,
      "imbalance": -0.3351,
      "score": 65.7
    },
    "ENA": {
      "tradeable": true,
      "spread_pct": 0.039475,
      "bid_depth_50": 209143.75,
      "ask_depth_50": 269092.53,
      "bid_depth_100": 209143.75,
      "ask_depth_100": 269092.53,
      "bid_depth_500": 209143.75,
      "ask_depth_500": 269092.53,
      "imbalance": -0.1254,
      "score": 69.6
    },
    "ETH": {
      "tradeable": true,
      "spread_pct": 0.004722,
      "bid_depth_50": 6429096.5,
      "ask_depth_50": 9094354.62,
      "bid_depth_100": 6429096.5,
      "ask_depth_100": 9094354.62,
      "bid_depth_500": 6429096.5,
      "ask_depth_500": 9094354.62,
      "imbalance": -0.1717,
      "score": 100
    },
    "FARTCOIN": {
      "tradeable": true,
      "spread_pct": 0.04747,
      "bid_depth_50": 44285.32,
      "ask_depth_50": 80650.26,
      "bid_depth_100": 44285.32,
      "ask_depth_100": 80650.26,
      "bid_depth_500": 44285.32,
      "ask_depth_500": 80650.26,
      "imbalance": -0.2911,
      "score": 45.9
    },
    "HYPE": {
      "tradeable": true,
      "spread_pct": 0.035686,
      "bid_depth_50": 136001.11,
      "ask_depth_50": 165329.57,
      "bid_depth_100": 136001.11,
      "ask_depth_100": 165329.57,
      "bid_depth_500": 136001.11,
      "ask_depth_500": 165329.57,
      "imbalance": -0.0973,
      "score": 65.5
    },
    "INJ": {
      "tradeable": false,
      "spread_pct": 0.054047,
      "bid_depth_50": 33650.69,
      "ask_depth_50": 39177.38,
      "bid_depth_100": 33650.69,
      "ask_depth_100": 41348.8,
      "bid_depth_500": 33650.69,
      "ask_depth_500": 41348.8,
      "imbalance": -0.0759,
      "score": 50.8
    },
    "JUP": {
      "tradeable": false,
      "spread_pct": 0.075481,
      "bid_depth_50": 48290.3,
      "ask_depth_50": 57485.48,
      "bid_depth_100": 48290.3,
      "ask_depth_100": 57485.48,
      "bid_depth_500": 48290.3,
      "ask_depth_500": 57485.48,
      "imbalance": -0.0869,
      "score": 50.8
    },
    "LDO": {
      "tradeable": true,
      "spread_pct": 0.027151,
      "bid_depth_50": 33150.58,
      "ask_depth_50": 63242.64,
      "bid_depth_100": 33150.58,
      "ask_depth_100": 63242.64,
      "bid_depth_500": 33150.58,
      "ask_depth_500": 63242.64,
      "imbalance": -0.3122,
      "score": 64.9
    },
    "LINK": {
      "tradeable": true,
      "spread_pct": 0.027993,
      "bid_depth_50": 131267.26,
      "ask_depth_50": 138580.31,
      "bid_depth_100": 131267.26,
      "ask_depth_100": 138580.31,
      "bid_depth_500": 131267.26,
      "ask_depth_500": 138580.31,
      "imbalance": -0.0271,
      "score": 71.8
    },
    "LTC": {
      "tradeable": true,
      "spread_pct": 0.009097,
      "bid_depth_50": 131940.37,
      "ask_depth_50": 176849.96,
      "bid_depth_100": 131940.37,
      "ask_depth_100": 176849.96,
      "bid_depth_500": 131940.37,
      "ask_depth_500": 176849.96,
      "imbalance": -0.1454,
      "score": 91.5
    },
    "NEAR": {
      "tradeable": true,
      "spread_pct": 0.030111,
      "bid_depth_50": 119806.25,
      "ask_depth_50": 149415.99,
      "bid_depth_100": 119806.25,
      "ask_depth_100": 149415.99,
      "bid_depth_500": 119806.25,
      "ask_depth_500": 149415.99,
      "imbalance": -0.11,
      "score": 69.6
    },
    "ONDO": {
      "tradeable": true,
      "spread_pct": 0.027271,
      "bid_depth_50": 33247.67,
      "ask_depth_50": 83492.32,
      "bid_depth_100": 33247.67,
      "ask_depth_100": 83492.32,
      "bid_depth_500": 33247.67,
      "ask_depth_500": 83492.32,
      "imbalance": -0.4304,
      "score": 65.7
    },
    "OP": {
      "tradeable": true,
      "spread_pct": 0.041623,
      "bid_depth_50": 35131.03,
      "ask_depth_50": 80824.98,
      "bid_depth_100": 95967.81,
      "ask_depth_100": 80824.98,
      "bid_depth_500": 95967.81,
      "ask_depth_500": 80824.98,
      "imbalance": -0.3941,
      "score": 54.0
    },
    "PAXG": {
      "tradeable": true,
      "spread_pct": 0.002178,
      "bid_depth_50": 254916.87,
      "ask_depth_50": 429624.84,
      "bid_depth_100": 254916.87,
      "ask_depth_100": 429624.84,
      "bid_depth_500": 254916.87,
      "ask_depth_500": 429624.84,
      "imbalance": -0.2552,
      "score": 100
    },
    "PUMP": {
      "tradeable": false,
      "spread_pct": 0.0546,
      "bid_depth_50": 490839.39,
      "ask_depth_50": 420126.27,
      "bid_depth_100": 768929.22,