{
  "timestamp": "2026-03-23T09:06:07.521368+00:00",
  "coins": {
    "AAVE": {
      "tradeable": true,
      "spread_pct": 0.019039,
      "bid_depth_50": 261127.96,
      "ask_depth_50": 304815.22,
      "bid_depth_100": 261127.96,
      "ask_depth_100": 304815.22,
      "bid_depth_500": 261127.96,
      "ask_depth_500": 304815.22,
      "imbalance": -0.0772,
      "score": 91.0
    },
    "ADA": {
      "tradeable": true,
      "spread_pct": 0.00805,
      "bid_depth_50": 108272.25,
      "ask_depth_50": 89564.93,
      "bid_depth_100": 108272.25,
      "ask_depth_100": 89564.93,
      "bid_depth_500": 108272.25,
      "ask_depth_500": 89564.93,
      "imbalance": 0.0946,
      "score": 86.6
    },
    "APT": {
      "tradeable": true,
      "spread_pct": 0.044165,
      "bid_depth_50": 62697.81,
      "ask_depth_50": 117075.61,
      "bid_depth_100": 62697.81,
      "ask_depth_100": 117075.61,
      "bid_depth_500": 62697.81,
      "ask_depth_500": 117075.61,
      "imbalance": -0.3025,
      "score": 51.6
    },
    "ARB": {
      "tradeable": true,
      "spread_pct": 0.04363,
      "bid_depth_50": 137075.91,
      "ask_depth_50": 271141.26,
      "bid_depth_100": 137075.91,
      "ask_depth_100": 271141.26,
      "bid_depth_500": 137075.91,
      "ask_depth_500": 271141.26,
      "imbalance": -0.3284,
      "score": 62.3
    },
    "AVAX": {
      "tradeable": true,
      "spread_pct": 0.001117,
      "bid_depth_50": 92455.83,
      "ask_depth_50": 35123.83,
      "bid_depth_100": 92455.83,
      "ask_depth_100": 35123.83,
      "bid_depth_500": 92455.83,
      "ask_depth_500": 35123.83,
      "imbalance": 0.4494,
      "score": 83.4
    },
    "BCH": {
      "tradeable": true,
      "spread_pct": 0.008594,
      "bid_depth_50": 49700.8,
      "ask_depth_50": 80098.2,
      "bid_depth_100": 49700.8,
      "ask_depth_100": 80098.2,
      "bid_depth_500": 49700.8,
      "ask_depth_500": 80098.2,
      "imbalance": -0.2342,
      "score": 83.5
    },
    "BNB": {
      "tradeable": true,
      "spread_pct": 0.003212,
      "bid_depth_50": 72009.36,
      "ask_depth_50": 82660.11,
      "bid_depth_100": 72009.36,
      "ask_depth_100": 82660.11,
      "bid_depth_500": 72009.36,
      "ask_depth_500": 82660.11,
      "imbalance": -0.0689,
      "score": 84.7
    },
    "BTC": {
      "tradeable": true,
      "spread_pct": 0.001466,
      "bid_depth_50": 7209466.53,
      "ask_depth_50": 2862271.44,
      "bid_depth_100": 7209466.53,
      "ask_depth_100": 2862271.44,
      "bid_depth_500": 7209466.53,
      "ask_depth_500": 2862271.44,
      "imbalance": 0.4316,
      "score": 100
    },
    "CRV": {
      "tradeable": true,
      "spread_pct": 0.018661,
      "bid_depth_50": 93249.82,
      "ask_depth_50": 105642.41,
      "bid_depth_100": 93249.82,
      "ask_depth_100": 105642.41,
      "bid_depth_500": 93249.82,
      "ask_depth_500": 105642.41,
      "imbalance": -0.0623,
      "score": 78.0
    },
    "DOGE": {
      "tradeable": true,
      "spread_pct": 0.001118,
      "bid_depth_50": 228457.53,
      "ask_depth_50": 271728.06,
      "bid_depth_100": 228457.53,
      "ask_depth_100": 271728.06,
      "bid_depth_500": 228457.53,
      "ask_depth_500": 271728.06,
      "imbalance": -0.0865,
      "score": 100
    },
    "DOT": {
      "tradeable": true,
      "spread_pct": 0.007121,
      "bid_depth_50": 84713.25,
      "ask_depth_50": 119170.7,
      "bid_depth_100": 84713.25,
      "ask_depth_100": 119170.7,
      "bid_depth_500": 84713.25,
      "ask_depth_500": 119170.7,
      "imbalance": -0.169,
      "score": 86.8
    },
    "ENA": {
      "tradeable": true,
      "spread_pct": 0.001072,
      "bid_depth_50": 69451.34,
      "ask_depth_50": 77079.98,
      "bid_depth_100": 69451.34,
      "ask_depth_100": 77079.98,
      "bid_depth_500": 69451.34,
      "ask_depth_500": 77079.98,
      "imbalance": -0.0521,
      "score": 84.3
    },
    "ETH": {
      "tradeable": true,
      "spread_pct": 0.004906,
      "bid_depth_50": 6466856.84,
      "ask_depth_50": 8636477.55,
      "bid_depth_100": 6466856.84,
      "ask_depth_100": 8636477.55,
      "bid_depth_500": 6466856.84,
      "ask_depth_500": 8636477.55,
      "imbalance": -0.1437,
      "score": 100
    },
    "FARTCOIN": {
      "tradeable": true,
      "spread_pct": 0.049885,
      "bid_depth_50": 70856.13,
      "ask_depth_50": 64780.08,
      "bid_depth_100": 70856.13,
      "ask_depth_100": 64780.08,
      "bid_depth_500": 70856.13,
      "ask_depth_500": 64780.08,
      "imbalance": 0.0448,
      "score": 43.9
    },
    "HYPE": {
      "tradeable": true,
      "spread_pct": 0.002693,
      "bid_depth_50": 152972.95,
      "ask_depth_50": 97123.72,
      "bid_depth_100": 152972.95,
      "ask_depth_100": 97123.72,
      "bid_depth_500": 152972.95,
      "ask_depth_500": 97123.72,
      "imbalance": 0.2233,
      "score": 88.9
    },
    "INJ": {
      "tradeable": true,
      "spread_pct": 0.048105,
      "bid_depth_50": 153114.87,
      "ask_depth_50": 51969.72,
      "bid_depth_100": 180839.18,
      "ask_depth_100": 51969.72,
      "bid_depth_500": 180839.18,
      "ask_depth_500": 51969.72,
      "imbalance": 0.4932,
      "score": 50.0
    },
    "JUP": {
      "tradeable": true,
      "spread_pct": 0.046075,
      "bid_depth_50": 52284.76,
      "ask_depth_50": 44274.47,
      "bid_depth_100": 52284.76,
      "ask_depth_100": 44274.47,
      "bid_depth_500": 52284.76,
      "ask_depth_500": 44274.47,
      "imbalance": 0.083,
      "score": 46.0
    },
    "LDO": {
      "tradeable": true,
      "spread_pct": 0.028735,
      "bid_depth_50": 75010.53,
      "ask_depth_50": 34880.59,
      "bid_depth_100": 75010.53,
      "ask_depth_100": 34880.59,
      "bid_depth_500": 75010.53,
      "ask_depth_500": 34880.59,
      "imbalance": 0.3652,
      "score": 63.9
    },
    "LINK": {
      "tradeable": true,
      "spread_pct": 0.009287,
      "bid_depth_50": 163132.76,
      "ask_depth_50": 96640.49,
      "bid_depth_100": 163132.76,
      "ask_depth_100": 96640.49,
      "bid_depth_500": 163132.76,
      "ask_depth_500": 96640.49,
      "imbalance": 0.256,
      "score": 89.3
    },
    "LTC": {
      "tradeable": true,
      "spread_pct": 0.007473,
      "bid_depth_50": 162656.73,
      "ask_depth_50": 179901.39,
      "bid_depth_100": 162656.73,
      "ask_depth_100": 179901.39,
      "bid_depth_500": 162656.73,
      "ask_depth_500": 179901.39,
      "imbalance": -0.0503,
      "score": 93.0
    },
    "NEAR": {
      "tradeable": true,
      "spread_pct": 0.007944,
      "bid_depth_50": 164799.04,
      "ask_depth_50": 94964.02,
      "bid_depth_100": 164799.04,
      "ask_depth_100": 94964.02,
      "bid_depth_500": 164799.04,
      "ask_depth_500": 94964.02,
      "imbalance": 0.2688,
      "score": 89.3
    },
    "ONDO": {
      "tradeable": true,
      "spread_pct": 0.037079,
      "bid_depth_50": 34478.9,
      "ask_depth_50": 72034.38,
      "bid_depth_100": 34478.9,
      "ask_depth_100": 72034.38,
      "bid_depth_500": 34478.9,
      "ask_depth_500": 72034.38,
      "imbalance": -0.3526,
      "score": 55.4
    },
    "OP": {
      "tradeable": false,
      "spread_pct": 0.062153,
      "bid_depth_50": 36281.25,
      "ask_depth_50": 87134.52,
      "bid_depth_100": 36281.25,
      "ask_depth_100": 87134.52,
      "bid_depth_500": 36281.25,
      "ask_depth_500": 87134.52,
      "imbalance": -0.412,
      "score": 52.5
    },
    "PAXG": {
      "tradeable": true,
      "spread_pct": 0.004687,
      "bid_depth_50": 341235.37,
      "ask_depth_50": 462646.36,
      "bid_depth_100": 341235.37,
      "ask_depth_100": 462646.36,
      "bid_depth_500": 341235.37,
      "ask_depth_500": 462646.36,
      "imbalance": -0.151,
      "score": 100
    },
    "PUMP": {
      "tradeable": false,
      "spread_pct": 0.057422,
      "bid_depth_50": 349224.84,
      "ask_depth_50": 374871.88,
      "bid_depth_100": 698004.75,
      "ask_depth_100": 732780.63,