{
  "timestamp": "2026-03-20T01:37:54.608145+00:00",
  "coins": {
    "AAVE": {
      "tradeable": true,
      "spread_pct": 0.017835,
      "bid_depth_50": 281119.82,
      "ask_depth_50": 242491.26,
      "bid_depth_100": 281119.82,
      "ask_depth_100": 242491.26,
      "bid_depth_500": 281119.82,
      "ask_depth_500": 242491.26,
      "imbalance": 0.0738,
      "score": 92.2
    },
    "ADA": {
      "tradeable": true,
      "spread_pct": 0.018524,
      "bid_depth_50": 93067.37,
      "ask_depth_50": 100342.87,
      "bid_depth_100": 93067.37,
      "ask_depth_100": 100342.87,
      "bid_depth_500": 93067.37,
      "ask_depth_500": 100342.87,
      "imbalance": -0.0376,
      "score": 77.8
    },
    "APT": {
      "tradeable": true,
      "spread_pct": 0.041597,
      "bid_depth_50": 102884.61,
      "ask_depth_50": 99682.01,
      "bid_depth_100": 102884.61,
      "ask_depth_100": 99682.01,
      "bid_depth_500": 102884.61,
      "ask_depth_500": 99682.01,
      "imbalance": 0.0158,
      "score": 55.2
    },
    "ARB": {
      "tradeable": true,
      "spread_pct": 0.029981,
      "bid_depth_50": 216973.66,
      "ask_depth_50": 192762.37,
      "bid_depth_100": 216973.66,
      "ask_depth_100": 192762.37,
      "bid_depth_500": 216973.66,
      "ask_depth_500": 192762.37,
      "imbalance": 0.0591,
      "score": 76.0
    },
    "AVAX": {
      "tradeable": true,
      "spread_pct": 0.009419,
      "bid_depth_50": 68343.25,
      "ask_depth_50": 81379.33,
      "bid_depth_100": 68343.25,
      "ask_depth_100": 81379.33,
      "bid_depth_500": 68343.25,
      "ask_depth_500": 81379.33,
      "imbalance": -0.0871,
      "score": 84.4
    },
    "BCH": {
      "tradeable": true,
      "spread_pct": 0.01309,
      "bid_depth_50": 92232.39,
      "ask_depth_50": 73821.72,
      "bid_depth_100": 92232.39,
      "ask_depth_100": 73821.72,
      "bid_depth_500": 92232.39,
      "ask_depth_500": 73821.72,
      "imbalance": 0.1109,
      "score": 82.1
    },
    "BNB": {
      "tradeable": true,
      "spread_pct": 0.007789,
      "bid_depth_50": 67788.29,
      "ask_depth_50": 134261.99,
      "bid_depth_100": 67788.29,
      "ask_depth_100": 134261.99,
      "bid_depth_500": 67788.29,
      "ask_depth_500": 134261.99,
      "imbalance": -0.329,
      "score": 86.8
    },
    "BTC": {
      "tradeable": true,
      "spread_pct": 0.00142,
      "bid_depth_50": 3651552.32,
      "ask_depth_50": 1349053.67,
      "bid_depth_100": 3651552.32,
      "ask_depth_100": 1349053.67,
      "bid_depth_500": 3651552.32,
      "ask_depth_500": 1349053.67,
      "imbalance": 0.4604,
      "score": 100
    },
    "CRV": {
      "tradeable": true,
      "spread_pct": 0.037857,
      "bid_depth_50": 61788.22,
      "ask_depth_50": 102190.23,
      "bid_depth_100": 61788.22,
      "ask_depth_100": 102190.23,
      "bid_depth_500": 61788.22,
      "ask_depth_500": 102190.23,
      "imbalance": -0.2464,
      "score": 57.2
    },
    "DOGE": {
      "tradeable": true,
      "spread_pct": 0.00106,
      "bid_depth_50": 231995.49,
      "ask_depth_50": 253834.61,
      "bid_depth_100": 231995.49,
      "ask_depth_100": 253834.61,
      "bid_depth_500": 231995.49,
      "ask_depth_500": 253834.61,
      "imbalance": -0.045,
      "score": 99.4
    },
    "DOT": {
      "tradeable": true,
      "spread_pct": 0.019522,
      "bid_depth_50": 106186.62,
      "ask_depth_50": 160794.69,
      "bid_depth_100": 106186.62,
      "ask_depth_100": 160794.69,
      "bid_depth_500": 106186.62,
      "ask_depth_500": 160794.69,
      "imbalance": -0.2045,
      "score": 80.1
    },
    "ENA": {
      "tradeable": true,
      "spread_pct": 0.009612,
      "bid_depth_50": 201645.14,
      "ask_depth_50": 256872.29,
      "bid_depth_100": 201645.14,
      "ask_depth_100": 256872.29,
      "bid_depth_500": 201645.14,
      "ask_depth_500": 256872.29,
      "imbalance": -0.1204,
      "score": 98.2
    },
    "ETH": {
      "tradeable": true,
      "spread_pct": 0.004647,
      "bid_depth_50": 10789885.14,
      "ask_depth_50": 5125250.64,
      "bid_depth_100": 10789885.14,
      "ask_depth_100": 5125250.64,
      "bid_depth_500": 10789885.14,
      "ask_depth_500": 5125250.64,
      "imbalance": 0.3559,
      "score": 100
    },
    "FARTCOIN": {
      "tradeable": true,
      "spread_pct": 0.034749,
      "bid_depth_50": 60240.31,
      "ask_depth_50": 45095.27,
      "bid_depth_100": 60240.31,
      "ask_depth_100": 45095.27,
      "bid_depth_500": 60240.31,
      "ask_depth_500": 45095.27,
      "imbalance": 0.1438,
      "score": 57.7
    },
    "HYPE": {
      "tradeable": true,
      "spread_pct": 0.002496,
      "bid_depth_50": 114440.76,
      "ask_depth_50": 79087.83,
      "bid_depth_100": 114440.76,
      "ask_depth_100": 79087.83,
      "bid_depth_500": 114440.76,
      "ask_depth_500": 79087.83,
      "imbalance": 0.1827,
      "score": 86.4
    },
    "INJ": {
      "tradeable": false,
      "spread_pct": 0.061363,
      "bid_depth_50": 46158.16,
      "ask_depth_50": 28024.77,
      "bid_depth_100": 46158.16,
      "ask_depth_100": 154431.56,
      "bid_depth_500": 46158.16,
      "ask_depth_500": 154431.56,
      "imbalance": 0.2444,
      "score": 55.9
    },
    "JUP": {
      "tradeable": false,
      "spread_pct": 0.068368,
      "bid_depth_50": 39233.34,
      "ask_depth_50": 47160.83,
      "bid_depth_100": 39233.34,
      "ask_depth_100": 47160.83,
      "bid_depth_500": 39233.34,
      "ask_depth_500": 47160.83,
      "imbalance": -0.0918,
      "score": 50.4
    },
    "LDO": {
      "tradeable": true,
      "spread_pct": 0.029978,
      "bid_depth_50": 33505.36,
      "ask_depth_50": 65985.29,
      "bid_depth_100": 33505.36,
      "ask_depth_100": 65985.29,
      "bid_depth_500": 33505.36,
      "ask_depth_500": 65985.29,
      "imbalance": -0.3265,
      "score": 62.2
    },
    "LINK": {
      "tradeable": true,
      "spread_pct": 0.001096,
      "bid_depth_50": 130050.47,
      "ask_depth_50": 63092.67,
      "bid_depth_100": 130050.47,
      "ask_depth_100": 63092.67,
      "bid_depth_500": 130050.47,
      "ask_depth_500": 63092.67,
      "imbalance": 0.3467,
      "score": 86.4
    },
    "LTC": {
      "tradeable": true,
      "spread_pct": 0.019688,
      "bid_depth_50": 133964.99,
      "ask_depth_50": 132040.86,
      "bid_depth_100": 133964.99,
      "ask_depth_100": 132040.86,
      "bid_depth_500": 133964.99,
      "ask_depth_500": 132040.86,
      "imbalance": 0.0072,
      "score": 79.9
    },
    "NEAR": {
      "tradeable": true,
      "spread_pct": 0.007395,
      "bid_depth_50": 176272.94,
      "ask_depth_50": 117986.08,
      "bid_depth_100": 176272.94,
      "ask_depth_100": 117986.08,
      "bid_depth_500": 176272.94,
      "ask_depth_500": 117986.08,
      "imbalance": 0.1981,
      "score": 90.9
    },
    "ONDO": {
      "tradeable": true,
      "spread_pct": 0.038527,
      "bid_depth_50": 48441.82,
      "ask_depth_50": 51777.82,
      "bid_depth_100": 48441.82,
      "ask_depth_100": 51777.82,
      "bid_depth_500": 48441.82,
      "ask_depth_500": 51777.82,
      "imbalance": -0.0333,
      "score": 53.7
    },
    "OP": {
      "tradeable": true,
      "spread_pct": 0.0326,
      "bid_depth_50": 90635.03,
      "ask_depth_50": 72150.9,
      "bid_depth_100": 92370.18,
      "ask_depth_100": 72150.9,
      "bid_depth_500": 92370.18,
      "ask_depth_500": 72150.9,
      "imbalance": 0.1135,
      "score": 62.5
    },
    "PAXG": {
      "tradeable": true,
      "spread_pct": 0.023512,
      "bid_depth_50": 311679.01,
      "ask_depth_50": 418294.15,
      "bid_depth_100": 311679.01,
      "ask_depth_100": 418294.15,
      "bid_depth_500": 311679.01,
      "ask_depth_500": 418294.15,
      "imbalance": -0.1461,
      "score": 86.5
    },
    "PUMP": {
      "tradeable": false,
      "spread_pct": 0.107296,
      "bid_depth_50": 438215.58,
      "ask_depth_50": 399531.36,
      "bid_depth_100": 753470.75,