{
  "timestamp": "2026-03-18T20:57:52.265883+00:00",
  "coins": {
    "AAVE": {
      "tradeable": true,
      "spread_pct": 0.026232,
      "bid_depth_50": 219668.34,
      "ask_depth_50": 249547.03,
      "bid_depth_100": 219668.34,
      "ask_depth_100": 249547.03,
      "bid_depth_500": 219668.34,
      "ask_depth_500": 249547.03,
      "imbalance": -0.0637,
      "score": 82.4
    },
    "ADA": {
      "tradeable": true,
      "spread_pct": 0.029269,
      "bid_depth_50": 145458.9,
      "ask_depth_50": 97352.93,
      "bid_depth_100": 145458.9,
      "ask_depth_100": 97352.93,
      "bid_depth_500": 145458.9,
      "ask_depth_500": 97352.93,
      "imbalance": 0.1981,
      "score": 69.3
    },
    "APT": {
      "tradeable": true,
      "spread_pct": 0.030764,
      "bid_depth_50": 87139.42,
      "ask_depth_50": 67187.18,
      "bid_depth_100": 87139.42,
      "ask_depth_100": 67187.18,
      "bid_depth_500": 87139.42,
      "ask_depth_500": 67187.18,
      "imbalance": 0.1293,
      "score": 63.9
    },
    "ARB": {
      "tradeable": true,
      "spread_pct": 0.029321,
      "bid_depth_50": 210971.52,
      "ask_depth_50": 110500.33,
      "bid_depth_100": 210971.52,
      "ask_depth_100": 110500.33,
      "bid_depth_500": 210971.52,
      "ask_depth_500": 110500.33,
      "imbalance": 0.3125,
      "score": 72.7
    },
    "AVAX": {
      "tradeable": true,
      "spread_pct": 0.020698,
      "bid_depth_50": 97917.46,
      "ask_depth_50": 136421.44,
      "bid_depth_100": 97917.46,
      "ask_depth_100": 136421.44,
      "bid_depth_500": 97917.46,
      "ask_depth_500": 136421.44,
      "imbalance": -0.1643,
      "score": 77.5
    },
    "BCH": {
      "tradeable": true,
      "spread_pct": 0.026361,
      "bid_depth_50": 126527.97,
      "ask_depth_50": 98373.29,
      "bid_depth_100": 126527.97,
      "ask_depth_100": 98373.29,
      "bid_depth_500": 126527.97,
      "ask_depth_500": 98373.29,
      "imbalance": 0.1252,
      "score": 71.4
    },
    "BNB": {
      "tradeable": true,
      "spread_pct": 0.010768,
      "bid_depth_50": 108128.69,
      "ask_depth_50": 105119.51,
      "bid_depth_100": 108128.69,
      "ask_depth_100": 105119.51,
      "bid_depth_500": 108128.69,
      "ask_depth_500": 105119.51,
      "imbalance": 0.0141,
      "score": 86.5
    },
    "BTC": {
      "tradeable": true,
      "spread_pct": 0.001404,
      "bid_depth_50": 1786793.44,
      "ask_depth_50": 5166110.77,
      "bid_depth_100": 1786793.44,
      "ask_depth_100": 5166110.77,
      "bid_depth_500": 1786793.44,
      "ask_depth_500": 5166110.77,
      "imbalance": -0.486,
      "score": 100
    },
    "CRV": {
      "tradeable": false,
      "spread_pct": 0.0501,
      "bid_depth_50": 98577.0,
      "ask_depth_50": 70659.33,
      "bid_depth_100": 98577.0,
      "ask_depth_100": 70659.33,
      "bid_depth_500": 98577.0,
      "ask_depth_500": 70659.33,
      "imbalance": 0.165,
      "score": 55.3
    },
    "DOGE": {
      "tradeable": true,
      "spread_pct": 0.001051,
      "bid_depth_50": 137756.88,
      "ask_depth_50": 321804.37,
      "bid_depth_100": 137756.88,
      "ask_depth_100": 321804.37,
      "bid_depth_500": 137756.88,
      "ask_depth_500": 321804.37,
      "imbalance": -0.4005,
      "score": 98.2
    },
    "DOT": {
      "tradeable": true,
      "spread_pct": 0.006406,
      "bid_depth_50": 97364.94,
      "ask_depth_50": 103894.15,
      "bid_depth_100": 97364.94,
      "ask_depth_100": 103894.15,
      "bid_depth_500": 97364.94,
      "ask_depth_500": 103894.15,
      "imbalance": -0.0324,
      "score": 86.7
    },
    "ENA": {
      "tradeable": true,
      "spread_pct": 0.027735,
      "bid_depth_50": 166239.27,
      "ask_depth_50": 249286.05,
      "bid_depth_100": 166239.27,
      "ask_depth_100": 249286.05,
      "bid_depth_500": 166239.27,
      "ask_depth_500": 249286.05,
      "imbalance": -0.1999,
      "score": 78.5
    },
    "ETH": {
      "tradeable": true,
      "spread_pct": 0.00457,
      "bid_depth_50": 6175811.02,
      "ask_depth_50": 9623293.56,
      "bid_depth_100": 6175811.02,
      "ask_depth_100": 9623293.56,
      "bid_depth_500": 6175811.02,
      "ask_depth_500": 9623293.56,
      "imbalance": -0.2182,
      "score": 100
    },
    "FARTCOIN": {
      "tradeable": true,
      "spread_pct": 0.01442,
      "bid_depth_50": 24390.14,
      "ask_depth_50": 54733.78,
      "bid_depth_100": 24390.14,
      "ask_depth_100": 54733.78,
      "bid_depth_500": 24390.14,
      "ask_depth_500": 54733.78,
      "imbalance": -0.3835,
      "score": 76.9
    },
    "HYPE": {
      "tradeable": true,
      "spread_pct": 0.002346,
      "bid_depth_50": 204634.75,
      "ask_depth_50": 109999.28,
      "bid_depth_100": 204634.75,
      "ask_depth_100": 109999.28,
      "bid_depth_500": 204634.75,
      "ask_depth_500": 109999.28,
      "imbalance": 0.3008,
      "score": 91.8
    },
    "INJ": {
      "tradeable": false,
      "spread_pct": 0.065098,
      "bid_depth_50": 40375.01,
      "ask_depth_50": 24038.1,
      "bid_depth_100": 40375.01,
      "ask_depth_100": 24038.1,
      "bid_depth_500": 40375.01,
      "ask_depth_500": 24038.1,
      "imbalance": 0.2536,
      "score": 49.6
    },
    "JUP": {
      "tradeable": true,
      "spread_pct": 0.049143,
      "bid_depth_50": 40177.99,
      "ask_depth_50": 43283.43,
      "bid_depth_100": 40177.99,
      "ask_depth_100": 43283.43,
      "bid_depth_500": 40177.99,
      "ask_depth_500": 43283.43,
      "imbalance": -0.0372,
      "score": 42.3
    },
    "LDO": {
      "tradeable": true,
      "spread_pct": 0.026475,
      "bid_depth_50": 35989.02,
      "ask_depth_50": 49946.93,
      "bid_depth_100": 35989.02,
      "ask_depth_100": 49946.93,
      "bid_depth_500": 35989.02,
      "ask_depth_500": 49946.93,
      "imbalance": -0.1624,
      "score": 65.1
    },
    "LINK": {
      "tradeable": true,
      "spread_pct": 0.017347,
      "bid_depth_50": 93058.77,
      "ask_depth_50": 124492.73,
      "bid_depth_100": 93058.77,
      "ask_depth_100": 124492.73,
      "bid_depth_500": 93058.77,
      "ask_depth_500": 124492.73,
      "imbalance": -0.1445,
      "score": 80.1
    },
    "LTC": {
      "tradeable": true,
      "spread_pct": 0.001785,
      "bid_depth_50": 115158.17,
      "ask_depth_50": 156981.44,
      "bid_depth_100": 115158.17,
      "ask_depth_100": 156981.44,
      "bid_depth_500": 115158.17,
      "ask_depth_500": 156981.44,
      "imbalance": -0.1537,
      "score": 89.9
    },
    "NEAR": {
      "tradeable": true,
      "spread_pct": 0.021434,
      "bid_depth_50": 165794.84,
      "ask_depth_50": 136178.97,
      "bid_depth_100": 165794.84,
      "ask_depth_100": 136178.97,
      "bid_depth_500": 165794.84,
      "ask_depth_500": 136178.97,
      "imbalance": 0.0981,
      "score": 79.8
    },
    "ONDO": {
      "tradeable": true,
      "spread_pct": 0.033905,
      "bid_depth_50": 77163.91,
      "ask_depth_50": 58075.48,
      "bid_depth_100": 77163.91,
      "ask_depth_100": 58075.48,
      "bid_depth_500": 77163.91,
      "ask_depth_500": 58075.48,
      "imbalance": 0.1411,
      "score": 59.9
    },
    "OP": {
      "tradeable": true,
      "spread_pct": 0.015793,
      "bid_depth_50": 77923.22,
      "ask_depth_50": 82178.01,
      "bid_depth_100": 77923.22,
      "ask_depth_100": 82178.01,
      "bid_depth_500": 77923.22,
      "ask_depth_500": 82178.01,
      "imbalance": -0.0266,
      "score": 79.1
    },
    "PAXG": {
      "tradeable": true,
      "spread_pct": 0.002078,
      "bid_depth_50": 243937.36,
      "ask_depth_50": 189551.86,
      "bid_depth_100": 243937.36,
      "ask_depth_100": 189551.86,
      "bid_depth_500": 243937.36,
      "ask_depth_500": 189551.86,
      "imbalance": 0.1255,
      "score": 97.0
    },
    "PUMP": {
      "tradeable": false,
      "spread_pct": 0.051033,
      "bid_depth_50": 379895.7,
      "ask_depth_50": 420051.45,
      "bid_depth_100": 732080.94,