{
  "timestamp": "2026-03-19T13:37:33.561948+00:00",
  "coins": {
    "AAVE": {
      "tradeable": true,
      "spread_pct": 0.044637,
      "bid_depth_50": 213289.78,
      "ask_depth_50": 282038.07,
      "bid_depth_100": 213289.78,
      "ask_depth_100": 282038.07,
      "bid_depth_500": 213289.78,
      "ask_depth_500": 282038.07,
      "imbalance": -0.1388,
      "score": 65.2
    },
    "ADA": {
      "tradeable": true,
      "spread_pct": 0.030315,
      "bid_depth_50": 96899.08,
      "ask_depth_50": 107163.17,
      "bid_depth_100": 96899.08,
      "ask_depth_100": 107163.17,
      "bid_depth_500": 96899.08,
      "ask_depth_500": 107163.17,
      "imbalance": -0.0503,
      "score": 66.5
    },
    "APT": {
      "tradeable": true,
      "spread_pct": 0.021119,
      "bid_depth_50": 62541.67,
      "ask_depth_50": 69416.16,
      "bid_depth_100": 62541.67,
      "ask_depth_100": 69416.16,
      "bid_depth_500": 62541.67,
      "ask_depth_500": 69416.16,
      "imbalance": -0.0521,
      "score": 72.5
    },
    "ARB": {
      "tradeable": true,
      "spread_pct": 0.030449,
      "bid_depth_50": 199296.36,
      "ask_depth_50": 220760.17,
      "bid_depth_100": 199296.36,
      "ask_depth_100": 220760.17,
      "bid_depth_500": 199296.36,
      "ask_depth_500": 220760.17,
      "imbalance": -0.0511,
      "score": 76.0
    },
    "AVAX": {
      "tradeable": true,
      "spread_pct": 0.011698,
      "bid_depth_50": 86691.2,
      "ask_depth_50": 45765.77,
      "bid_depth_100": 86691.2,
      "ask_depth_100": 45765.77,
      "bid_depth_500": 86691.2,
      "ask_depth_500": 45765.77,
      "imbalance": 0.309,
      "score": 82.0
    },
    "BCH": {
      "tradeable": true,
      "spread_pct": 0.002205,
      "bid_depth_50": 121486.77,
      "ask_depth_50": 91366.11,
      "bid_depth_100": 121486.77,
      "ask_depth_100": 91366.11,
      "bid_depth_500": 121486.77,
      "ask_depth_500": 91366.11,
      "imbalance": 0.1415,
      "score": 87.2
    },
    "BNB": {
      "tradeable": true,
      "spread_pct": 0.014101,
      "bid_depth_50": 142175.06,
      "ask_depth_50": 113214.11,
      "bid_depth_100": 142175.06,
      "ask_depth_100": 113214.11,
      "bid_depth_500": 142175.06,
      "ask_depth_500": 113214.11,
      "imbalance": 0.1134,
      "score": 85.0
    },
    "BTC": {
      "tradeable": true,
      "spread_pct": 0.001443,
      "bid_depth_50": 537297.24,
      "ask_depth_50": 22414276.21,
      "bid_depth_100": 537297.24,
      "ask_depth_100": 22414276.21,
      "bid_depth_500": 537297.24,
      "ask_depth_500": 22414276.21,
      "imbalance": -0.9532,
      "score": 100
    },
    "CRV": {
      "tradeable": false,
      "spread_pct": 0.082171,
      "bid_depth_50": 98589.02,
      "ask_depth_50": 102530.6,
      "bid_depth_100": 98589.02,
      "ask_depth_100": 102530.6,
      "bid_depth_500": 98589.02,
      "ask_depth_500": 102530.6,
      "imbalance": -0.0196,
      "score": 54.6
    },
    "DOGE": {
      "tradeable": true,
      "spread_pct": 0.001081,
      "bid_depth_50": 131139.47,
      "ask_depth_50": 312483.5,
      "bid_depth_100": 131139.47,
      "ask_depth_100": 312483.5,
      "bid_depth_500": 131139.47,
      "ask_depth_500": 312483.5,
      "imbalance": -0.4088,
      "score": 97.5
    },
    "DOT": {
      "tradeable": false,
      "spread_pct": 0.099039,
      "bid_depth_50": 126552.85,
      "ask_depth_50": 131266.11,
      "bid_depth_100": 126552.85,
      "ask_depth_100": 131266.11,
      "bid_depth_500": 126552.85,
      "ask_depth_500": 131266.11,
      "imbalance": -0.0183,
      "score": 56.0
    },
    "ENA": {
      "tradeable": true,
      "spread_pct": 0.009789,
      "bid_depth_50": 175022.55,
      "ask_depth_50": 244471.47,
      "bid_depth_100": 175022.55,
      "ask_depth_100": 244471.47,
      "bid_depth_500": 175022.55,
      "ask_depth_500": 244471.47,
      "imbalance": -0.1656,
      "score": 96.4
    },
    "ETH": {
      "tradeable": true,
      "spread_pct": 0.004721,
      "bid_depth_50": 5726410.97,
      "ask_depth_50": 9151642.18,
      "bid_depth_100": 5726410.97,
      "ask_depth_100": 9151642.18,
      "bid_depth_500": 5726410.97,
      "ask_depth_500": 9151642.18,
      "imbalance": -0.2302,
      "score": 100
    },
    "FARTCOIN": {
      "tradeable": true,
      "spread_pct": 0.010473,
      "bid_depth_50": 37230.09,
      "ask_depth_50": 58327.58,
      "bid_depth_100": 37230.09,
      "ask_depth_100": 58327.58,
      "bid_depth_500": 37230.09,
      "ask_depth_500": 58327.58,
      "imbalance": -0.2208,
      "score": 81.6
    },
    "HYPE": {
      "tradeable": true,
      "spread_pct": 0.020527,
      "bid_depth_50": 46969.96,
      "ask_depth_50": 176691.78,
      "bid_depth_100": 46969.96,
      "ask_depth_100": 176691.78,
      "bid_depth_500": 46969.96,
      "ask_depth_500": 176691.78,
      "imbalance": -0.58,
      "score": 77.2
    },
    "INJ": {
      "tradeable": true,
      "spread_pct": 0.020251,
      "bid_depth_50": 150459.16,
      "ask_depth_50": 32114.23,
      "bid_depth_100": 150459.16,
      "ask_depth_100": 37771.98,
      "bid_depth_500": 150459.16,
      "ask_depth_500": 37771.98,
      "imbalance": 0.6482,
      "score": 75.9
    },
    "JUP": {
      "tradeable": false,
      "spread_pct": 0.062913,
      "bid_depth_50": 43210.77,
      "ask_depth_50": 42472.44,
      "bid_depth_100": 43210.77,
      "ask_depth_100": 42472.44,
      "bid_depth_500": 43210.77,
      "ask_depth_500": 42472.44,
      "imbalance": 0.0086,
      "score": 50.7
    },
    "LDO": {
      "tradeable": true,
      "spread_pct": 0.040762,
      "bid_depth_50": 34607.71,
      "ask_depth_50": 61801.94,
      "bid_depth_100": 34607.71,
      "ask_depth_100": 61801.94,
      "bid_depth_500": 34607.71,
      "ask_depth_500": 61801.94,
      "imbalance": -0.2821,
      "score": 51.3
    },
    "LINK": {
      "tradeable": true,
      "spread_pct": 0.02802,
      "bid_depth_50": 109083.3,
      "ask_depth_50": 97961.87,
      "bid_depth_100": 109083.3,
      "ask_depth_100": 97961.87,
      "bid_depth_500": 109083.3,
      "ask_depth_500": 97961.87,
      "imbalance": 0.0537,
      "score": 69.0
    },
    "LTC": {
      "tradeable": true,
      "spread_pct": 0.014598,
      "bid_depth_50": 114243.44,
      "ask_depth_50": 166526.44,
      "bid_depth_100": 114243.44,
      "ask_depth_100": 166526.44,
      "bid_depth_500": 114243.44,
      "ask_depth_500": 166526.44,
      "imbalance": -0.1862,
      "score": 85.7
    },
    "NEAR": {
      "tradeable": true,
      "spread_pct": 0.022642,
      "bid_depth_50": 105316.72,
      "ask_depth_50": 150512.79,
      "bid_depth_100": 105316.72,
      "ask_depth_100": 150512.79,
      "bid_depth_500": 105316.72,
      "ask_depth_500": 150512.79,
      "imbalance": -0.1767,
      "score": 76.5
    },
    "ONDO": {
      "tradeable": true,
      "spread_pct": 0.035171,
      "bid_depth_50": 38726.08,
      "ask_depth_50": 78042.66,
      "bid_depth_100": 38726.08,
      "ask_depth_100": 78042.66,
      "bid_depth_500": 38726.08,
      "ask_depth_500": 78042.66,
      "imbalance": -0.3367,
      "score": 57.8
    },
    "OP": {
      "tradeable": true,
      "spread_pct": 0.049813,
      "bid_depth_50": 103676.17,
      "ask_depth_50": 158795.26,
      "bid_depth_100": 105116.16,
      "ask_depth_100": 224403.5,
      "bid_depth_500": 105116.16,
      "ask_depth_500": 224403.5,
      "imbalance": -0.21,
      "score": 52.6
    },
    "PAXG": {
      "tradeable": true,
      "spread_pct": 0.035075,
      "bid_depth_50": 462436.15,
      "ask_depth_50": 587677.85,
      "bid_depth_100": 462436.15,
      "ask_depth_100": 587677.85,
      "bid_depth_500": 462436.15,
      "ask_depth_500": 587677.85,
      "imbalance": -0.1193,
      "score": 74.9
    },
    "PUMP": {
      "tradeable": false,
      "spread_pct": 0.054157,
      "bid_depth_50": 505616.85,
      "ask_depth_50": 386458.5,
      "bid_depth_100": 853752.86,