{
  "timestamp": "2026-03-18T08:03:31.026775+00:00",
  "coins": {
    "BTC": {
      "tradeable": true,
      "spread_pct": 0.001353,
      "bid_depth_50": 3362865.3,
      "ask_depth_50": 2444925.53,
      "bid_depth_100": 3362865.3,
      "ask_depth_100": 2444925.53,
      "bid_depth_500": 3362865.3,
      "ask_depth_500": 2444925.53,
      "imbalance": 0.1581,
      "score": 100
    },
    "ETH": {
      "tradeable": true,
      "spread_pct": 0.00431,
      "bid_depth_50": 5784770.96,
      "ask_depth_50": 7833689.24,
      "bid_depth_100": 5784770.96,
      "ask_depth_100": 7833689.24,
      "bid_depth_500": 5784770.96,
      "ask_depth_500": 7833689.24,
      "imbalance": -0.1505,
      "score": 100
    },
    "SOL": {
      "tradeable": true,
      "spread_pct": 0.001063,
      "bid_depth_50": 299551.5,
      "ask_depth_50": 564296.62,
      "bid_depth_100": 299551.5,
      "ask_depth_100": 564296.62,
      "bid_depth_500": 299551.5,
      "ask_depth_500": 564296.62,
      "imbalance": -0.3065,
      "score": 100
    },
    "DOGE": {
      "tradeable": true,
      "spread_pct": 0.001003,
      "bid_depth_50": 217516.63,
      "ask_depth_50": 181155.93,
      "bid_depth_100": 217516.63,
      "ask_depth_100": 181155.93,
      "bid_depth_500": 217516.63,
      "ask_depth_500": 181155.93,
      "imbalance": 0.0912,
      "score": 95.5
    },
    "AVAX": {
      "tradeable": true,
      "spread_pct": 0.029227,
      "bid_depth_50": 311791.03,
      "ask_depth_50": 350731.48,
      "bid_depth_100": 311791.03,
      "ask_depth_100": 350731.48,
      "bid_depth_500": 311791.03,
      "ask_depth_500": 350731.48,
      "imbalance": -0.0588,
      "score": 80.8
    },
    "LINK": {
      "tradeable": true,
      "spread_pct": 0.0061,
      "bid_depth_50": 120734.66,
      "ask_depth_50": 148966.13,
      "bid_depth_100": 120734.66,
      "ask_depth_100": 148966.13,
      "bid_depth_500": 120734.66,
      "ask_depth_500": 148966.13,
      "imbalance": -0.1047,
      "score": 89.8
    },
    "ARB": {
      "tradeable": true,
      "spread_pct": 0.018491,
      "bid_depth_50": 143562.6,
      "ask_depth_50": 180615.53,
      "bid_depth_100": 143562.6,
      "ask_depth_100": 180615.53,
      "bid_depth_500": 143562.6,
      "ask_depth_500": 180615.53,
      "imbalance": -0.1143,
      "score": 83.7
    },
    "NEAR": {
      "tradeable": true,
      "spread_pct": 0.02771,
      "bid_depth_50": 155471.03,
      "ask_depth_50": 54881.97,
      "bid_depth_100": 155471.03,
      "ask_depth_100": 54881.97,
      "bid_depth_500": 155471.03,
      "ask_depth_500": 54881.97,
      "imbalance": 0.4782,
      "score": 69.4
    },
    "SUI": {
      "tradeable": true,
      "spread_pct": 0.009712,
      "bid_depth_50": 482554.76,
      "ask_depth_50": 727254.74,
      "bid_depth_100": 482554.76,
      "ask_depth_100": 727254.74,
      "bid_depth_500": 482554.76,
      "ask_depth_500": 727254.74,
      "imbalance": -0.2023,
      "score": 100
    },
    "INJ": {
      "tradeable": true,
      "spread_pct": 0.043379,
      "bid_depth_50": 61722.9,
      "ask_depth_50": 42885.77,
      "bid_depth_100": 61722.9,
      "ask_depth_100": 42885.77,
      "bid_depth_500": 61722.9,
      "ask_depth_500": 42885.77,
      "imbalance": 0.1801,
      "score": 49.0
    }
  }
}