{
  "timestamp": "2026-03-19T14:38:22.025647+00:00",
  "coins": {
    "AAVE": {
      "tradeable": true,
      "spread_pct": 0.017986,
      "bid_depth_50": 244029.66,
      "ask_depth_50": 289834.39,
      "bid_depth_100": 244029.66,
      "ask_depth_100": 289834.39,
      "bid_depth_500": 244029.66,
      "ask_depth_500": 289834.39,
      "imbalance": -0.0858,
      "score": 92.0
    },
    "ADA": {
      "tradeable": true,
      "spread_pct": 0.034066,
      "bid_depth_50": 95382.5,
      "ask_depth_50": 111215.02,
      "bid_depth_100": 95382.5,
      "ask_depth_100": 111215.02,
      "bid_depth_500": 95382.5,
      "ask_depth_500": 111215.02,
      "imbalance": -0.0766,
      "score": 62.9
    },
    "APT": {
      "tradeable": true,
      "spread_pct": 0.032122,
      "bid_depth_50": 89087.02,
      "ask_depth_50": 145753.21,
      "bid_depth_100": 89087.02,
      "ask_depth_100": 145753.21,
      "bid_depth_500": 89087.02,
      "ask_depth_500": 145753.21,
      "imbalance": -0.2413,
      "score": 66.1
    },
    "ARB": {
      "tradeable": true,
      "spread_pct": 0.01016,
      "bid_depth_50": 245345.67,
      "ask_depth_50": 264199.9,
      "bid_depth_100": 245345.67,
      "ask_depth_100": 264199.9,
      "bid_depth_500": 245345.67,
      "ask_depth_500": 264199.9,
      "imbalance": -0.037,
      "score": 99.8
    },
    "AVAX": {
      "tradeable": true,
      "spread_pct": 0.011723,
      "bid_depth_50": 77274.96,
      "ask_depth_50": 48961.19,
      "bid_depth_100": 77274.96,
      "ask_depth_100": 48961.19,
      "bid_depth_500": 77274.96,
      "ask_depth_500": 48961.19,
      "imbalance": 0.2243,
      "score": 81.7
    },
    "BCH": {
      "tradeable": true,
      "spread_pct": 0.010976,
      "bid_depth_50": 84435.76,
      "ask_depth_50": 105656.15,
      "bid_depth_100": 84435.76,
      "ask_depth_100": 105656.15,
      "bid_depth_500": 84435.76,
      "ask_depth_500": 105656.15,
      "imbalance": -0.1116,
      "score": 85.3
    },
    "BNB": {
      "tradeable": true,
      "spread_pct": 0.015728,
      "bid_depth_50": 113605.28,
      "ask_depth_50": 115224.89,
      "bid_depth_100": 113605.28,
      "ask_depth_100": 115224.89,
      "bid_depth_500": 113605.28,
      "ask_depth_500": 115224.89,
      "imbalance": -0.0071,
      "score": 82.2
    },
    "BTC": {
      "tradeable": true,
      "spread_pct": 0.001447,
      "bid_depth_50": 832936.12,
      "ask_depth_50": 8735693.22,
      "bid_depth_100": 832936.12,
      "ask_depth_100": 8735693.22,
      "bid_depth_500": 832936.12,
      "ask_depth_500": 8735693.22,
      "imbalance": -0.8259,
      "score": 100
    },
    "CRV": {
      "tradeable": true,
      "spread_pct": 0.021558,
      "bid_depth_50": 100377.86,
      "ask_depth_50": 103948.86,
      "bid_depth_100": 100377.86,
      "ask_depth_100": 103948.86,
      "bid_depth_500": 100377.86,
      "ask_depth_500": 103948.86,
      "imbalance": -0.0175,
      "score": 75.3
    },
    "DOGE": {
      "tradeable": true,
      "spread_pct": 0.010787,
      "bid_depth_50": 203274.61,
      "ask_depth_50": 287603.53,
      "bid_depth_100": 203274.61,
      "ask_depth_100": 287603.53,
      "bid_depth_500": 203274.61,
      "ask_depth_500": 287603.53,
      "imbalance": -0.1718,
      "score": 98.8
    },
    "DOT": {
      "tradeable": true,
      "spread_pct": 0.046405,
      "bid_depth_50": 77703.55,
      "ask_depth_50": 199652.98,
      "bid_depth_100": 77703.55,
      "ask_depth_100": 199652.98,
      "bid_depth_500": 77703.55,
      "ask_depth_500": 199652.98,
      "imbalance": -0.4397,
      "score": 53.7
    },
    "ENA": {
      "tradeable": true,
      "spread_pct": 0.039588,
      "bid_depth_50": 184276.4,
      "ask_depth_50": 251126.35,
      "bid_depth_100": 184276.4,
      "ask_depth_100": 251126.35,
      "bid_depth_500": 184276.4,
      "ask_depth_500": 251126.35,
      "imbalance": -0.1535,
      "score": 67.5
    },
    "ETH": {
      "tradeable": true,
      "spread_pct": 0.009511,
      "bid_depth_50": 6220546.73,
      "ask_depth_50": 9573169.67,
      "bid_depth_100": 6220546.73,
      "ask_depth_100": 9573169.67,
      "bid_depth_500": 6220546.73,
      "ask_depth_500": 9573169.67,
      "imbalance": -0.2123,
      "score": 100
    },
    "FARTCOIN": {
      "tradeable": true,
      "spread_pct": 0.005295,
      "bid_depth_50": 38354.67,
      "ask_depth_50": 100902.46,
      "bid_depth_100": 38354.67,
      "ask_depth_100": 100902.46,
      "bid_depth_500": 38354.67,
      "ask_depth_500": 100902.46,
      "imbalance": -0.4492,
      "score": 84.0
    },
    "HYPE": {
      "tradeable": true,
      "spread_pct": 0.040914,
      "bid_depth_50": 184448.71,
      "ask_depth_50": 168160.83,
      "bid_depth_100": 184448.71,
      "ask_depth_100": 168160.83,
      "bid_depth_500": 184448.71,
      "ask_depth_500": 168160.83,
      "imbalance": 0.0462,
      "score": 62.5
    },
    "INJ": {
      "tradeable": true,
      "spread_pct": 0.047361,
      "bid_depth_50": 35159.43,
      "ask_depth_50": 32546.51,
      "bid_depth_100": 35159.43,
      "ask_depth_100": 32546.51,
      "bid_depth_500": 35159.43,
      "ask_depth_500": 32546.51,
      "imbalance": 0.0386,
      "score": 43.4
    },
    "JUP": {
      "tradeable": true,
      "spread_pct": 0.044101,
      "bid_depth_50": 37674.51,
      "ask_depth_50": 45772.12,
      "bid_depth_100": 37674.51,
      "ask_depth_100": 45772.12,
      "bid_depth_500": 37674.51,
      "ask_depth_500": 45772.12,
      "imbalance": -0.097,
      "score": 47.4
    },
    "LDO": {
      "tradeable": true,
      "spread_pct": 0.020432,
      "bid_depth_50": 41703.33,
      "ask_depth_50": 59834.18,
      "bid_depth_100": 41703.33,
      "ask_depth_100": 59834.18,
      "bid_depth_500": 41703.33,
      "ask_depth_500": 59834.18,
      "imbalance": -0.1786,
      "score": 71.9
    },
    "LINK": {
      "tradeable": true,
      "spread_pct": 0.001124,
      "bid_depth_50": 187522.86,
      "ask_depth_50": 163408.57,
      "bid_depth_100": 187522.86,
      "ask_depth_100": 163408.57,
      "bid_depth_500": 187522.86,
      "ask_depth_500": 163408.57,
      "imbalance": 0.0687,
      "score": 93.4
    },
    "LTC": {
      "tradeable": true,
      "spread_pct": 0.012743,
      "bid_depth_50": 108941.08,
      "ask_depth_50": 174259.62,
      "bid_depth_100": 108941.08,
      "ask_depth_100": 174259.62,
      "bid_depth_500": 108941.08,
      "ask_depth_500": 174259.62,
      "imbalance": -0.2306,
      "score": 87.6
    },
    "NEAR": {
      "tradeable": true,
      "spread_pct": 0.030066,
      "bid_depth_50": 98508.26,
      "ask_depth_50": 182349.78,
      "bid_depth_100": 98508.26,
      "ask_depth_100": 182349.78,
      "bid_depth_500": 98508.26,
      "ask_depth_500": 182349.78,
      "imbalance": -0.2985,
      "score": 70.2
    },
    "ONDO": {
      "tradeable": false,
      "spread_pct": 0.054707,
      "bid_depth_50": 51751.18,
      "ask_depth_50": 70340.72,
      "bid_depth_100": 51751.18,
      "ask_depth_100": 70340.72,
      "bid_depth_500": 51751.18,
      "ask_depth_500": 70340.72,
      "imbalance": -0.1523,
      "score": 52.9
    },
    "OP": {
      "tradeable": true,
      "spread_pct": 0.008352,
      "bid_depth_50": 102412.72,
      "ask_depth_50": 107050.36,
      "bid_depth_100": 102412.72,
      "ask_depth_100": 110257.96,
      "bid_depth_500": 102412.72,
      "ask_depth_500": 110257.96,
      "imbalance": -0.0221,
      "score": 87.2
    },
    "PAXG": {
      "tradeable": true,
      "spread_pct": 0.008673,
      "bid_depth_50": 455265.83,
      "ask_depth_50": 434437.07,
      "bid_depth_100": 455265.83,
      "ask_depth_100": 434437.07,
      "bid_depth_500": 455265.83,
      "ask_depth_500": 434437.07,
      "imbalance": 0.0234,
      "score": 100
    },
    "PUMP": {
      "tradeable": false,
      "spread_pct": 0.109769,
      "bid_depth_50": 408694.52,
      "ask_depth_50": 497033.51,
      "bid_depth_100": 755692.86,