{
  "timestamp": "2026-03-26T14:17:05.806428+00:00",
  "coins": {
    "AAVE": {
      "tradeable": true,
      "spread_pct": 0.009352,
      "bid_depth_50": 321423.72,
      "ask_depth_50": 415229.89,
      "bid_depth_100": 321423.72,
      "ask_depth_100": 415229.89,
      "bid_depth_500": 321423.72,
      "ask_depth_500": 415229.89,
      "imbalance": -0.1273,
      "score": 100
    },
    "ADA": {
      "tradeable": true,
      "spread_pct": 0.011641,
      "bid_depth_50": 130411.07,
      "ask_depth_50": 105076.6,
      "bid_depth_100": 130411.07,
      "ask_depth_100": 105076.6,
      "bid_depth_500": 130411.07,
      "ask_depth_500": 105076.6,
      "imbalance": 0.1076,
      "score": 86.6
    },
    "APT": {
      "tradeable": true,
      "spread_pct": 0.009579,
      "bid_depth_50": 116622.58,
      "ask_depth_50": 102994.7,
      "bid_depth_100": 116622.58,
      "ask_depth_100": 102994.7,
      "bid_depth_500": 116622.58,
      "ask_depth_500": 102994.7,
      "imbalance": 0.0621,
      "score": 87.5
    },
    "ARB": {
      "tradeable": true,
      "spread_pct": 0.031611,
      "bid_depth_50": 222630.08,
      "ask_depth_50": 229329.1,
      "bid_depth_100": 222630.08,
      "ask_depth_100": 229329.1,
      "bid_depth_500": 222630.08,
      "ask_depth_500": 229329.1,
      "imbalance": -0.0148,
      "score": 76.3
    },
    "AVAX": {
      "tradeable": true,
      "spread_pct": 0.020495,
      "bid_depth_50": 64132.5,
      "ask_depth_50": 104209.17,
      "bid_depth_100": 64132.5,
      "ask_depth_100": 104209.17,
      "bid_depth_500": 64132.5,
      "ask_depth_500": 104209.17,
      "imbalance": -0.2381,
      "score": 74.8
    },
    "BCH": {
      "tradeable": true,
      "spread_pct": 0.010794,
      "bid_depth_50": 83109.24,
      "ask_depth_50": 77724.98,
      "bid_depth_100": 83109.24,
      "ask_depth_100": 77724.98,
      "bid_depth_500": 83109.24,
      "ask_depth_500": 77724.98,
      "imbalance": 0.0335,
      "score": 84.1
    },
    "BNB": {
      "tradeable": true,
      "spread_pct": 0.012675,
      "bid_depth_50": 90235.75,
      "ask_depth_50": 94320.41,
      "bid_depth_100": 90235.75,
      "ask_depth_100": 94320.41,
      "bid_depth_500": 90235.75,
      "ask_depth_500": 94320.41,
      "imbalance": -0.0221,
      "score": 83.3
    },
    "BTC": {
      "tradeable": true,
      "spread_pct": 0.001437,
      "bid_depth_50": 4418527.29,
      "ask_depth_50": 2280567.02,
      "bid_depth_100": 4418527.29,
      "ask_depth_100": 2280567.02,
      "bid_depth_500": 4418527.29,
      "ask_depth_500": 2280567.02,
      "imbalance": 0.3191,
      "score": 100
    },
    "CRV": {
      "tradeable": true,
      "spread_pct": 0.026952,
      "bid_depth_50": 61738.18,
      "ask_depth_50": 76635.05,
      "bid_depth_100": 61738.18,
      "ask_depth_100": 76635.05,
      "bid_depth_500": 61738.18,
      "ask_depth_500": 76635.05,
      "imbalance": -0.1077,
      "score": 67.0
    },
    "DOGE": {
      "tradeable": true,
      "spread_pct": 0.001091,
      "bid_depth_50": 157807.23,
      "ask_depth_50": 143548.13,
      "bid_depth_100": 157807.23,
      "ask_depth_100": 143548.13,
      "bid_depth_500": 157807.23,
      "ask_depth_500": 143548.13,
      "imbalance": 0.0473,
      "score": 91.2
    },
    "DOT": {
      "tradeable": true,
      "spread_pct": 0.03761,
      "bid_depth_50": 81791.35,
      "ask_depth_50": 86488.29,
      "bid_depth_100": 81791.35,
      "ask_depth_100": 86488.29,
      "bid_depth_500": 81791.35,
      "ask_depth_500": 86488.29,
      "imbalance": -0.0279,
      "score": 57.6
    },
    "ENA": {
      "tradeable": true,
      "spread_pct": 0.028309,
      "bid_depth_50": 97871.2,
      "ask_depth_50": 76653.5,
      "bid_depth_100": 97871.2,
      "ask_depth_100": 76653.5,
      "bid_depth_500": 97871.2,
      "ask_depth_500": 76653.5,
      "imbalance": 0.1216,
      "score": 67.2
    },
    "ETH": {
      "tradeable": true,
      "spread_pct": 0.00481,
      "bid_depth_50": 9073624.55,
      "ask_depth_50": 8364033.47,
      "bid_depth_100": 9073624.55,
      "ask_depth_100": 8364033.47,
      "bid_depth_500": 9073624.55,
      "ask_depth_500": 8364033.47,
      "imbalance": 0.0407,
      "score": 100
    },
    "FARTCOIN": {
      "tradeable": true,
      "spread_pct": 0.038879,
      "bid_depth_50": 68408.9,
      "ask_depth_50": 64208.93,
      "bid_depth_100": 68408.9,
      "ask_depth_100": 64208.93,
      "bid_depth_500": 68408.9,
      "ask_depth_500": 64208.93,
      "imbalance": 0.0317,
      "score": 54.8
    },
    "HYPE": {
      "tradeable": true,
      "spread_pct": 0.017732,
      "bid_depth_50": 100514.17,
      "ask_depth_50": 112745.09,
      "bid_depth_100": 100514.17,
      "ask_depth_100": 112745.09,
      "bid_depth_500": 100514.17,
      "ask_depth_500": 112745.09,
      "imbalance": -0.0574,
      "score": 79.5
    },
    "INJ": {
      "tradeable": true,
      "spread_pct": 0.036882,
      "bid_depth_50": 22846.86,
      "ask_depth_50": 43685.35,
      "bid_depth_100": 191297.08,
      "ask_depth_100": 43685.35,
      "bid_depth_500": 191297.08,
      "ask_depth_500": 43685.35,
      "imbalance": -0.3132,
      "score": 61.3
    },
    "JUP": {
      "tradeable": true,
      "spread_pct": 0.046427,
      "bid_depth_50": 50553.59,
      "ask_depth_50": 41539.76,
      "bid_depth_100": 50553.59,
      "ask_depth_100": 41539.76,
      "bid_depth_500": 50553.59,
      "ask_depth_500": 41539.76,
      "imbalance": 0.0979,
      "score": 45.4
    },
    "LDO": {
      "tradeable": true,
      "spread_pct": 0.041439,
      "bid_depth_50": 29936.43,
      "ask_depth_50": 58170.0,
      "bid_depth_100": 29936.43,
      "ask_depth_100": 58170.0,
      "bid_depth_500": 29936.43,
      "ask_depth_500": 58170.0,
      "imbalance": -0.3204,
      "score": 50.3
    },
    "LINK": {
      "tradeable": true,
      "spread_pct": 0.016694,
      "bid_depth_50": 104439.63,
      "ask_depth_50": 100664.81,
      "bid_depth_100": 104439.63,
      "ask_depth_100": 100664.81,
      "bid_depth_500": 104439.63,
      "ask_depth_500": 100664.81,
      "imbalance": 0.0184,
      "score": 80.2
    },
    "LTC": {
      "tradeable": true,
      "spread_pct": 0.005448,
      "bid_depth_50": 88641.54,
      "ask_depth_50": 121993.61,
      "bid_depth_100": 88641.54,
      "ask_depth_100": 121993.61,
      "bid_depth_500": 88641.54,
      "ask_depth_500": 121993.61,
      "imbalance": -0.1583,
      "score": 87.1
    },
    "NEAR": {
      "tradeable": true,
      "spread_pct": 0.024261,
      "bid_depth_50": 128082.19,
      "ask_depth_50": 112042.55,
      "bid_depth_100": 128082.19,
      "ask_depth_100": 112042.55,
      "bid_depth_500": 128082.19,
      "ask_depth_500": 112042.55,
      "imbalance": 0.0668,
      "score": 74.2
    },
    "ONDO": {
      "tradeable": false,
      "spread_pct": 0.060941,
      "bid_depth_50": 47882.01,
      "ask_depth_50": 80722.43,
      "bid_depth_100": 47882.01,
      "ask_depth_100": 80722.43,
      "bid_depth_500": 47882.01,
      "ask_depth_500": 80722.43,
      "imbalance": -0.2554,
      "score": 52.8
    },
    "OP": {
      "tradeable": true,
      "spread_pct": 0.036667,
      "bid_depth_50": 53538.17,
      "ask_depth_50": 126957.59,
      "bid_depth_100": 103389.76,
      "ask_depth_100": 142252.35,
      "bid_depth_500": 103437.16,
      "ask_depth_500": 142252.35,
      "imbalance": -0.4068,
      "score": 62.0
    },
    "PAXG": {
      "tradeable": true,
      "spread_pct": 0.002243,
      "bid_depth_50": 291498.73,
      "ask_depth_50": 228406.67,
      "bid_depth_100": 291498.73,
      "ask_depth_100": 228406.67,
      "bid_depth_500": 291498.73,
      "ask_depth_500": 228406.67,
      "imbalance": 0.1214,
      "score": 100
    },
    "PUMP": {
      "tradeable": false,
      "spread_pct": 0.056038,
      "bid_depth_50": 285385.09,
      "ask_depth_50": 297283.86,
      "bid_depth_100": 568389.0,
      "ask_depth_100": 662917.49,