{
  "timestamp": "2026-03-18T20:18:27.012722+00:00",
  "coins": {
    "AAVE": {
      "tradeable": true,
      "spread_pct": 0.017598,
      "bid_depth_50": 243344.1,
      "ask_depth_50": 178391.87,
      "bid_depth_100": 243344.1,
      "ask_depth_100": 178391.87,
      "bid_depth_500": 243344.1,
      "ask_depth_500": 178391.87,
      "imbalance": 0.154,
      "score": 88.9
    },
    "ADA": {
      "tradeable": true,
      "spread_pct": 0.02208,
      "bid_depth_50": 117249.48,
      "ask_depth_50": 115219.21,
      "bid_depth_100": 117249.48,
      "ask_depth_100": 115219.21,
      "bid_depth_500": 117249.48,
      "ask_depth_500": 115219.21,
      "imbalance": 0.0087,
      "score": 76.0
    },
    "APT": {
      "tradeable": true,
      "spread_pct": 0.021,
      "bid_depth_50": 108971.59,
      "ask_depth_50": 63499.05,
      "bid_depth_100": 108971.59,
      "ask_depth_100": 63499.05,
      "bid_depth_500": 108971.59,
      "ask_depth_500": 63499.05,
      "imbalance": 0.2637,
      "score": 74.4
    },
    "ARB": {
      "tradeable": true,
      "spread_pct": 0.009845,
      "bid_depth_50": 227513.02,
      "ask_depth_50": 160237.45,
      "bid_depth_100": 227513.02,
      "ask_depth_100": 160237.45,
      "bid_depth_500": 227513.02,
      "ask_depth_500": 160237.45,
      "imbalance": 0.1735,
      "score": 95.0
    },
    "AVAX": {
      "tradeable": true,
      "spread_pct": 0.019762,
      "bid_depth_50": 109447.09,
      "ask_depth_50": 113446.23,
      "bid_depth_100": 109447.09,
      "ask_depth_100": 113446.23,
      "bid_depth_500": 109447.09,
      "ask_depth_500": 113446.23,
      "imbalance": -0.0179,
      "score": 77.9
    },
    "BCH": {
      "tradeable": true,
      "spread_pct": 0.024287,
      "bid_depth_50": 128343.59,
      "ask_depth_50": 91601.75,
      "bid_depth_100": 128343.59,
      "ask_depth_100": 91601.75,
      "bid_depth_500": 128343.59,
      "ask_depth_500": 91601.75,
      "imbalance": 0.167,
      "score": 73.3
    },
    "BNB": {
      "tradeable": true,
      "spread_pct": 0.017003,
      "bid_depth_50": 129403.32,
      "ask_depth_50": 88057.65,
      "bid_depth_100": 129403.32,
      "ask_depth_100": 88057.65,
      "bid_depth_500": 129403.32,
      "ask_depth_500": 88057.65,
      "imbalance": 0.1901,
      "score": 80.4
    },
    "BTC": {
      "tradeable": true,
      "spread_pct": 0.001412,
      "bid_depth_50": 2704400.0,
      "ask_depth_50": 4728874.52,
      "bid_depth_100": 2704400.0,
      "ask_depth_100": 4728874.52,
      "bid_depth_500": 2704400.0,
      "ask_depth_500": 4728874.52,
      "imbalance": -0.2724,
      "score": 100
    },
    "CRV": {
      "tradeable": true,
      "spread_pct": 0.029319,
      "bid_depth_50": 99960.96,
      "ask_depth_50": 110684.82,
      "bid_depth_100": 99960.96,
      "ask_depth_100": 110684.82,
      "bid_depth_500": 99960.96,
      "ask_depth_500": 110684.82,
      "imbalance": -0.0509,
      "score": 67.8
    },
    "DOGE": {
      "tradeable": true,
      "spread_pct": 0.009524,
      "bid_depth_50": 182466.62,
      "ask_depth_50": 328523.63,
      "bid_depth_100": 182466.62,
      "ask_depth_100": 328523.63,
      "bid_depth_500": 182466.62,
      "ask_depth_500": 328523.63,
      "imbalance": -0.2858,
      "score": 100
    },
    "DOT": {
      "tradeable": true,
      "spread_pct": 0.032286,
      "bid_depth_50": 72600.73,
      "ask_depth_50": 108481.54,
      "bid_depth_100": 72600.73,
      "ask_depth_100": 108481.54,
      "bid_depth_500": 72600.73,
      "ask_depth_500": 108481.54,
      "imbalance": -0.1981,
      "score": 63.5
    },
    "ENA": {
      "tradeable": true,
      "spread_pct": 0.018599,
      "bid_depth_50": 167302.35,
      "ask_depth_50": 200557.6,
      "bid_depth_100": 167302.35,
      "ask_depth_100": 200557.6,
      "bid_depth_500": 167302.35,
      "ask_depth_500": 200557.6,
      "imbalance": -0.0904,
      "score": 85.5
    },
    "ETH": {
      "tradeable": true,
      "spread_pct": 0.004599,
      "bid_depth_50": 6607099.42,
      "ask_depth_50": 7551397.21,
      "bid_depth_100": 6607099.42,
      "ask_depth_100": 7551397.21,
      "bid_depth_500": 6607099.42,
      "ask_depth_500": 7551397.21,
      "imbalance": -0.0667,
      "score": 100
    },
    "FARTCOIN": {
      "tradeable": true,
      "spread_pct": 0.034799,
      "bid_depth_50": 27467.89,
      "ask_depth_50": 65185.3,
      "bid_depth_100": 27467.89,
      "ask_depth_100": 65185.3,
      "bid_depth_500": 27467.89,
      "ask_depth_500": 65185.3,
      "imbalance": -0.4071,
      "score": 57.1
    },
    "HYPE": {
      "tradeable": true,
      "spread_pct": 0.009442,
      "bid_depth_50": 383276.18,
      "ask_depth_50": 184256.19,
      "bid_depth_100": 383276.18,
      "ask_depth_100": 184256.19,
      "bid_depth_500": 383276.18,
      "ask_depth_500": 184256.19,
      "imbalance": 0.3507,
      "score": 100
    },
    "INJ": {
      "tradeable": false,
      "spread_pct": 0.055731,
      "bid_depth_50": 35582.83,
      "ask_depth_50": 31558.81,
      "bid_depth_100": 146087.18,
      "ask_depth_100": 35262.39,
      "bid_depth_500": 146087.18,
      "ask_depth_500": 35262.39,
      "imbalance": 0.0599,
      "score": 55.5
    },
    "JUP": {
      "tradeable": true,
      "spread_pct": 0.012351,
      "bid_depth_50": 51069.97,
      "ask_depth_50": 32255.83,
      "bid_depth_100": 51069.97,
      "ask_depth_100": 32255.83,
      "bid_depth_500": 51069.97,
      "ask_depth_500": 32255.83,
      "imbalance": 0.2258,
      "score": 79.1
    },
    "LDO": {
      "tradeable": true,
      "spread_pct": 0.026621,
      "bid_depth_50": 29594.0,
      "ask_depth_50": 74534.76,
      "bid_depth_100": 29594.0,
      "ask_depth_100": 74534.76,
      "bid_depth_500": 29594.0,
      "ask_depth_500": 74534.76,
      "imbalance": -0.4316,
      "score": 65.8
    },
    "LINK": {
      "tradeable": true,
      "spread_pct": 0.008741,
      "bid_depth_50": 125829.06,
      "ask_depth_50": 134361.67,
      "bid_depth_100": 125829.06,
      "ask_depth_100": 134361.67,
      "bid_depth_500": 125829.06,
      "ask_depth_500": 134361.67,
      "imbalance": -0.0328,
      "score": 89.3
    },
    "LTC": {
      "tradeable": true,
      "spread_pct": 0.014348,
      "bid_depth_50": 125452.97,
      "ask_depth_50": 160169.33,
      "bid_depth_100": 125452.97,
      "ask_depth_100": 160169.33,
      "bid_depth_500": 125452.97,
      "ask_depth_500": 160169.33,
      "imbalance": -0.1215,
      "score": 86.1
    },
    "NEAR": {
      "tradeable": true,
      "spread_pct": 0.007203,
      "bid_depth_50": 144531.76,
      "ask_depth_50": 123538.66,
      "bid_depth_100": 144531.76,
      "ask_depth_100": 123538.66,
      "bid_depth_500": 144531.76,
      "ask_depth_500": 123538.66,
      "imbalance": 0.0783,
      "score": 89.7
    },
    "ONDO": {
      "tradeable": true,
      "spread_pct": 0.030328,
      "bid_depth_50": 78253.19,
      "ask_depth_50": 52313.28,
      "bid_depth_100": 78253.19,
      "ask_depth_100": 52313.28,
      "bid_depth_500": 78253.19,
      "ask_depth_500": 52313.28,
      "imbalance": 0.1987,
      "score": 63.3
    },
    "OP": {
      "tradeable": true,
      "spread_pct": 0.007956,
      "bid_depth_50": 66661.46,
      "ask_depth_50": 79274.99,
      "bid_depth_100": 66661.46,
      "ask_depth_100": 79274.99,
      "bid_depth_500": 66661.46,
      "ask_depth_500": 79274.99,
      "imbalance": -0.0864,
      "score": 84.3
    },
    "PAXG": {
      "tradeable": true,
      "spread_pct": 0.022852,
      "bid_depth_50": 404414.93,
      "ask_depth_50": 544423.03,
      "bid_depth_100": 404414.93,
      "ask_depth_100": 544423.03,
      "bid_depth_500": 404414.93,
      "ask_depth_500": 544423.03,
      "imbalance": -0.1476,
      "score": 87.1
    },
    "PUMP": {
      "tradeable": false,
      "spread_pct": 0.102987,
      "bid_depth_50": 363618.19,
      "ask_depth_50": 372191.44,
      "bid_depth_100": 706978.29,