{
  "timestamp": "2026-03-24T12:02:24.096653+00:00",
  "coins": {
    "AAVE": {
      "tradeable": true,
      "spread_pct": 0.027165,
      "bid_depth_50": 297602.16,
      "ask_depth_50": 269985.19,
      "bid_depth_100": 297602.16,
      "ask_depth_100": 269985.19,
      "bid_depth_500": 297602.16,
      "ask_depth_500": 269985.19,
      "imbalance": 0.0487,
      "score": 82.8
    },
    "ADA": {
      "tradeable": true,
      "spread_pct": 0.026625,
      "bid_depth_50": 129693.95,
      "ask_depth_50": 161964.67,
      "bid_depth_100": 129693.95,
      "ask_depth_100": 161964.67,
      "bid_depth_500": 129693.95,
      "ask_depth_500": 161964.67,
      "imbalance": -0.1106,
      "score": 74.1
    },
    "APT": {
      "tradeable": true,
      "spread_pct": 0.028454,
      "bid_depth_50": 74722.83,
      "ask_depth_50": 63539.66,
      "bid_depth_100": 74722.83,
      "ask_depth_100": 63539.66,
      "bid_depth_500": 74722.83,
      "ask_depth_500": 63539.66,
      "imbalance": 0.0809,
      "score": 65.5
    },
    "ARB": {
      "tradeable": true,
      "spread_pct": 0.01035,
      "bid_depth_50": 146225.62,
      "ask_depth_50": 122933.55,
      "bid_depth_100": 146225.62,
      "ask_depth_100": 122933.55,
      "bid_depth_500": 146225.62,
      "ask_depth_500": 122933.55,
      "imbalance": 0.0865,
      "score": 89.4
    },
    "AVAX": {
      "tradeable": true,
      "spread_pct": 0.007349,
      "bid_depth_50": 39001.61,
      "ask_depth_50": 59672.26,
      "bid_depth_100": 39001.61,
      "ask_depth_100": 59672.26,
      "bid_depth_500": 39001.61,
      "ask_depth_500": 59672.26,
      "imbalance": -0.2095,
      "score": 82.2
    },
    "BCH": {
      "tradeable": true,
      "spread_pct": 0.023273,
      "bid_depth_50": 51883.0,
      "ask_depth_50": 83097.22,
      "bid_depth_100": 51883.0,
      "ask_depth_100": 83097.22,
      "bid_depth_500": 51883.0,
      "ask_depth_500": 83097.22,
      "imbalance": -0.2313,
      "score": 70.5
    },
    "BNB": {
      "tradeable": true,
      "spread_pct": 0.00627,
      "bid_depth_50": 88004.01,
      "ask_depth_50": 90877.27,
      "bid_depth_100": 88004.01,
      "ask_depth_100": 90877.27,
      "bid_depth_500": 88004.01,
      "ask_depth_500": 90877.27,
      "imbalance": -0.0161,
      "score": 85.7
    },
    "BTC": {
      "tradeable": true,
      "spread_pct": 0.001408,
      "bid_depth_50": 3234340.15,
      "ask_depth_50": 2896757.15,
      "bid_depth_100": 3234340.15,
      "ask_depth_100": 2896757.15,
      "bid_depth_500": 3234340.15,
      "ask_depth_500": 2896757.15,
      "imbalance": 0.0551,
      "score": 100
    },
    "CRV": {
      "tradeable": true,
      "spread_pct": 0.017779,
      "bid_depth_50": 97301.33,
      "ask_depth_50": 86935.14,
      "bid_depth_100": 97301.33,
      "ask_depth_100": 86935.14,
      "bid_depth_500": 97301.33,
      "ask_depth_500": 86935.14,
      "imbalance": 0.0563,
      "score": 78.2
    },
    "DOGE": {
      "tradeable": true,
      "spread_pct": 0.001064,
      "bid_depth_50": 126880.01,
      "ask_depth_50": 148393.48,
      "bid_depth_100": 126880.01,
      "ask_depth_100": 148393.48,
      "bid_depth_500": 126880.01,
      "ask_depth_500": 148393.48,
      "imbalance": -0.0782,
      "score": 90.0
    },
    "DOT": {
      "tradeable": true,
      "spread_pct": 0.028756,
      "bid_depth_50": 120498.09,
      "ask_depth_50": 122870.92,
      "bid_depth_100": 120498.09,
      "ask_depth_100": 122870.92,
      "bid_depth_500": 120498.09,
      "ask_depth_500": 122870.92,
      "imbalance": -0.0097,
      "score": 69.8
    },
    "ENA": {
      "tradeable": true,
      "spread_pct": 0.022114,
      "bid_depth_50": 104166.99,
      "ask_depth_50": 71956.46,
      "bid_depth_100": 104166.99,
      "ask_depth_100": 71956.46,
      "bid_depth_500": 104166.99,
      "ask_depth_500": 71956.46,
      "imbalance": 0.1829,
      "score": 73.5
    },
    "ETH": {
      "tradeable": true,
      "spread_pct": 0.004623,
      "bid_depth_50": 8629118.44,
      "ask_depth_50": 7682954.82,
      "bid_depth_100": 8629118.44,
      "ask_depth_100": 7682954.82,
      "bid_depth_500": 8629118.44,
      "ask_depth_500": 7682954.82,
      "imbalance": 0.058,
      "score": 100
    },
    "FARTCOIN": {
      "tradeable": false,
      "spread_pct": 0.055577,
      "bid_depth_50": 92053.85,
      "ask_depth_50": 49525.02,
      "bid_depth_100": 92053.85,
      "ask_depth_100": 49525.02,
      "bid_depth_500": 92053.85,
      "ask_depth_500": 49525.02,
      "imbalance": 0.3004,
      "score": 53.7
    },
    "HYPE": {
      "tradeable": true,
      "spread_pct": 0.002593,
      "bid_depth_50": 189109.38,
      "ask_depth_50": 173757.45,
      "bid_depth_100": 189109.38,
      "ask_depth_100": 173757.45,
      "bid_depth_500": 189109.38,
      "ask_depth_500": 173757.45,
      "imbalance": 0.0423,
      "score": 93.9
    },
    "INJ": {
      "tradeable": true,
      "spread_pct": 0.03607,
      "bid_depth_50": 29219.85,
      "ask_depth_50": 53416.56,
      "bid_depth_100": 87758.86,
      "ask_depth_100": 53416.56,
      "bid_depth_500": 87758.86,
      "ask_depth_500": 53416.56,
      "imbalance": -0.2928,
      "score": 58.0
    },
    "JUP": {
      "tradeable": true,
      "spread_pct": 0.025796,
      "bid_depth_50": 54027.42,
      "ask_depth_50": 26373.59,
      "bid_depth_100": 54027.42,
      "ask_depth_100": 26373.59,
      "bid_depth_500": 54027.42,
      "ask_depth_500": 26373.59,
      "imbalance": 0.3439,
      "score": 65.6
    },
    "LDO": {
      "tradeable": true,
      "spread_pct": 0.013695,
      "bid_depth_50": 58097.9,
      "ask_depth_50": 41923.97,
      "bid_depth_100": 58097.9,
      "ask_depth_100": 41923.97,
      "bid_depth_500": 58097.9,
      "ask_depth_500": 41923.97,
      "imbalance": 0.1617,
      "score": 78.5
    },
    "LINK": {
      "tradeable": true,
      "spread_pct": 0.001084,
      "bid_depth_50": 122141.3,
      "ask_depth_50": 98059.86,
      "bid_depth_100": 122141.3,
      "ask_depth_100": 98059.86,
      "bid_depth_500": 122141.3,
      "ask_depth_500": 98059.86,
      "imbalance": 0.1094,
      "score": 87.6
    },
    "LTC": {
      "tradeable": true,
      "spread_pct": 0.007186,
      "bid_depth_50": 99448.47,
      "ask_depth_50": 128552.47,
      "bid_depth_100": 99448.47,
      "ask_depth_100": 128552.47,
      "bid_depth_500": 99448.47,
      "ask_depth_500": 128552.47,
      "imbalance": -0.1276,
      "score": 87.9
    },
    "NEAR": {
      "tradeable": true,
      "spread_pct": 0.007722,
      "bid_depth_50": 142070.36,
      "ask_depth_50": 97813.74,
      "bid_depth_100": 142070.36,
      "ask_depth_100": 97813.74,
      "bid_depth_500": 142070.36,
      "ask_depth_500": 97813.74,
      "imbalance": 0.1845,
      "score": 88.4
    },
    "ONDO": {
      "tradeable": true,
      "spread_pct": 0.011648,
      "bid_depth_50": 66381.76,
      "ask_depth_50": 54960.95,
      "bid_depth_100": 66381.76,
      "ask_depth_100": 54960.95,
      "bid_depth_500": 66381.76,
      "ask_depth_500": 54960.95,
      "imbalance": 0.0941,
      "score": 81.5
    },
    "OP": {
      "tradeable": false,
      "spread_pct": 0.069948,
      "bid_depth_50": 91931.63,
      "ask_depth_50": 79581.42,
      "bid_depth_100": 91931.63,
      "ask_depth_100": 79581.42,
      "bid_depth_500": 91931.63,
      "ask_depth_500": 79581.42,
      "imbalance": 0.072,
      "score": 54.1
    },
    "PAXG": {
      "tradeable": true,
      "spread_pct": 0.018126,
      "bid_depth_50": 463204.89,
      "ask_depth_50": 456070.88,
      "bid_depth_100": 463204.89,
      "ask_depth_100": 456070.88,
      "bid_depth_500": 463204.89,
      "ask_depth_500": 456070.88,
      "imbalance": 0.0078,
      "score": 91.9
    },
    "PUMP": {
      "tradeable": false,
      "spread_pct": 0.055664,
      "bid_depth_50": 388455.3,
      "ask_depth_50": 355856.03,
      "bid_depth_100": 678544.43,
      "ask_depth_100": 681629.56,