{
  "timestamp": "2026-03-25T06:03:19.358822+00:00",
  "coins": {
    "AAVE": {
      "tradeable": true,
      "spread_pct": 0.008907,
      "bid_depth_50": 416820.73,
      "ask_depth_50": 359096.07,
      "bid_depth_100": 416820.73,
      "ask_depth_100": 359096.07,
      "bid_depth_500": 416820.73,
      "ask_depth_500": 359096.07,
      "imbalance": 0.0744,
      "score": 100
    },
    "ADA": {
      "tradeable": true,
      "spread_pct": 0.022356,
      "bid_depth_50": 126220.62,
      "ask_depth_50": 126948.21,
      "bid_depth_100": 126220.62,
      "ask_depth_100": 126948.21,
      "bid_depth_500": 126220.62,
      "ask_depth_500": 126948.21,
      "imbalance": -0.0029,
      "score": 76.7
    },
    "APT": {
      "tradeable": true,
      "spread_pct": 0.028343,
      "bid_depth_50": 73628.84,
      "ask_depth_50": 78270.46,
      "bid_depth_100": 73628.84,
      "ask_depth_100": 78270.46,
      "bid_depth_500": 73628.84,
      "ask_depth_500": 78270.46,
      "imbalance": -0.0306,
      "score": 66.2
    },
    "ARB": {
      "tradeable": true,
      "spread_pct": 0.030558,
      "bid_depth_50": 216001.87,
      "ask_depth_50": 184338.16,
      "bid_depth_100": 216001.87,
      "ask_depth_100": 184338.16,
      "bid_depth_500": 216001.87,
      "ask_depth_500": 184338.16,
      "imbalance": 0.0791,
      "score": 75.0
    },
    "AVAX": {
      "tradeable": true,
      "spread_pct": 0.00415,
      "bid_depth_50": 49893.54,
      "ask_depth_50": 79288.87,
      "bid_depth_100": 49893.54,
      "ask_depth_100": 79288.87,
      "bid_depth_500": 49893.54,
      "ask_depth_500": 79288.87,
      "imbalance": -0.2275,
      "score": 83.5
    },
    "BCH": {
      "tradeable": true,
      "spread_pct": 0.010479,
      "bid_depth_50": 70435.93,
      "ask_depth_50": 82734.34,
      "bid_depth_100": 70435.93,
      "ask_depth_100": 82734.34,
      "bid_depth_500": 70435.93,
      "ask_depth_500": 82734.34,
      "imbalance": -0.0803,
      "score": 84.1
    },
    "BNB": {
      "tradeable": true,
      "spread_pct": 0.001553,
      "bid_depth_50": 80207.12,
      "ask_depth_50": 71448.06,
      "bid_depth_100": 80207.12,
      "ask_depth_100": 71448.06,
      "bid_depth_500": 80207.12,
      "ask_depth_500": 71448.06,
      "imbalance": 0.0578,
      "score": 84.5
    },
    "BTC": {
      "tradeable": true,
      "spread_pct": 0.001408,
      "bid_depth_50": 4739832.99,
      "ask_depth_50": 3147595.91,
      "bid_depth_100": 4739832.99,
      "ask_depth_100": 3147595.91,
      "bid_depth_500": 4739832.99,
      "ask_depth_500": 3147595.91,
      "imbalance": 0.2019,
      "score": 100
    },
    "CRV": {
      "tradeable": true,
      "spread_pct": 0.017013,
      "bid_depth_50": 26517.05,
      "ask_depth_50": 83673.0,
      "bid_depth_100": 26517.05,
      "ask_depth_100": 83673.0,
      "bid_depth_500": 26517.05,
      "ask_depth_500": 83673.0,
      "imbalance": -0.5187,
      "score": 75.7
    },
    "DOGE": {
      "tradeable": true,
      "spread_pct": 0.012454,
      "bid_depth_50": 340954.26,
      "ask_depth_50": 102486.49,
      "bid_depth_100": 340954.26,
      "ask_depth_100": 102486.49,
      "bid_depth_500": 340954.26,
      "ask_depth_500": 102486.49,
      "imbalance": 0.5378,
      "score": 95.0
    },
    "DOT": {
      "tradeable": true,
      "spread_pct": 0.02165,
      "bid_depth_50": 87900.64,
      "ask_depth_50": 172167.74,
      "bid_depth_100": 87900.64,
      "ask_depth_100": 172167.74,
      "bid_depth_500": 87900.64,
      "ask_depth_500": 172167.74,
      "imbalance": -0.324,
      "score": 77.7
    },
    "ENA": {
      "tradeable": true,
      "spread_pct": 0.028699,
      "bid_depth_50": 87082.21,
      "ask_depth_50": 49112.87,
      "bid_depth_100": 87082.21,
      "ask_depth_100": 49112.87,
      "bid_depth_500": 87082.21,
      "ask_depth_500": 49112.87,
      "imbalance": 0.2788,
      "score": 65.1
    },
    "ETH": {
      "tradeable": true,
      "spread_pct": 0.004618,
      "bid_depth_50": 11212447.86,
      "ask_depth_50": 9736696.26,
      "bid_depth_100": 11212447.86,
      "ask_depth_100": 9736696.26,
      "bid_depth_500": 11212447.86,
      "ask_depth_500": 9736696.26,
      "imbalance": 0.0704,
      "score": 100
    },
    "FARTCOIN": {
      "tradeable": true,
      "spread_pct": 0.010386,
      "bid_depth_50": 62297.39,
      "ask_depth_50": 50632.2,
      "bid_depth_100": 62297.39,
      "ask_depth_100": 50632.2,
      "bid_depth_500": 62297.39,
      "ask_depth_500": 50632.2,
      "imbalance": 0.1033,
      "score": 82.4
    },
    "HYPE": {
      "tradeable": true,
      "spread_pct": 0.014953,
      "bid_depth_50": 120212.9,
      "ask_depth_50": 105854.35,
      "bid_depth_100": 120212.9,
      "ask_depth_100": 105854.35,
      "bid_depth_500": 120212.9,
      "ask_depth_500": 105854.35,
      "imbalance": 0.0635,
      "score": 82.9
    },
    "INJ": {
      "tradeable": true,
      "spread_pct": 0.01308,
      "bid_depth_50": 66399.25,
      "ask_depth_50": 49973.95,
      "bid_depth_100": 89995.77,
      "ask_depth_100": 49973.95,
      "bid_depth_500": 89995.77,
      "ask_depth_500": 49973.95,
      "imbalance": 0.1411,
      "score": 80.9
    },
    "JUP": {
      "tradeable": true,
      "spread_pct": 0.018885,
      "bid_depth_50": 32553.95,
      "ask_depth_50": 39933.5,
      "bid_depth_100": 32553.95,
      "ask_depth_100": 39933.5,
      "bid_depth_500": 32553.95,
      "ask_depth_500": 39933.5,
      "imbalance": -0.1018,
      "score": 72.1
    },
    "LDO": {
      "tradeable": true,
      "spread_pct": 0.006694,
      "bid_depth_50": 43272.97,
      "ask_depth_50": 34649.39,
      "bid_depth_100": 43272.97,
      "ask_depth_100": 34649.39,
      "bid_depth_500": 43272.97,
      "ask_depth_500": 34649.39,
      "imbalance": 0.1107,
      "score": 81.2
    },
    "LINK": {
      "tradeable": true,
      "spread_pct": 0.018285,
      "bid_depth_50": 212468.42,
      "ask_depth_50": 134054.59,
      "bid_depth_100": 212468.42,
      "ask_depth_100": 134054.59,
      "bid_depth_500": 212468.42,
      "ask_depth_500": 134054.59,
      "imbalance": 0.2263,
      "score": 84.9
    },
    "LTC": {
      "tradeable": true,
      "spread_pct": 0.003549,
      "bid_depth_50": 96668.37,
      "ask_depth_50": 108809.56,
      "bid_depth_100": 96668.37,
      "ask_depth_100": 108809.56,
      "bid_depth_500": 96668.37,
      "ask_depth_500": 108809.56,
      "imbalance": -0.0591,
      "score": 86.9
    },
    "NEAR": {
      "tradeable": true,
      "spread_pct": 0.01569,
      "bid_depth_50": 193884.64,
      "ask_depth_50": 77071.18,
      "bid_depth_100": 193884.64,
      "ask_depth_100": 77071.18,
      "bid_depth_500": 193884.64,
      "ask_depth_500": 77071.18,
      "imbalance": 0.4311,
      "score": 84.1
    },
    "ONDO": {
      "tradeable": false,
      "spread_pct": 0.077616,
      "bid_depth_50": 61742.22,
      "ask_depth_50": 46342.59,
      "bid_depth_100": 61742.22,
      "ask_depth_100": 46342.59,
      "bid_depth_500": 61742.22,
      "ask_depth_500": 46342.59,
      "imbalance": 0.1425,
      "score": 50.7
    },
    "OP": {
      "tradeable": true,
      "spread_pct": 0.03537,
      "bid_depth_50": 118684.38,
      "ask_depth_50": 94654.41,
      "bid_depth_100": 118684.38,
      "ask_depth_100": 94654.41,
      "bid_depth_500": 118684.38,
      "ask_depth_500": 94654.41,
      "imbalance": 0.1126,
      "score": 61.9
    },
    "PAXG": {
      "tradeable": false,
      "spread_pct": null,
      "bid_depth_50": 0,
      "ask_depth_50": 0,
      "bid_depth_100": 0,
      "ask_depth_100": 0,
      "bid_depth_500": 0,
      "ask_depth_500": 0,
      "imbalance": 0,
      "score": 0,
      "error": "HTTP Error 429: Too Many Requests"
    },
    "PUMP": {
      "tradeable": false,
      "spread_pct": null,
      "bid_depth_50": 0,
      "ask_depth_50": 0,
      "bid_depth_100": 0,
      "ask_depth_100": 0,
      "bid_depth_500": 0,
      "ask_depth_500": 0,