{
  "timestamp": "2026-03-25T03:23:06.770651+00:00",
  "coins": {
    "AAVE": {
      "tradeable": true,
      "spread_pct": 0.026953,
      "bid_depth_50": 449491.86,
      "ask_depth_50": 317355.48,
      "bid_depth_100": 449491.86,
      "ask_depth_100": 317355.48,
      "bid_depth_500": 449491.86,
      "ask_depth_500": 317355.48,
      "imbalance": 0.1723,
      "score": 83.0
    },
    "ADA": {
      "tradeable": true,
      "spread_pct": 0.0188,
      "bid_depth_50": 131170.52,
      "ask_depth_50": 159012.6,
      "bid_depth_100": 131170.52,
      "ask_depth_100": 159012.6,
      "bid_depth_500": 131170.52,
      "ask_depth_500": 159012.6,
      "imbalance": -0.0959,
      "score": 81.9
    },
    "APT": {
      "tradeable": true,
      "spread_pct": 0.028231,
      "bid_depth_50": 63732.32,
      "ask_depth_50": 65423.48,
      "bid_depth_100": 63732.32,
      "ask_depth_100": 65423.48,
      "bid_depth_500": 63732.32,
      "ask_depth_500": 65423.48,
      "imbalance": -0.0131,
      "score": 65.3
    },
    "ARB": {
      "tradeable": true,
      "spread_pct": 0.020566,
      "bid_depth_50": 212469.73,
      "ask_depth_50": 142873.4,
      "bid_depth_100": 212469.73,
      "ask_depth_100": 142873.4,
      "bid_depth_500": 212469.73,
      "ask_depth_500": 142873.4,
      "imbalance": 0.1959,
      "score": 83.0
    },
    "AVAX": {
      "tradeable": true,
      "spread_pct": 0.012537,
      "bid_depth_50": 75219.02,
      "ask_depth_50": 55003.11,
      "bid_depth_100": 75219.02,
      "ask_depth_100": 55003.11,
      "bid_depth_500": 75219.02,
      "ask_depth_500": 55003.11,
      "imbalance": 0.1552,
      "score": 81.0
    },
    "BCH": {
      "tradeable": true,
      "spread_pct": 0.020975,
      "bid_depth_50": 61999.83,
      "ask_depth_50": 64112.99,
      "bid_depth_100": 61999.83,
      "ask_depth_100": 64112.99,
      "bid_depth_500": 61999.83,
      "ask_depth_500": 64112.99,
      "imbalance": -0.0168,
      "score": 72.4
    },
    "BNB": {
      "tradeable": true,
      "spread_pct": 0.001565,
      "bid_depth_50": 96651.52,
      "ask_depth_50": 64111.05,
      "bid_depth_100": 96651.52,
      "ask_depth_100": 64111.05,
      "bid_depth_500": 96651.52,
      "ask_depth_500": 64111.05,
      "imbalance": 0.2024,
      "score": 84.9
    },
    "BTC": {
      "tradeable": true,
      "spread_pct": 0.00142,
      "bid_depth_50": 2965833.08,
      "ask_depth_50": 2960742.41,
      "bid_depth_100": 2965833.08,
      "ask_depth_100": 2960742.41,
      "bid_depth_500": 2965833.08,
      "ask_depth_500": 2960742.41,
      "imbalance": 0.0009,
      "score": 100
    },
    "CRV": {
      "tradeable": true,
      "spread_pct": 0.021905,
      "bid_depth_50": 111673.2,
      "ask_depth_50": 45659.98,
      "bid_depth_100": 111673.2,
      "ask_depth_100": 45659.98,
      "bid_depth_500": 111673.2,
      "ask_depth_500": 45659.98,
      "imbalance": 0.4196,
      "score": 72.9
    },
    "DOGE": {
      "tradeable": true,
      "spread_pct": 0.00846,
      "bid_depth_50": 204981.3,
      "ask_depth_50": 142780.68,
      "bid_depth_100": 204981.3,
      "ask_depth_100": 142780.68,
      "bid_depth_500": 204981.3,
      "ask_depth_500": 142780.68,
      "imbalance": 0.1789,
      "score": 93.2
    },
    "DOT": {
      "tradeable": true,
      "spread_pct": 0.035885,
      "bid_depth_50": 95385.75,
      "ask_depth_50": 107446.09,
      "bid_depth_100": 95385.75,
      "ask_depth_100": 107446.09,
      "bid_depth_500": 95385.75,
      "ask_depth_500": 107446.09,
      "imbalance": -0.0595,
      "score": 60.9
    },
    "ENA": {
      "tradeable": true,
      "spread_pct": 0.011713,
      "bid_depth_50": 92277.94,
      "ask_depth_50": 82879.64,
      "bid_depth_100": 92277.94,
      "ask_depth_100": 82879.64,
      "bid_depth_500": 92277.94,
      "ask_depth_500": 82879.64,
      "imbalance": 0.0537,
      "score": 83.8
    },
    "ETH": {
      "tradeable": true,
      "spread_pct": 0.004653,
      "bid_depth_50": 9661653.0,
      "ask_depth_50": 10027257.28,
      "bid_depth_100": 9661653.0,
      "ask_depth_100": 10027257.28,
      "bid_depth_500": 9661653.0,
      "ask_depth_500": 10027257.28,
      "imbalance": -0.0186,
      "score": 100
    },
    "FARTCOIN": {
      "tradeable": true,
      "spread_pct": 0.042838,
      "bid_depth_50": 52201.0,
      "ask_depth_50": 55648.52,
      "bid_depth_100": 52201.0,
      "ask_depth_100": 55648.52,
      "bid_depth_500": 52201.0,
      "ask_depth_500": 55648.52,
      "imbalance": -0.032,
      "score": 49.7
    },
    "HYPE": {
      "tradeable": true,
      "spread_pct": 0.01002,
      "bid_depth_50": 132650.22,
      "ask_depth_50": 108588.89,
      "bid_depth_100": 132650.22,
      "ask_depth_100": 108588.89,
      "bid_depth_500": 132650.22,
      "ask_depth_500": 108588.89,
      "imbalance": 0.0997,
      "score": 88.5
    },
    "INJ": {
      "tradeable": true,
      "spread_pct": 0.035993,
      "bid_depth_50": 44115.33,
      "ask_depth_50": 29442.83,
      "bid_depth_100": 50780.61,
      "ask_depth_100": 29442.83,
      "bid_depth_500": 50780.61,
      "ask_depth_500": 29442.83,
      "imbalance": 0.1995,
      "score": 55.4
    },
    "JUP": {
      "tradeable": true,
      "spread_pct": 0.031683,
      "bid_depth_50": 47468.55,
      "ask_depth_50": 38513.68,
      "bid_depth_100": 47468.55,
      "ask_depth_100": 38513.68,
      "bid_depth_500": 47468.55,
      "ask_depth_500": 38513.68,
      "imbalance": 0.1041,
      "score": 59.9
    },
    "LDO": {
      "tradeable": true,
      "spread_pct": 0.016851,
      "bid_depth_50": 49361.36,
      "ask_depth_50": 38909.84,
      "bid_depth_100": 49361.36,
      "ask_depth_100": 38909.84,
      "bid_depth_500": 49361.36,
      "ask_depth_500": 38909.84,
      "imbalance": 0.1184,
      "score": 74.8
    },
    "LINK": {
      "tradeable": true,
      "spread_pct": 0.001089,
      "bid_depth_50": 149252.56,
      "ask_depth_50": 112039.06,
      "bid_depth_100": 149252.56,
      "ask_depth_100": 112039.06,
      "bid_depth_500": 149252.56,
      "ask_depth_500": 112039.06,
      "imbalance": 0.1424,
      "score": 89.4
    },
    "LTC": {
      "tradeable": true,
      "spread_pct": 0.001786,
      "bid_depth_50": 89114.14,
      "ask_depth_50": 117082.31,
      "bid_depth_100": 89114.14,
      "ask_depth_100": 117082.31,
      "bid_depth_500": 89114.14,
      "ask_depth_500": 117082.31,
      "imbalance": -0.1356,
      "score": 86.9
    },
    "NEAR": {
      "tradeable": true,
      "spread_pct": 0.023298,
      "bid_depth_50": 161601.64,
      "ask_depth_50": 61265.99,
      "bid_depth_100": 161601.64,
      "ask_depth_100": 61265.99,
      "bid_depth_500": 161601.64,
      "ask_depth_500": 61265.99,
      "imbalance": 0.4502,
      "score": 74.4
    },
    "ONDO": {
      "tradeable": true,
      "spread_pct": 0.043405,
      "bid_depth_50": 52038.75,
      "ask_depth_50": 69545.36,
      "bid_depth_100": 52038.75,
      "ask_depth_100": 69545.36,
      "bid_depth_500": 52038.75,
      "ask_depth_500": 69545.36,
      "imbalance": -0.144,
      "score": 49.8
    },
    "OP": {
      "tradeable": true,
      "spread_pct": 0.035199,
      "bid_depth_50": 61300.08,
      "ask_depth_50": 99935.78,
      "bid_depth_100": 61300.08,
      "ask_depth_100": 155910.77,
      "bid_depth_500": 61300.08,
      "ask_depth_500": 155910.77,
      "imbalance": -0.2396,
      "score": 62.2
    },
    "PAXG": {
      "tradeable": true,
      "spread_pct": 0.004374,
      "bid_depth_50": 551392.66,
      "ask_depth_50": 240575.82,
      "bid_depth_100": 551392.66,
      "ask_depth_100": 240575.82,
      "bid_depth_500": 551392.66,
      "ask_depth_500": 240575.82,
      "imbalance": 0.3925,
      "score": 100
    },
    "PUMP": {
      "tradeable": false,
      "spread_pct": 0.05484,
      "bid_depth_50": 355658.94,
      "ask_depth_50": 307324.25,
      "bid_depth_100": 685595.44,
      "ask_depth_100": 637723.11,