{
  "timestamp": "2026-03-25T12:07:41.829299+00:00",
  "coins": {
    "AAVE": {
      "tradeable": true,
      "spread_pct": 0.025836,
      "bid_depth_50": 345532.27,
      "ask_depth_50": 309619.79,
      "bid_depth_100": 345532.27,
      "ask_depth_100": 309619.79,
      "bid_depth_500": 345532.27,
      "ask_depth_500": 309619.79,
      "imbalance": 0.0548,
      "score": 84.2
    },
    "ADA": {
      "tradeable": true,
      "spread_pct": 0.01459,
      "bid_depth_50": 151991.64,
      "ask_depth_50": 106332.52,
      "bid_depth_100": 151991.64,
      "ask_depth_100": 106332.52,
      "bid_depth_500": 151991.64,
      "ask_depth_500": 106332.52,
      "imbalance": 0.1768,
      "score": 84.7
    },
    "APT": {
      "tradeable": true,
      "spread_pct": 0.01852,
      "bid_depth_50": 66383.44,
      "ask_depth_50": 61400.94,
      "bid_depth_100": 66383.44,
      "ask_depth_100": 61400.94,
      "bid_depth_500": 66383.44,
      "ask_depth_500": 61400.94,
      "imbalance": 0.039,
      "score": 74.9
    },
    "ARB": {
      "tradeable": true,
      "spread_pct": 0.02006,
      "bid_depth_50": 159775.13,
      "ask_depth_50": 121143.84,
      "bid_depth_100": 159775.13,
      "ask_depth_100": 121143.84,
      "bid_depth_500": 159775.13,
      "ask_depth_500": 121143.84,
      "imbalance": 0.1375,
      "score": 80.2
    },
    "AVAX": {
      "tradeable": true,
      "spread_pct": 0.005113,
      "bid_depth_50": 93210.41,
      "ask_depth_50": 88392.59,
      "bid_depth_100": 93210.41,
      "ask_depth_100": 88392.59,
      "bid_depth_500": 93210.41,
      "ask_depth_500": 88392.59,
      "imbalance": 0.0265,
      "score": 85.8
    },
    "BCH": {
      "tradeable": true,
      "spread_pct": 0.002092,
      "bid_depth_50": 68790.79,
      "ask_depth_50": 91397.09,
      "bid_depth_100": 68790.79,
      "ask_depth_100": 91397.09,
      "bid_depth_500": 68790.79,
      "ask_depth_500": 91397.09,
      "imbalance": -0.1411,
      "score": 84.9
    },
    "BNB": {
      "tradeable": true,
      "spread_pct": 0.009237,
      "bid_depth_50": 84141.44,
      "ask_depth_50": 118251.41,
      "bid_depth_100": 84141.44,
      "ask_depth_100": 118251.41,
      "bid_depth_500": 84141.44,
      "ask_depth_500": 118251.41,
      "imbalance": -0.1685,
      "score": 86.8
    },
    "BTC": {
      "tradeable": true,
      "spread_pct": 0.001393,
      "bid_depth_50": 11695712.47,
      "ask_depth_50": 1441975.81,
      "bid_depth_100": 11695712.47,
      "ask_depth_100": 1441975.81,
      "bid_depth_500": 11695712.47,
      "ask_depth_500": 1441975.81,
      "imbalance": 0.7805,
      "score": 100
    },
    "CRV": {
      "tradeable": true,
      "spread_pct": 0.038305,
      "bid_depth_50": 79884.19,
      "ask_depth_50": 92735.55,
      "bid_depth_100": 79884.19,
      "ask_depth_100": 92735.55,
      "bid_depth_500": 79884.19,
      "ask_depth_500": 92735.55,
      "imbalance": -0.0744,
      "score": 57.1
    },
    "DOGE": {
      "tradeable": true,
      "spread_pct": 0.010284,
      "bid_depth_50": 296325.85,
      "ask_depth_50": 242334.59,
      "bid_depth_100": 296325.85,
      "ask_depth_100": 242334.59,
      "bid_depth_500": 296325.85,
      "ask_depth_500": 242334.59,
      "imbalance": 0.1002,
      "score": 99.7
    },
    "DOT": {
      "tradeable": true,
      "spread_pct": 0.007219,
      "bid_depth_50": 111239.93,
      "ask_depth_50": 112553.62,
      "bid_depth_100": 111239.93,
      "ask_depth_100": 112553.62,
      "bid_depth_500": 111239.93,
      "ask_depth_500": 112553.62,
      "imbalance": -0.0059,
      "score": 87.7
    },
    "ENA": {
      "tradeable": true,
      "spread_pct": 0.025559,
      "bid_depth_50": 92157.68,
      "ask_depth_50": 74329.11,
      "bid_depth_100": 92157.68,
      "ask_depth_100": 74329.11,
      "bid_depth_500": 92157.68,
      "ask_depth_500": 74329.11,
      "imbalance": 0.1071,
      "score": 69.6
    },
    "ETH": {
      "tradeable": true,
      "spread_pct": 0.004563,
      "bid_depth_50": 7903202.3,
      "ask_depth_50": 7580754.58,
      "bid_depth_100": 7903202.3,
      "ask_depth_100": 7580754.58,
      "bid_depth_500": 7903202.3,
      "ask_depth_500": 7580754.58,
      "imbalance": 0.0208,
      "score": 100
    },
    "FARTCOIN": {
      "tradeable": true,
      "spread_pct": 0.045927,
      "bid_depth_50": 48306.79,
      "ask_depth_50": 57833.29,
      "bid_depth_100": 48306.79,
      "ask_depth_100": 57833.29,
      "bid_depth_500": 48306.79,
      "ask_depth_500": 57833.29,
      "imbalance": -0.0898,
      "score": 46.6
    },
    "HYPE": {
      "tradeable": true,
      "spread_pct": 0.002432,
      "bid_depth_50": 96069.91,
      "ask_depth_50": 155369.94,
      "bid_depth_100": 96069.91,
      "ask_depth_100": 155369.94,
      "bid_depth_500": 96069.91,
      "ask_depth_500": 155369.94,
      "imbalance": -0.2358,
      "score": 89.0
    },
    "INJ": {
      "tradeable": true,
      "spread_pct": 0.022485,
      "bid_depth_50": 29520.22,
      "ask_depth_50": 153907.63,
      "bid_depth_100": 29520.22,
      "ask_depth_100": 185724.28,
      "bid_depth_500": 29520.22,
      "ask_depth_500": 207653.14,
      "imbalance": -0.6781,
      "score": 75.8
    },
    "JUP": {
      "tradeable": true,
      "spread_pct": 0.0375,
      "bid_depth_50": 51003.74,
      "ask_depth_50": 49169.11,
      "bid_depth_100": 51003.74,
      "ask_depth_100": 49169.11,
      "bid_depth_500": 51003.74,
      "ask_depth_500": 49169.11,
      "imbalance": 0.0183,
      "score": 54.7
    },
    "LDO": {
      "tradeable": true,
      "spread_pct": 0.039584,
      "bid_depth_50": 62015.47,
      "ask_depth_50": 46314.33,
      "bid_depth_100": 62015.47,
      "ask_depth_100": 46314.33,
      "bid_depth_500": 62015.47,
      "ask_depth_500": 46314.33,
      "imbalance": 0.1449,
      "score": 53.0
    },
    "LINK": {
      "tradeable": true,
      "spread_pct": 0.016935,
      "bid_depth_50": 128828.94,
      "ask_depth_50": 127908.06,
      "bid_depth_100": 128828.94,
      "ask_depth_100": 127908.06,
      "bid_depth_500": 128828.94,
      "ask_depth_500": 127908.06,
      "imbalance": 0.0036,
      "score": 82.3
    },
    "LTC": {
      "tradeable": true,
      "spread_pct": 0.007082,
      "bid_depth_50": 111373.79,
      "ask_depth_50": 99387.14,
      "bid_depth_100": 111373.79,
      "ask_depth_100": 99387.14,
      "bid_depth_500": 111373.79,
      "ask_depth_500": 99387.14,
      "imbalance": 0.0569,
      "score": 87.1
    },
    "NEAR": {
      "tradeable": true,
      "spread_pct": 0.030537,
      "bid_depth_50": 139172.27,
      "ask_depth_50": 75828.65,
      "bid_depth_100": 139172.27,
      "ask_depth_100": 75828.65,
      "bid_depth_500": 139172.27,
      "ask_depth_500": 75828.65,
      "imbalance": 0.2946,
      "score": 66.8
    },
    "ONDO": {
      "tradeable": true,
      "spread_pct": 0.019019,
      "bid_depth_50": 47046.8,
      "ask_depth_50": 58004.15,
      "bid_depth_100": 47046.8,
      "ask_depth_100": 58004.15,
      "bid_depth_500": 47046.8,
      "ask_depth_500": 58004.15,
      "imbalance": -0.1043,
      "score": 73.4
    },
    "OP": {
      "tradeable": true,
      "spread_pct": 0.026034,
      "bid_depth_50": 120409.51,
      "ask_depth_50": 102229.78,
      "bid_depth_100": 120409.51,
      "ask_depth_100": 102229.78,
      "bid_depth_500": 120409.51,
      "ask_depth_500": 102229.78,
      "imbalance": 0.0817,
      "score": 71.6
    },
    "PAXG": {
      "tradeable": true,
      "spread_pct": 0.002184,
      "bid_depth_50": 514467.27,
      "ask_depth_50": 350151.59,
      "bid_depth_100": 514467.27,
      "ask_depth_100": 350151.59,
      "bid_depth_500": 514467.27,
      "ask_depth_500": 350151.59,
      "imbalance": 0.19,
      "score": 100
    },
    "PUMP": {
      "tradeable": false,
      "spread_pct": 0.053036,
      "bid_depth_50": 380284.47,
      "ask_depth_50": 294465.32,
      "bid_depth_100": 768650.26,
      "ask_depth_100": 748604.05,