{
  "timestamp": "2026-03-19T10:57:31.443709+00:00",
  "coins": {
    "AAVE": {
      "tradeable": true,
      "spread_pct": 0.017425,
      "bid_depth_50": 293337.49,
      "ask_depth_50": 243258.31,
      "bid_depth_100": 293337.49,
      "ask_depth_100": 243258.31,
      "bid_depth_500": 293337.49,
      "ask_depth_500": 243258.31,
      "imbalance": 0.0933,
      "score": 92.6
    },
    "ADA": {
      "tradeable": true,
      "spread_pct": 0.003711,
      "bid_depth_50": 131091.51,
      "ask_depth_50": 119969.07,
      "bid_depth_100": 131091.51,
      "ask_depth_100": 119969.07,
      "bid_depth_500": 131091.51,
      "ask_depth_500": 119969.07,
      "imbalance": 0.0443,
      "score": 88.9
    },
    "APT": {
      "tradeable": false,
      "spread_pct": 0.072761,
      "bid_depth_50": 130267.73,
      "ask_depth_50": 103836.51,
      "bid_depth_100": 130267.73,
      "ask_depth_100": 103836.51,
      "bid_depth_500": 130267.73,
      "ask_depth_500": 103836.51,
      "imbalance": 0.1129,
      "score": 56.7
    },
    "ARB": {
      "tradeable": true,
      "spread_pct": 0.009957,
      "bid_depth_50": 110694.74,
      "ask_depth_50": 212887.32,
      "bid_depth_100": 110694.74,
      "ask_depth_100": 212887.32,
      "bid_depth_500": 110694.74,
      "ask_depth_500": 212887.32,
      "imbalance": -0.3158,
      "score": 92.2
    },
    "AVAX": {
      "tradeable": true,
      "spread_pct": 0.015722,
      "bid_depth_50": 167432.43,
      "ask_depth_50": 124998.45,
      "bid_depth_100": 167432.43,
      "ask_depth_100": 124998.45,
      "bid_depth_500": 167432.43,
      "ask_depth_500": 124998.45,
      "imbalance": 0.1451,
      "score": 85.1
    },
    "BCH": {
      "tradeable": true,
      "spread_pct": 0.017499,
      "bid_depth_50": 105408.6,
      "ask_depth_50": 83568.42,
      "bid_depth_100": 105408.6,
      "ask_depth_100": 83568.42,
      "bid_depth_500": 105408.6,
      "ask_depth_500": 83568.42,
      "imbalance": 0.1156,
      "score": 78.7
    },
    "BNB": {
      "tradeable": true,
      "spread_pct": 0.013942,
      "bid_depth_50": 99273.12,
      "ask_depth_50": 88410.31,
      "bid_depth_100": 99273.12,
      "ask_depth_100": 88410.31,
      "bid_depth_500": 99273.12,
      "ask_depth_500": 88410.31,
      "imbalance": 0.0579,
      "score": 82.2
    },
    "BTC": {
      "tradeable": true,
      "spread_pct": 0.001427,
      "bid_depth_50": 4316291.48,
      "ask_depth_50": 1607579.48,
      "bid_depth_100": 4316291.48,
      "ask_depth_100": 1607579.48,
      "bid_depth_500": 4316291.48,
      "ask_depth_500": 1607579.48,
      "imbalance": 0.4573,
      "score": 100
    },
    "CRV": {
      "tradeable": true,
      "spread_pct": 0.025263,
      "bid_depth_50": 89522.5,
      "ask_depth_50": 92308.05,
      "bid_depth_100": 89522.5,
      "ask_depth_100": 92308.05,
      "bid_depth_500": 89522.5,
      "ask_depth_500": 92308.05,
      "imbalance": -0.0153,
      "score": 70.6
    },
    "DOGE": {
      "tradeable": true,
      "spread_pct": 0.001062,
      "bid_depth_50": 187320.77,
      "ask_depth_50": 266376.78,
      "bid_depth_100": 187320.77,
      "ask_depth_100": 266376.78,
      "bid_depth_500": 187320.77,
      "ask_depth_500": 266376.78,
      "imbalance": -0.1742,
      "score": 97.9
    },
    "DOT": {
      "tradeable": true,
      "spread_pct": 0.032653,
      "bid_depth_50": 93352.94,
      "ask_depth_50": 227348.41,
      "bid_depth_100": 93352.94,
      "ask_depth_100": 227348.41,
      "bid_depth_500": 93352.94,
      "ask_depth_500": 227348.41,
      "imbalance": -0.4178,
      "score": 69.4
    },
    "ENA": {
      "tradeable": true,
      "spread_pct": 0.009686,
      "bid_depth_50": 220316.09,
      "ask_depth_50": 302910.07,
      "bid_depth_100": 220316.09,
      "ask_depth_100": 302910.07,
      "bid_depth_500": 220316.09,
      "ask_depth_500": 302910.07,
      "imbalance": -0.1579,
      "score": 100
    },
    "ETH": {
      "tradeable": true,
      "spread_pct": 0.004602,
      "bid_depth_50": 8158268.19,
      "ask_depth_50": 6988037.79,
      "bid_depth_100": 8158268.19,
      "ask_depth_100": 6988037.79,
      "bid_depth_500": 8158268.19,
      "ask_depth_500": 6988037.79,
      "imbalance": 0.0773,
      "score": 100
    },
    "FARTCOIN": {
      "tradeable": true,
      "spread_pct": 0.010328,
      "bid_depth_50": 57587.04,
      "ask_depth_50": 31119.77,
      "bid_depth_100": 57587.04,
      "ask_depth_100": 31119.77,
      "bid_depth_500": 57587.04,
      "ask_depth_500": 31119.77,
      "imbalance": 0.2984,
      "score": 81.4
    },
    "HYPE": {
      "tradeable": true,
      "spread_pct": 0.002524,
      "bid_depth_50": 218987.53,
      "ask_depth_50": 393439.64,
      "bid_depth_100": 218987.53,
      "ask_depth_100": 393439.64,
      "bid_depth_500": 218987.53,
      "ask_depth_500": 393439.64,
      "imbalance": -0.2849,
      "score": 100
    },
    "INJ": {
      "tradeable": true,
      "spread_pct": 0.04317,
      "bid_depth_50": 30247.72,
      "ask_depth_50": 29930.04,
      "bid_depth_100": 30247.72,
      "ask_depth_100": 183597.63,
      "bid_depth_500": 30247.72,
      "ask_depth_500": 183597.63,
      "imbalance": 0.0053,
      "score": 54.1
    },
    "JUP": {
      "tradeable": false,
      "spread_pct": 0.061709,
      "bid_depth_50": 43485.33,
      "ask_depth_50": 43149.35,
      "bid_depth_100": 43485.33,
      "ask_depth_100": 43149.35,
      "bid_depth_500": 43485.33,
      "ask_depth_500": 43149.35,
      "imbalance": 0.0039,
      "score": 50.8
    },
    "LDO": {
      "tradeable": true,
      "spread_pct": 0.046626,
      "bid_depth_50": 23432.89,
      "ask_depth_50": 65716.73,
      "bid_depth_100": 23432.89,
      "ask_depth_100": 65716.73,
      "bid_depth_500": 23432.89,
      "ask_depth_500": 65716.73,
      "imbalance": -0.4743,
      "score": 45.1
    },
    "LINK": {
      "tradeable": true,
      "spread_pct": 0.016437,
      "bid_depth_50": 118414.17,
      "ask_depth_50": 78252.86,
      "bid_depth_100": 118414.17,
      "ask_depth_100": 78252.86,
      "bid_depth_500": 118414.17,
      "ask_depth_500": 78252.86,
      "imbalance": 0.2042,
      "score": 80.1
    },
    "LTC": {
      "tradeable": true,
      "spread_pct": 0.001804,
      "bid_depth_50": 144281.33,
      "ask_depth_50": 155052.63,
      "bid_depth_100": 144281.33,
      "ask_depth_100": 155052.63,
      "bid_depth_500": 144281.33,
      "ask_depth_500": 155052.63,
      "imbalance": -0.036,
      "score": 91.1
    },
    "NEAR": {
      "tradeable": true,
      "spread_pct": 0.007382,
      "bid_depth_50": 172141.16,
      "ask_depth_50": 155912.63,
      "bid_depth_100": 172141.16,
      "ask_depth_100": 155912.63,
      "bid_depth_500": 172141.16,
      "ask_depth_500": 155912.63,
      "imbalance": 0.0495,
      "score": 92.4
    },
    "ONDO": {
      "tradeable": true,
      "spread_pct": 0.038308,
      "bid_depth_50": 44411.04,
      "ask_depth_50": 80446.87,
      "bid_depth_100": 44411.04,
      "ask_depth_100": 80446.87,
      "bid_depth_500": 44411.04,
      "ask_depth_500": 80446.87,
      "imbalance": -0.2886,
      "score": 55.0
    },
    "OP": {
      "tradeable": true,
      "spread_pct": 0.041012,
      "bid_depth_50": 109937.19,
      "ask_depth_50": 78785.37,
      "bid_depth_100": 113303.76,
      "ask_depth_100": 78785.37,
      "bid_depth_500": 113303.76,
      "ask_depth_500": 78785.37,
      "imbalance": 0.1651,
      "score": 55.3
    },
    "PAXG": {
      "tradeable": true,
      "spread_pct": 0.002145,
      "bid_depth_50": 529858.81,
      "ask_depth_50": 696615.19,
      "bid_depth_100": 529858.81,
      "ask_depth_100": 696615.19,
      "bid_depth_500": 529858.81,
      "ask_depth_500": 696615.19,
      "imbalance": -0.136,
      "score": 100
    },
    "PUMP": {
      "tradeable": false,
      "spread_pct": 0.05284,
      "bid_depth_50": 343752.48,
      "ask_depth_50": 344576.12,
      "bid_depth_100": 781299.73,