{
  "timestamp": "2026-03-18T12:45:23.535095+00:00",
  "coins": {
    "AAVE": {
      "tradeable": true,
      "spread_pct": 0.043326,
      "bid_depth_50": 166881.38,
      "ask_depth_50": 96828.02,
      "bid_depth_100": 166881.38,
      "ask_depth_100": 96828.02,
      "bid_depth_500": 166881.38,
      "ask_depth_500": 96828.02,
      "imbalance": 0.2656,
      "score": 56.2
    },
    "ADA": {
      "tradeable": true,
      "spread_pct": 0.018142,
      "bid_depth_50": 108533.15,
      "ask_depth_50": 102291.55,
      "bid_depth_100": 108533.15,
      "ask_depth_100": 102291.55,
      "bid_depth_500": 108533.15,
      "ask_depth_500": 102291.55,
      "imbalance": 0.0296,
      "score": 79.0
    },
    "APT": {
      "tradeable": true,
      "spread_pct": 0.010302,
      "bid_depth_50": 157934.96,
      "ask_depth_50": 79690.71,
      "bid_depth_100": 157934.96,
      "ask_depth_100": 79690.71,
      "bid_depth_500": 157934.96,
      "ask_depth_500": 79690.71,
      "imbalance": 0.3293,
      "score": 88.0
    },
    "ARB": {
      "tradeable": false,
      "spread_pct": 0.116403,
      "bid_depth_50": 225045.7,
      "ask_depth_50": 201569.21,
      "bid_depth_100": 225045.7,
      "ask_depth_100": 201569.21,
      "bid_depth_500": 225045.7,
      "ask_depth_500": 201569.21,
      "imbalance": 0.055,
      "score": 62.3
    },
    "AVAX": {
      "tradeable": true,
      "spread_pct": 0.020446,
      "bid_depth_50": 161963.46,
      "ask_depth_50": 64874.69,
      "bid_depth_100": 161963.46,
      "ask_depth_100": 64874.69,
      "bid_depth_500": 161963.46,
      "ask_depth_500": 64874.69,
      "imbalance": 0.428,
      "score": 77.4
    },
    "BCH": {
      "tradeable": true,
      "spread_pct": 0.002191,
      "bid_depth_50": 104841.26,
      "ask_depth_50": 71096.21,
      "bid_depth_100": 104841.26,
      "ask_depth_100": 71096.21,
      "bid_depth_500": 104841.26,
      "ask_depth_500": 71096.21,
      "imbalance": 0.1918,
      "score": 85.6
    },
    "BNB": {
      "tradeable": true,
      "spread_pct": 0.001524,
      "bid_depth_50": 116000.45,
      "ask_depth_50": 197272.88,
      "bid_depth_100": 116000.45,
      "ask_depth_100": 197272.88,
      "bid_depth_500": 116000.45,
      "ask_depth_500": 197272.88,
      "imbalance": -0.2594,
      "score": 91.7
    },
    "BTC": {
      "tradeable": true,
      "spread_pct": 0.001383,
      "bid_depth_50": 931391.76,
      "ask_depth_50": 5629696.99,
      "bid_depth_100": 931391.76,
      "ask_depth_100": 5629696.99,
      "bid_depth_500": 931391.76,
      "ask_depth_500": 5629696.99,
      "imbalance": -0.7161,
      "score": 100
    },
    "CRV": {
      "tradeable": false,
      "spread_pct": 0.086219,
      "bid_depth_50": 114731.07,
      "ask_depth_50": 108009.15,
      "bid_depth_100": 114731.07,
      "ask_depth_100": 108009.15,
      "bid_depth_500": 114731.07,
      "ask_depth_500": 108009.15,
      "imbalance": 0.0302,
      "score": 55.3
    },
    "DOGE": {
      "tradeable": true,
      "spread_pct": 0.001045,
      "bid_depth_50": 199627.95,
      "ask_depth_50": 306836.82,
      "bid_depth_100": 199627.95,
      "ask_depth_100": 306836.82,
      "bid_depth_500": 199627.95,
      "ask_depth_500": 306836.82,
      "imbalance": -0.2117,
      "score": 100
    },
    "DOT": {
      "tradeable": false,
      "spread_pct": 0.09464,
      "bid_depth_50": 102677.37,
      "ask_depth_50": 188978.33,
      "bid_depth_100": 102677.37,
      "ask_depth_100": 188978.33,
      "bid_depth_500": 102677.37,
      "ask_depth_500": 188978.33,
      "imbalance": -0.2959,
      "score": 57.8
    },
    "ENA": {
      "tradeable": true,
      "spread_pct": 0.027309,
      "bid_depth_50": 162269.42,
      "ask_depth_50": 251055.5,
      "bid_depth_100": 162269.42,
      "ask_depth_100": 251055.5,
      "bid_depth_500": 162269.42,
      "ask_depth_500": 251055.5,
      "imbalance": -0.2148,
      "score": 78.8
    },
    "ETH": {
      "tradeable": true,
      "spread_pct": 0.004469,
      "bid_depth_50": 8507217.56,
      "ask_depth_50": 4544073.97,
      "bid_depth_100": 8507217.56,
      "ask_depth_100": 4544073.97,
      "bid_depth_500": 8507217.56,
      "ask_depth_500": 4544073.97,
      "imbalance": 0.3037,
      "score": 100
    },
    "FARTCOIN": {
      "tradeable": true,
      "spread_pct": 0.010028,
      "bid_depth_50": 19534.2,
      "ask_depth_50": 73402.3,
      "bid_depth_100": 19534.2,
      "ask_depth_100": 73402.3,
      "bid_depth_500": 19534.2,
      "ask_depth_500": 73402.3,
      "imbalance": -0.5796,
      "score": 81.9
    },
    "HYPE": {
      "tradeable": true,
      "spread_pct": 0.004924,
      "bid_depth_50": 77287.99,
      "ask_depth_50": 158162.28,
      "bid_depth_100": 77287.99,
      "ask_depth_100": 158162.28,
      "bid_depth_500": 77287.99,
      "ask_depth_500": 158162.28,
      "imbalance": -0.3435,
      "score": 88.2
    },
    "INJ": {
      "tradeable": false,
      "spread_pct": 0.080354,
      "bid_depth_50": 28596.73,
      "ask_depth_50": 51281.29,
      "bid_depth_100": 28596.73,
      "ask_depth_100": 53458.55,
      "bid_depth_500": 28596.73,
      "ask_depth_500": 53458.55,
      "imbalance": -0.284,
      "score": 49.4
    },
    "JUP": {
      "tradeable": true,
      "spread_pct": 0.042949,
      "bid_depth_50": 42925.74,
      "ask_depth_50": 57126.75,
      "bid_depth_100": 42925.74,
      "ask_depth_100": 57126.75,
      "bid_depth_500": 42925.74,
      "ask_depth_500": 57126.75,
      "imbalance": -0.1419,
      "score": 49.3
    },
    "LDO": {
      "tradeable": true,
      "spread_pct": 0.045103,
      "bid_depth_50": 59280.0,
      "ask_depth_50": 53436.03,
      "bid_depth_100": 59280.0,
      "ask_depth_100": 53436.03,
      "bid_depth_500": 59280.0,
      "ask_depth_500": 53436.03,
      "imbalance": 0.0518,
      "score": 47.7
    },
    "LINK": {
      "tradeable": true,
      "spread_pct": 0.010649,
      "bid_depth_50": 110499.41,
      "ask_depth_50": 133342.1,
      "bid_depth_100": 110499.41,
      "ask_depth_100": 133342.1,
      "bid_depth_500": 110499.41,
      "ask_depth_500": 133342.1,
      "imbalance": -0.0937,
      "score": 88.0
    },
    "LTC": {
      "tradeable": true,
      "spread_pct": 0.014318,
      "bid_depth_50": 91059.81,
      "ask_depth_50": 160703.75,
      "bid_depth_100": 91059.81,
      "ask_depth_100": 160703.75,
      "bid_depth_500": 91059.81,
      "ask_depth_500": 160703.75,
      "imbalance": -0.2766,
      "score": 84.6
    },
    "NEAR": {
      "tradeable": true,
      "spread_pct": 0.042334,
      "bid_depth_50": 110956.9,
      "ask_depth_50": 111343.51,
      "bid_depth_100": 110956.9,
      "ask_depth_100": 111343.51,
      "bid_depth_500": 110956.9,
      "ask_depth_500": 111343.51,
      "imbalance": -0.0017,
      "score": 55.3
    },
    "ONDO": {
      "tradeable": false,
      "spread_pct": 0.074261,
      "bid_depth_50": 69302.05,
      "ask_depth_50": 75930.19,
      "bid_depth_100": 69302.05,
      "ask_depth_100": 75930.19,
      "bid_depth_500": 69302.05,
      "ask_depth_500": 75930.19,
      "imbalance": -0.0456,
      "score": 52.6
    },
    "OP": {
      "tradeable": false,
      "spread_pct": 0.077202,
      "bid_depth_50": 58456.05,
      "ask_depth_50": 94406.86,
      "bid_depth_100": 58456.05,
      "ask_depth_100": 94406.86,
      "bid_depth_500": 58456.05,
      "ask_depth_500": 94406.86,
      "imbalance": -0.2352,
      "score": 52.8
    },
    "PAXG": {
      "tradeable": true,
      "spread_pct": 0.010271,
      "bid_depth_50": 420887.96,
      "ask_depth_50": 557218.61,
      "bid_depth_100": 420887.96,
      "ask_depth_100": 557218.61,
      "bid_depth_500": 420887.96,
      "ask_depth_500": 557218.61,
      "imbalance": -0.1394,
      "score": 99.7
    },
    "PUMP": {
      "tradeable": false,
      "spread_pct": 0.050569,
      "bid_depth_50": 500991.65,
      "ask_depth_50": 371391.24,
      "bid_depth_100": 744216.97,