{
  "timestamp": "2026-03-19T19:54:06.958066+00:00",
  "coins": {
    "AAVE": {
      "tradeable": true,
      "spread_pct": 0.008947,
      "bid_depth_50": 278229.75,
      "ask_depth_50": 220269.19,
      "bid_depth_100": 278229.75,
      "ask_depth_100": 220269.19,
      "bid_depth_500": 278229.75,
      "ask_depth_500": 220269.19,
      "imbalance": 0.1163,
      "score": 99.9
    },
    "ADA": {
      "tradeable": false,
      "spread_pct": 0.052438,
      "bid_depth_50": 101542.86,
      "ask_depth_50": 114071.85,
      "bid_depth_100": 101542.86,
      "ask_depth_100": 114071.85,
      "bid_depth_500": 101542.86,
      "ask_depth_500": 114071.85,
      "imbalance": -0.0581,
      "score": 57.2
    },
    "APT": {
      "tradeable": true,
      "spread_pct": 0.031818,
      "bid_depth_50": 125902.24,
      "ask_depth_50": 79166.54,
      "bid_depth_100": 125902.24,
      "ask_depth_100": 79166.54,
      "bid_depth_500": 125902.24,
      "ask_depth_500": 79166.54,
      "imbalance": 0.2279,
      "score": 65.1
    },
    "ARB": {
      "tradeable": true,
      "spread_pct": 0.010121,
      "bid_depth_50": 225059.92,
      "ask_depth_50": 237638.1,
      "bid_depth_100": 225059.92,
      "ask_depth_100": 237638.1,
      "bid_depth_500": 225059.92,
      "ask_depth_500": 237638.1,
      "imbalance": -0.0272,
      "score": 98.2
    },
    "AVAX": {
      "tradeable": true,
      "spread_pct": 0.00526,
      "bid_depth_50": 77589.74,
      "ask_depth_50": 18761.09,
      "bid_depth_100": 77589.74,
      "ask_depth_100": 18761.09,
      "bid_depth_500": 77589.74,
      "ask_depth_500": 18761.09,
      "imbalance": 0.6106,
      "score": 82.1
    },
    "BCH": {
      "tradeable": true,
      "spread_pct": 0.002192,
      "bid_depth_50": 66630.01,
      "ask_depth_50": 97801.6,
      "bid_depth_100": 66630.01,
      "ask_depth_100": 97801.6,
      "bid_depth_500": 66630.01,
      "ask_depth_500": 97801.6,
      "imbalance": -0.1896,
      "score": 85.1
    },
    "BNB": {
      "tradeable": true,
      "spread_pct": 0.001563,
      "bid_depth_50": 330279.34,
      "ask_depth_50": 133200.19,
      "bid_depth_100": 330279.34,
      "ask_depth_100": 133200.19,
      "bid_depth_500": 330279.34,
      "ask_depth_500": 133200.19,
      "imbalance": 0.4252,
      "score": 98.4
    },
    "BTC": {
      "tradeable": true,
      "spread_pct": 0.001423,
      "bid_depth_50": 11287042.11,
      "ask_depth_50": 530661.72,
      "bid_depth_100": 11287042.11,
      "ask_depth_100": 530661.72,
      "bid_depth_500": 11287042.11,
      "ask_depth_500": 530661.72,
      "imbalance": 0.9102,
      "score": 100
    },
    "CRV": {
      "tradeable": true,
      "spread_pct": 0.021317,
      "bid_depth_50": 111739.97,
      "ask_depth_50": 97016.27,
      "bid_depth_100": 111739.97,
      "ask_depth_100": 97016.27,
      "bid_depth_500": 111739.97,
      "ask_depth_500": 97016.27,
      "imbalance": 0.0705,
      "score": 75.7
    },
    "DOGE": {
      "tradeable": true,
      "spread_pct": 0.001072,
      "bid_depth_50": 240214.12,
      "ask_depth_50": 128263.16,
      "bid_depth_100": 240214.12,
      "ask_depth_100": 128263.16,
      "bid_depth_500": 240214.12,
      "ask_depth_500": 128263.16,
      "imbalance": 0.3038,
      "score": 94.2
    },
    "DOT": {
      "tradeable": false,
      "spread_pct": 0.052335,
      "bid_depth_50": 82393.87,
      "ask_depth_50": 118334.95,
      "bid_depth_100": 82393.87,
      "ask_depth_100": 118334.95,
      "bid_depth_500": 82393.87,
      "ask_depth_500": 118334.95,
      "imbalance": -0.1791,
      "score": 56.5
    },
    "ENA": {
      "tradeable": true,
      "spread_pct": 0.029301,
      "bid_depth_50": 200189.94,
      "ask_depth_50": 226532.83,
      "bid_depth_100": 200189.94,
      "ask_depth_100": 226532.83,
      "bid_depth_500": 200189.94,
      "ask_depth_500": 226532.83,
      "imbalance": -0.0617,
      "score": 77.4
    },
    "ETH": {
      "tradeable": true,
      "spread_pct": 0.004671,
      "bid_depth_50": 5344010.89,
      "ask_depth_50": 7804556.4,
      "bid_depth_100": 5344010.89,
      "ask_depth_100": 7804556.4,
      "bid_depth_500": 5344010.89,
      "ask_depth_500": 7804556.4,
      "imbalance": -0.1871,
      "score": 100
    },
    "FARTCOIN": {
      "tradeable": true,
      "spread_pct": 0.020269,
      "bid_depth_50": 42397.55,
      "ask_depth_50": 44768.04,
      "bid_depth_100": 42397.55,
      "ask_depth_100": 44768.04,
      "bid_depth_500": 42397.55,
      "ask_depth_500": 44768.04,
      "imbalance": -0.0272,
      "score": 71.4
    },
    "HYPE": {
      "tradeable": true,
      "spread_pct": 0.002509,
      "bid_depth_50": 112964.0,
      "ask_depth_50": 181443.1,
      "bid_depth_100": 112964.0,
      "ask_depth_100": 181443.1,
      "bid_depth_500": 112964.0,
      "ask_depth_500": 181443.1,
      "imbalance": -0.2326,
      "score": 90.9
    },
    "INJ": {
      "tradeable": true,
      "spread_pct": 0.043295,
      "bid_depth_50": 49646.5,
      "ask_depth_50": 33419.07,
      "bid_depth_100": 49646.5,
      "ask_depth_100": 38212.84,
      "bid_depth_500": 49646.5,
      "ask_depth_500": 38212.84,
      "imbalance": 0.1954,
      "score": 48.4
    },
    "JUP": {
      "tradeable": false,
      "spread_pct": 0.068765,
      "bid_depth_50": 64272.83,
      "ask_depth_50": 41542.35,
      "bid_depth_100": 64272.83,
      "ask_depth_100": 41542.35,
      "bid_depth_500": 64272.83,
      "ask_depth_500": 41542.35,
      "imbalance": 0.2148,
      "score": 51.2
    },
    "LDO": {
      "tradeable": true,
      "spread_pct": 0.020231,
      "bid_depth_50": 32758.84,
      "ask_depth_50": 69498.25,
      "bid_depth_100": 32758.84,
      "ask_depth_100": 69498.25,
      "bid_depth_500": 32758.84,
      "ask_depth_500": 69498.25,
      "imbalance": -0.3593,
      "score": 72.1
    },
    "LINK": {
      "tradeable": true,
      "spread_pct": 0.004432,
      "bid_depth_50": 107869.02,
      "ask_depth_50": 86067.84,
      "bid_depth_100": 107869.02,
      "ask_depth_100": 86067.84,
      "bid_depth_500": 107869.02,
      "ask_depth_500": 86067.84,
      "imbalance": 0.1124,
      "score": 86.4
    },
    "LTC": {
      "tradeable": true,
      "spread_pct": 0.008987,
      "bid_depth_50": 160369.91,
      "ask_depth_50": 155554.32,
      "bid_depth_100": 160369.91,
      "ask_depth_100": 155554.32,
      "bid_depth_500": 160369.91,
      "ask_depth_500": 155554.32,
      "imbalance": 0.0152,
      "score": 91.8
    },
    "NEAR": {
      "tradeable": true,
      "spread_pct": 0.02978,
      "bid_depth_50": 190310.4,
      "ask_depth_50": 115311.37,
      "bid_depth_100": 190310.4,
      "ask_depth_100": 115311.37,
      "bid_depth_500": 190310.4,
      "ask_depth_500": 115311.37,
      "imbalance": 0.2454,
      "score": 71.6
    },
    "ONDO": {
      "tradeable": true,
      "spread_pct": 0.019576,
      "bid_depth_50": 52169.92,
      "ask_depth_50": 82002.94,
      "bid_depth_100": 52169.92,
      "ask_depth_100": 82002.94,
      "bid_depth_500": 52169.92,
      "ask_depth_500": 82002.94,
      "imbalance": -0.2223,
      "score": 74.2
    },
    "OP": {
      "tradeable": true,
      "spread_pct": 0.033234,
      "bid_depth_50": 49599.09,
      "ask_depth_50": 96203.76,
      "bid_depth_100": 49599.09,
      "ask_depth_100": 104239.23,
      "bid_depth_500": 49599.09,
      "ask_depth_500": 104239.23,
      "imbalance": -0.3196,
      "score": 61.4
    },
    "PAXG": {
      "tradeable": true,
      "spread_pct": 0.002152,
      "bid_depth_50": 561278.6,
      "ask_depth_50": 335407.12,
      "bid_depth_100": 561278.6,
      "ask_depth_100": 335407.12,
      "bid_depth_500": 561278.6,
      "ask_depth_500": 335407.12,
      "imbalance": 0.2519,
      "score": 100
    },
    "PUMP": {
      "tradeable": false,
      "spread_pct": 0.054127,
      "bid_depth_50": 351185.15,
      "ask_depth_50": 302955.18,
      "bid_depth_100": 717644.79,
      "ask_depth_100": 713542.27,