{
  "timestamp": "2026-03-19T11:29:42.321377+00:00",
  "coins": {
    "AAVE": {
      "tradeable": true,
      "spread_pct": 0.017414,
      "bid_depth_50": 232948.3,
      "ask_depth_50": 319541.05,
      "bid_depth_100": 232948.3,
      "ask_depth_100": 319541.05,
      "bid_depth_500": 232948.3,
      "ask_depth_500": 319541.05,
      "imbalance": -0.1567,
      "score": 92.6
    },
    "ADA": {
      "tradeable": true,
      "spread_pct": 0.00742,
      "bid_depth_50": 115398.07,
      "ask_depth_50": 140251.32,
      "bid_depth_100": 115398.07,
      "ask_depth_100": 140251.32,
      "bid_depth_500": 115398.07,
      "ask_depth_500": 140251.32,
      "imbalance": -0.0972,
      "score": 89.1
    },
    "APT": {
      "tradeable": true,
      "spread_pct": 0.020751,
      "bid_depth_50": 72255.47,
      "ask_depth_50": 106979.49,
      "bid_depth_100": 72255.47,
      "ask_depth_100": 106979.49,
      "bid_depth_500": 72255.47,
      "ask_depth_500": 106979.49,
      "imbalance": -0.1937,
      "score": 75.0
    },
    "ARB": {
      "tradeable": true,
      "spread_pct": 0.009943,
      "bid_depth_50": 208704.48,
      "ask_depth_50": 188785.5,
      "bid_depth_100": 208704.48,
      "ask_depth_100": 188785.5,
      "bid_depth_500": 208704.48,
      "ask_depth_500": 188785.5,
      "imbalance": 0.0501,
      "score": 95.4
    },
    "AVAX": {
      "tradeable": true,
      "spread_pct": 0.01883,
      "bid_depth_50": 144554.2,
      "ask_depth_50": 119892.48,
      "bid_depth_100": 144554.2,
      "ask_depth_100": 119892.48,
      "bid_depth_500": 144554.2,
      "ask_depth_500": 119892.48,
      "imbalance": 0.0933,
      "score": 80.7
    },
    "BCH": {
      "tradeable": true,
      "spread_pct": 0.015306,
      "bid_depth_50": 78396.34,
      "ask_depth_50": 93229.94,
      "bid_depth_100": 78396.34,
      "ask_depth_100": 93229.94,
      "bid_depth_500": 78396.34,
      "ask_depth_500": 93229.94,
      "imbalance": -0.0864,
      "score": 80.1
    },
    "BNB": {
      "tradeable": true,
      "spread_pct": 0.0031,
      "bid_depth_50": 148316.86,
      "ask_depth_50": 46774.13,
      "bid_depth_100": 148316.86,
      "ask_depth_100": 46774.13,
      "bid_depth_500": 148316.86,
      "ask_depth_500": 46774.13,
      "imbalance": 0.5205,
      "score": 86.4
    },
    "BTC": {
      "tradeable": true,
      "spread_pct": 0.001425,
      "bid_depth_50": 2150579.92,
      "ask_depth_50": 4893308.56,
      "bid_depth_100": 2150579.92,
      "ask_depth_100": 4893308.56,
      "bid_depth_500": 2150579.92,
      "ask_depth_500": 4893308.56,
      "imbalance": -0.3894,
      "score": 100
    },
    "CRV": {
      "tradeable": true,
      "spread_pct": 0.046247,
      "bid_depth_50": 111431.68,
      "ask_depth_50": 97020.56,
      "bid_depth_100": 111431.68,
      "ask_depth_100": 97020.56,
      "bid_depth_500": 111431.68,
      "ask_depth_500": 97020.56,
      "imbalance": 0.0691,
      "score": 50.8
    },
    "DOGE": {
      "tradeable": true,
      "spread_pct": 0.001062,
      "bid_depth_50": 281347.19,
      "ask_depth_50": 98015.08,
      "bid_depth_100": 281347.19,
      "ask_depth_100": 98015.08,
      "bid_depth_500": 281347.19,
      "ask_depth_500": 98015.08,
      "imbalance": 0.4833,
      "score": 94.6
    },
    "DOT": {
      "tradeable": true,
      "spread_pct": 0.032545,
      "bid_depth_50": 82638.28,
      "ask_depth_50": 134025.79,
      "bid_depth_100": 82638.28,
      "ask_depth_100": 134025.79,
      "bid_depth_500": 82638.28,
      "ask_depth_500": 134025.79,
      "imbalance": -0.2372,
      "score": 64.9
    },
    "ENA": {
      "tradeable": true,
      "spread_pct": 0.029029,
      "bid_depth_50": 228303.19,
      "ask_depth_50": 2699440.3,
      "bid_depth_100": 228303.19,
      "ask_depth_100": 2699440.3,
      "bid_depth_500": 228303.19,
      "ask_depth_500": 2699440.3,
      "imbalance": -0.844,
      "score": 81.0
    },
    "ETH": {
      "tradeable": true,
      "spread_pct": 0.0046,
      "bid_depth_50": 8928804.03,
      "ask_depth_50": 10080111.35,
      "bid_depth_100": 8928804.03,
      "ask_depth_100": 10080111.35,
      "bid_depth_500": 8928804.03,
      "ask_depth_500": 10080111.35,
      "imbalance": -0.0606,
      "score": 100
    },
    "FARTCOIN": {
      "tradeable": true,
      "spread_pct": 0.015369,
      "bid_depth_50": 64100.36,
      "ask_depth_50": 26558.38,
      "bid_depth_100": 64100.36,
      "ask_depth_100": 26558.38,
      "bid_depth_500": 64100.36,
      "ask_depth_500": 26558.38,
      "imbalance": 0.4141,
      "score": 76.4
    },
    "HYPE": {
      "tradeable": true,
      "spread_pct": 0.002507,
      "bid_depth_50": 189096.38,
      "ask_depth_50": 199378.34,
      "bid_depth_100": 189096.38,
      "ask_depth_100": 199378.34,
      "bid_depth_500": 189096.38,
      "ask_depth_500": 199378.34,
      "imbalance": -0.0265,
      "score": 95.0
    },
    "INJ": {
      "tradeable": true,
      "spread_pct": 0.00332,
      "bid_depth_50": 24677.9,
      "ask_depth_50": 184773.36,
      "bid_depth_100": 24677.9,
      "ask_depth_100": 197933.28,
      "bid_depth_500": 24677.9,
      "ask_depth_500": 197933.28,
      "imbalance": -0.7644,
      "score": 87.7
    },
    "JUP": {
      "tradeable": true,
      "spread_pct": 0.03695,
      "bid_depth_50": 47066.07,
      "ask_depth_50": 42812.69,
      "bid_depth_100": 47066.07,
      "ask_depth_100": 42812.69,
      "bid_depth_500": 47066.07,
      "ask_depth_500": 42812.69,
      "imbalance": 0.0473,
      "score": 54.8
    },
    "LDO": {
      "tradeable": true,
      "spread_pct": 0.023328,
      "bid_depth_50": 36035.69,
      "ask_depth_50": 60838.27,
      "bid_depth_100": 36035.69,
      "ask_depth_100": 60838.27,
      "bid_depth_500": 36035.69,
      "ask_depth_500": 60838.27,
      "imbalance": -0.256,
      "score": 68.8
    },
    "LINK": {
      "tradeable": true,
      "spread_pct": 0.019719,
      "bid_depth_50": 131972.58,
      "ask_depth_50": 114806.36,
      "bid_depth_100": 131972.58,
      "ask_depth_100": 114806.36,
      "bid_depth_500": 131972.58,
      "ask_depth_500": 114806.36,
      "imbalance": 0.0696,
      "score": 79.0
    },
    "LTC": {
      "tradeable": true,
      "spread_pct": 0.014433,
      "bid_depth_50": 138183.03,
      "ask_depth_50": 178287.94,
      "bid_depth_100": 138183.03,
      "ask_depth_100": 178287.94,
      "bid_depth_500": 138183.03,
      "ask_depth_500": 178287.94,
      "imbalance": -0.1267,
      "score": 87.4
    },
    "NEAR": {
      "tradeable": true,
      "spread_pct": 0.029494,
      "bid_depth_50": 163185.92,
      "ask_depth_50": 163295.62,
      "bid_depth_100": 163185.92,
      "ask_depth_100": 163295.62,
      "bid_depth_500": 163185.92,
      "ask_depth_500": 163295.62,
      "imbalance": -0.0003,
      "score": 72.8
    },
    "ONDO": {
      "tradeable": true,
      "spread_pct": 0.003829,
      "bid_depth_50": 60547.4,
      "ask_depth_50": 67060.95,
      "bid_depth_100": 60547.4,
      "ask_depth_100": 67060.95,
      "bid_depth_500": 60547.4,
      "ask_depth_500": 67060.95,
      "imbalance": -0.051,
      "score": 83.4
    },
    "OP": {
      "tradeable": true,
      "spread_pct": 0.032725,
      "bid_depth_50": 36840.85,
      "ask_depth_50": 85927.17,
      "bid_depth_100": 113515.28,
      "ask_depth_100": 85927.17,
      "bid_depth_500": 113515.28,
      "ask_depth_500": 85927.17,
      "imbalance": -0.3998,
      "score": 63.9
    },
    "PAXG": {
      "tradeable": true,
      "spread_pct": 0.002137,
      "bid_depth_50": 554610.72,
      "ask_depth_50": 382038.05,
      "bid_depth_100": 554610.72,
      "ask_depth_100": 382038.05,
      "bid_depth_500": 554610.72,
      "ask_depth_500": 382038.05,
      "imbalance": 0.1842,
      "score": 100
    },
    "PUMP": {
      "tradeable": false,
      "spread_pct": 0.105485,
      "bid_depth_50": 441570.34,
      "ask_depth_50": 382091.36,
      "bid_depth_100": 759776.93,