{
  "timestamp": "2026-03-19T20:20:07.843460+00:00",
  "coins": {
    "AAVE": {
      "tradeable": true,
      "spread_pct": 0.01794,
      "bid_depth_50": 265523.39,
      "ask_depth_50": 240893.15,
      "bid_depth_100": 265523.39,
      "ask_depth_100": 240893.15,
      "bid_depth_500": 265523.39,
      "ask_depth_500": 240893.15,
      "imbalance": 0.0486,
      "score": 92.1
    },
    "ADA": {
      "tradeable": true,
      "spread_pct": 0.0187,
      "bid_depth_50": 112521.31,
      "ask_depth_50": 96725.76,
      "bid_depth_100": 112521.31,
      "ask_depth_100": 96725.76,
      "bid_depth_500": 112521.31,
      "ask_depth_500": 96725.76,
      "imbalance": 0.0755,
      "score": 78.4
    },
    "APT": {
      "tradeable": true,
      "spread_pct": 0.010564,
      "bid_depth_50": 120004.94,
      "ask_depth_50": 107316.88,
      "bid_depth_100": 120004.94,
      "ask_depth_100": 107316.88,
      "bid_depth_500": 120004.94,
      "ask_depth_500": 107316.88,
      "imbalance": 0.0558,
      "score": 87.3
    },
    "ARB": {
      "tradeable": true,
      "spread_pct": 0.02021,
      "bid_depth_50": 161658.42,
      "ask_depth_50": 248910.85,
      "bid_depth_100": 161658.42,
      "ask_depth_100": 248910.85,
      "bid_depth_500": 161658.42,
      "ask_depth_500": 248910.85,
      "imbalance": -0.2125,
      "score": 85.8
    },
    "AVAX": {
      "tradeable": true,
      "spread_pct": 0.008401,
      "bid_depth_50": 39155.05,
      "ask_depth_50": 62711.58,
      "bid_depth_100": 39155.05,
      "ask_depth_100": 62711.58,
      "bid_depth_500": 39155.05,
      "ask_depth_500": 62711.58,
      "imbalance": -0.2312,
      "score": 82.3
    },
    "BCH": {
      "tradeable": true,
      "spread_pct": 0.026212,
      "bid_depth_50": 88481.49,
      "ask_depth_50": 79512.51,
      "bid_depth_100": 88481.49,
      "ask_depth_100": 79512.51,
      "bid_depth_500": 88481.49,
      "ask_depth_500": 79512.51,
      "imbalance": 0.0534,
      "score": 69.0
    },
    "BNB": {
      "tradeable": true,
      "spread_pct": 0.006241,
      "bid_depth_50": 124285.28,
      "ask_depth_50": 122637.47,
      "bid_depth_100": 124285.28,
      "ask_depth_100": 122637.47,
      "bid_depth_500": 124285.28,
      "ask_depth_500": 122637.47,
      "imbalance": 0.0067,
      "score": 88.8
    },
    "BTC": {
      "tradeable": true,
      "spread_pct": 0.00142,
      "bid_depth_50": 3191850.11,
      "ask_depth_50": 1609990.35,
      "bid_depth_100": 3191850.11,
      "ask_depth_100": 1609990.35,
      "bid_depth_500": 3191850.11,
      "ask_depth_500": 1609990.35,
      "imbalance": 0.3294,
      "score": 100
    },
    "CRV": {
      "tradeable": true,
      "spread_pct": 0.004261,
      "bid_depth_50": 95432.46,
      "ask_depth_50": 100729.17,
      "bid_depth_100": 95432.46,
      "ask_depth_100": 100729.17,
      "bid_depth_500": 95432.46,
      "ask_depth_500": 100729.17,
      "imbalance": -0.027,
      "score": 86.5
    },
    "DOGE": {
      "tradeable": true,
      "spread_pct": 0.00107,
      "bid_depth_50": 234638.08,
      "ask_depth_50": 137468.06,
      "bid_depth_100": 234638.08,
      "ask_depth_100": 137468.06,
      "bid_depth_500": 234638.08,
      "ask_depth_500": 137468.06,
      "imbalance": 0.2611,
      "score": 94.3
    },
    "DOT": {
      "tradeable": true,
      "spread_pct": 0.045852,
      "bid_depth_50": 80769.11,
      "ask_depth_50": 192181.56,
      "bid_depth_100": 80769.11,
      "ask_depth_100": 192181.56,
      "bid_depth_500": 80769.11,
      "ask_depth_500": 192181.56,
      "imbalance": -0.4082,
      "score": 54.1
    },
    "ENA": {
      "tradeable": true,
      "spread_pct": 0.029162,
      "bid_depth_50": 244619.89,
      "ask_depth_50": 259925.38,
      "bid_depth_100": 244619.89,
      "ask_depth_100": 259925.38,
      "bid_depth_500": 244619.89,
      "ask_depth_500": 259925.38,
      "imbalance": -0.0303,
      "score": 80.8
    },
    "ETH": {
      "tradeable": true,
      "spread_pct": 0.00466,
      "bid_depth_50": 8175259.29,
      "ask_depth_50": 9242829.47,
      "bid_depth_100": 8175259.29,
      "ask_depth_100": 9242829.47,
      "bid_depth_500": 8175259.29,
      "ask_depth_500": 9242829.47,
      "imbalance": -0.0613,
      "score": 100
    },
    "FARTCOIN": {
      "tradeable": true,
      "spread_pct": 0.005033,
      "bid_depth_50": 47767.99,
      "ask_depth_50": 41469.83,
      "bid_depth_100": 47767.99,
      "ask_depth_100": 41469.83,
      "bid_depth_500": 47767.99,
      "ask_depth_500": 41469.83,
      "imbalance": 0.0706,
      "score": 81.7
    },
    "HYPE": {
      "tradeable": true,
      "spread_pct": 0.002502,
      "bid_depth_50": 118200.82,
      "ask_depth_50": 117671.7,
      "bid_depth_100": 118200.82,
      "ask_depth_100": 117671.7,
      "bid_depth_500": 118200.82,
      "ask_depth_500": 117671.7,
      "imbalance": 0.0022,
      "score": 88.3
    },
    "INJ": {
      "tradeable": true,
      "spread_pct": 0.03653,
      "bid_depth_50": 40857.6,
      "ask_depth_50": 29024.83,
      "bid_depth_100": 40857.6,
      "ask_depth_100": 29024.83,
      "bid_depth_500": 40857.6,
      "ask_depth_500": 29024.83,
      "imbalance": 0.1693,
      "score": 54.4
    },
    "JUP": {
      "tradeable": false,
      "spread_pct": 0.056248,
      "bid_depth_50": 37538.92,
      "ask_depth_50": 67283.2,
      "bid_depth_100": 37538.92,
      "ask_depth_100": 67283.2,
      "bid_depth_500": 37538.92,
      "ask_depth_500": 67283.2,
      "imbalance": -0.2838,
      "score": 52.0
    },
    "LDO": {
      "tradeable": true,
      "spread_pct": 0.037014,
      "bid_depth_50": 45777.54,
      "ask_depth_50": 61521.94,
      "bid_depth_100": 45777.54,
      "ask_depth_100": 61521.94,
      "bid_depth_500": 45777.54,
      "ask_depth_500": 61521.94,
      "imbalance": -0.1467,
      "score": 55.5
    },
    "LINK": {
      "tradeable": true,
      "spread_pct": 0.009947,
      "bid_depth_50": 95781.19,
      "ask_depth_50": 76543.36,
      "bid_depth_100": 95781.19,
      "ask_depth_100": 76543.36,
      "bid_depth_500": 95781.19,
      "ask_depth_500": 76543.36,
      "imbalance": 0.1116,
      "score": 85.4
    },
    "LTC": {
      "tradeable": true,
      "spread_pct": 0.012546,
      "bid_depth_50": 107317.0,
      "ask_depth_50": 166430.3,
      "bid_depth_100": 107317.0,
      "ask_depth_100": 166430.3,
      "bid_depth_500": 107317.0,
      "ask_depth_500": 166430.3,
      "imbalance": -0.2159,
      "score": 87.4
    },
    "NEAR": {
      "tradeable": true,
      "spread_pct": 0.029824,
      "bid_depth_50": 116166.2,
      "ask_depth_50": 110536.28,
      "bid_depth_100": 116166.2,
      "ask_depth_100": 110536.28,
      "bid_depth_500": 116166.2,
      "ask_depth_500": 110536.28,
      "imbalance": 0.0248,
      "score": 68.0
    },
    "ONDO": {
      "tradeable": true,
      "spread_pct": 0.027328,
      "bid_depth_50": 44271.29,
      "ask_depth_50": 82679.91,
      "bid_depth_100": 44271.29,
      "ask_depth_100": 82679.91,
      "bid_depth_500": 44271.29,
      "ask_depth_500": 82679.91,
      "imbalance": -0.3025,
      "score": 66.1
    },
    "OP": {
      "tradeable": true,
      "spread_pct": 0.033236,
      "bid_depth_50": 48983.13,
      "ask_depth_50": 101203.67,
      "bid_depth_100": 48983.13,
      "ask_depth_100": 101203.67,
      "bid_depth_500": 48983.13,
      "ask_depth_500": 101203.67,
      "imbalance": -0.3477,
      "score": 61.2
    },
    "PAXG": {
      "tradeable": true,
      "spread_pct": 0.002145,
      "bid_depth_50": 527137.63,
      "ask_depth_50": 353848.47,
      "bid_depth_100": 527137.63,
      "ask_depth_100": 353848.47,
      "bid_depth_500": 527137.63,
      "ask_depth_500": 353848.47,
      "imbalance": 0.1967,
      "score": 100
    },
    "PUMP": {
      "tradeable": false,
      "spread_pct": 0.107991,
      "bid_depth_50": 406890.01,
      "ask_depth_50": 401068.0,
      "bid_depth_100": 719569.48,
      "ask_depth_100": 765591.88,