{
  "timestamp": "2026-03-19T20:45:11.809715+00:00",
  "coins": {
    "AAVE": {
      "tradeable": true,
      "spread_pct": 0.017867,
      "bid_depth_50": 272865.41,
      "ask_depth_50": 230544.0,
      "bid_depth_100": 272865.41,
      "ask_depth_100": 230544.0,
      "bid_depth_500": 272865.41,
      "ask_depth_500": 230544.0,
      "imbalance": 0.0841,
      "score": 92.1
    },
    "ADA": {
      "tradeable": true,
      "spread_pct": 0.011196,
      "bid_depth_50": 143854.33,
      "ask_depth_50": 115946.81,
      "bid_depth_100": 143854.33,
      "ask_depth_100": 115946.81,
      "bid_depth_500": 143854.33,
      "ask_depth_500": 115946.81,
      "imbalance": 0.1074,
      "score": 88.1
    },
    "APT": {
      "tradeable": true,
      "spread_pct": 0.031781,
      "bid_depth_50": 89456.57,
      "ask_depth_50": 111399.87,
      "bid_depth_100": 89456.57,
      "ask_depth_100": 111399.87,
      "bid_depth_500": 89456.57,
      "ask_depth_500": 111399.87,
      "imbalance": -0.1092,
      "score": 64.9
    },
    "ARB": {
      "tradeable": true,
      "spread_pct": 0.020214,
      "bid_depth_50": 198485.04,
      "ask_depth_50": 270426.43,
      "bid_depth_100": 198485.04,
      "ask_depth_100": 270426.43,
      "bid_depth_500": 198485.04,
      "ask_depth_500": 270426.43,
      "imbalance": -0.1534,
      "score": 88.4
    },
    "AVAX": {
      "tradeable": true,
      "spread_pct": 0.008406,
      "bid_depth_50": 58826.42,
      "ask_depth_50": 86214.96,
      "bid_depth_100": 58826.42,
      "ask_depth_100": 86214.96,
      "bid_depth_500": 58826.42,
      "ask_depth_500": 86214.96,
      "imbalance": -0.1888,
      "score": 84.2
    },
    "BCH": {
      "tradeable": true,
      "spread_pct": 0.015301,
      "bid_depth_50": 82422.19,
      "ask_depth_50": 72559.31,
      "bid_depth_100": 82422.19,
      "ask_depth_100": 72559.31,
      "bid_depth_500": 82422.19,
      "ask_depth_500": 72559.31,
      "imbalance": 0.0636,
      "score": 79.4
    },
    "BNB": {
      "tradeable": true,
      "spread_pct": 0.007791,
      "bid_depth_50": 81503.2,
      "ask_depth_50": 128007.34,
      "bid_depth_100": 81503.2,
      "ask_depth_100": 128007.34,
      "bid_depth_500": 81503.2,
      "ask_depth_500": 128007.34,
      "imbalance": -0.222,
      "score": 87.1
    },
    "BTC": {
      "tradeable": true,
      "spread_pct": 0.001418,
      "bid_depth_50": 2734719.4,
      "ask_depth_50": 3423882.99,
      "bid_depth_100": 2734719.4,
      "ask_depth_100": 3423882.99,
      "bid_depth_500": 2734719.4,
      "ask_depth_500": 3423882.99,
      "imbalance": -0.1119,
      "score": 100
    },
    "CRV": {
      "tradeable": true,
      "spread_pct": 0.004248,
      "bid_depth_50": 86414.27,
      "ask_depth_50": 91968.45,
      "bid_depth_100": 86414.27,
      "ask_depth_100": 91968.45,
      "bid_depth_500": 86414.27,
      "ask_depth_500": 91968.45,
      "imbalance": -0.0311,
      "score": 85.7
    },
    "DOGE": {
      "tradeable": true,
      "spread_pct": 0.007485,
      "bid_depth_50": 260772.81,
      "ask_depth_50": 142765.94,
      "bid_depth_100": 260772.81,
      "ask_depth_100": 142765.94,
      "bid_depth_500": 260772.81,
      "ask_depth_500": 142765.94,
      "imbalance": 0.2924,
      "score": 95.7
    },
    "DOT": {
      "tradeable": true,
      "spread_pct": 0.013088,
      "bid_depth_50": 77307.04,
      "ask_depth_50": 115225.79,
      "bid_depth_100": 77307.04,
      "ask_depth_100": 115225.79,
      "bid_depth_500": 77307.04,
      "ask_depth_500": 115225.79,
      "imbalance": -0.1969,
      "score": 83.2
    },
    "ENA": {
      "tradeable": true,
      "spread_pct": 0.038733,
      "bid_depth_50": 221002.99,
      "ask_depth_50": 281836.7,
      "bid_depth_100": 221002.99,
      "ask_depth_100": 281836.7,
      "bid_depth_500": 221002.99,
      "ask_depth_500": 281836.7,
      "imbalance": -0.121,
      "score": 71.3
    },
    "ETH": {
      "tradeable": true,
      "spread_pct": 0.004657,
      "bid_depth_50": 6853891.38,
      "ask_depth_50": 8674010.39,
      "bid_depth_100": 6853891.38,
      "ask_depth_100": 8674010.39,
      "bid_depth_500": 6853891.38,
      "ask_depth_500": 8674010.39,
      "imbalance": -0.1172,
      "score": 100
    },
    "FARTCOIN": {
      "tradeable": true,
      "spread_pct": 0.020144,
      "bid_depth_50": 54426.45,
      "ask_depth_50": 49793.31,
      "bid_depth_100": 54426.45,
      "ask_depth_100": 49793.31,
      "bid_depth_500": 54426.45,
      "ask_depth_500": 49793.31,
      "imbalance": 0.0445,
      "score": 72.3
    },
    "HYPE": {
      "tradeable": true,
      "spread_pct": 0.002511,
      "bid_depth_50": 129781.4,
      "ask_depth_50": 77475.8,
      "bid_depth_100": 129781.4,
      "ask_depth_100": 77475.8,
      "bid_depth_500": 129781.4,
      "ask_depth_500": 77475.8,
      "imbalance": 0.2524,
      "score": 87.0
    },
    "INJ": {
      "tradeable": false,
      "spread_pct": 0.05304,
      "bid_depth_50": 51276.31,
      "ask_depth_50": 35688.48,
      "bid_depth_100": 51276.31,
      "ask_depth_100": 35688.48,
      "bid_depth_500": 51276.31,
      "ask_depth_500": 35688.48,
      "imbalance": 0.1792,
      "score": 51.4
    },
    "JUP": {
      "tradeable": true,
      "spread_pct": 0.043757,
      "bid_depth_50": 42794.26,
      "ask_depth_50": 42510.15,
      "bid_depth_100": 42794.26,
      "ask_depth_100": 42510.15,
      "bid_depth_500": 42794.26,
      "ask_depth_500": 42510.15,
      "imbalance": 0.0033,
      "score": 47.8
    },
    "LDO": {
      "tradeable": true,
      "spread_pct": 0.033645,
      "bid_depth_50": 36699.63,
      "ask_depth_50": 58593.04,
      "bid_depth_100": 36699.63,
      "ask_depth_100": 58593.04,
      "bid_depth_500": 36699.63,
      "ask_depth_500": 58593.04,
      "imbalance": -0.2297,
      "score": 58.4
    },
    "LINK": {
      "tradeable": true,
      "spread_pct": 0.007731,
      "bid_depth_50": 130315.2,
      "ask_depth_50": 50920.1,
      "bid_depth_100": 130315.2,
      "ask_depth_100": 50920.1,
      "bid_depth_500": 130315.2,
      "ask_depth_500": 50920.1,
      "imbalance": 0.4381,
      "score": 85.8
    },
    "LTC": {
      "tradeable": true,
      "spread_pct": 0.008949,
      "bid_depth_50": 111949.84,
      "ask_depth_50": 141704.13,
      "bid_depth_100": 111949.84,
      "ask_depth_100": 141704.13,
      "bid_depth_500": 111949.84,
      "ask_depth_500": 141704.13,
      "imbalance": -0.1173,
      "score": 89.1
    },
    "NEAR": {
      "tradeable": true,
      "spread_pct": 0.029875,
      "bid_depth_50": 151422.43,
      "ask_depth_50": 147351.67,
      "bid_depth_100": 151422.43,
      "ask_depth_100": 147351.67,
      "bid_depth_500": 151422.43,
      "ask_depth_500": 147351.67,
      "imbalance": 0.0136,
      "score": 71.2
    },
    "ONDO": {
      "tradeable": true,
      "spread_pct": 0.02728,
      "bid_depth_50": 36677.99,
      "ask_depth_50": 74783.31,
      "bid_depth_100": 36677.99,
      "ask_depth_100": 74783.31,
      "bid_depth_500": 36677.99,
      "ask_depth_500": 74783.31,
      "imbalance": -0.3419,
      "score": 65.5
    },
    "OP": {
      "tradeable": true,
      "spread_pct": 0.033195,
      "bid_depth_50": 61700.4,
      "ask_depth_50": 93455.16,
      "bid_depth_100": 61700.4,
      "ask_depth_100": 93455.16,
      "bid_depth_500": 61700.4,
      "ask_depth_500": 93455.16,
      "imbalance": -0.2047,
      "score": 61.5
    },
    "PAXG": {
      "tradeable": true,
      "spread_pct": 0.002146,
      "bid_depth_50": 199340.97,
      "ask_depth_50": 164679.47,
      "bid_depth_100": 199340.97,
      "ask_depth_100": 164679.47,
      "bid_depth_500": 199340.97,
      "ask_depth_500": 164679.47,
      "imbalance": 0.0952,
      "score": 94.0
    },
    "PUMP": {
      "tradeable": false,
      "spread_pct": 0.053894,
      "bid_depth_50": 381076.92,
      "ask_depth_50": 381059.68,
      "bid_depth_100": 699191.75,
      "ask_depth_100": 677214.82,