{
  "timestamp": "2026-03-18T20:18:27.012722+00:00",
  "coins": {
    "AAVE": {
      "regime": "trending",
      "confidence": 0.768,
      "prev_regime": "trending",
      "transition": true,
      "transition_age_min": 6,
      "hurst_24h": 0.77293118,
      "hurst_48h": 0.68606319,
      "dfa_24h": 0.5683406,
      "dfa_48h": 0.59069997,
      "lyapunov_24h": 1.63478523,
      "lyapunov_48h": 1.85435036,
      "hurst_trend": "rising",
      "dfa_trend": "flat"
    },
    "ADA": {
      "regime": "trending",
      "confidence": 0.833,
      "prev_regime": "trending",
      "transition": true,
      "transition_age_min": 120,
      "hurst_24h": 0.69837898,
      "hurst_48h": 0.70330498,
      "dfa_24h": 0.70145015,
      "dfa_48h": 0.65979566,
      "lyapunov_24h": 1.60682353,
      "lyapunov_48h": 1.82206865,
      "hurst_trend": "flat",
      "dfa_trend": "rising"
    },
    "APT": {
      "regime": "trending",
      "confidence": 0.74,
      "prev_regime": "trending",
      "transition": true,
      "transition_age_min": 120,
      "hurst_24h": 0.67285257,
      "hurst_48h": 0.75194642,
      "dfa_24h": 0.64332338,
      "dfa_48h": 0.61383285,
      "lyapunov_24h": 1.75245075,
      "lyapunov_48h": 1.81405707,
      "hurst_trend": "falling",
      "dfa_trend": "flat"
    },
    "ARB": {
      "regime": "trending",
      "confidence": 0.757,
      "prev_regime": "trending",
      "transition": true,
      "transition_age_min": 108,
      "hurst_24h": 0.66497637,
      "hurst_48h": 0.71196646,
      "dfa_24h": 0.66663699,
      "dfa_48h": 0.63880993,
      "lyapunov_24h": 1.66923421,
      "lyapunov_48h": 1.86182628,
      "hurst_trend": "falling",
      "dfa_trend": "flat"
    },
    "AVAX": {
      "regime": "trending",
      "confidence": 0.987,
      "prev_regime": "trending",
      "transition": true,
      "transition_age_min": 192,
      "hurst_24h": 0.68631939,
      "hurst_48h": 0.65562826,
      "dfa_24h": 0.85194662,
      "dfa_48h": 0.69894128,
      "lyapunov_24h": 1.80385505,
      "lyapunov_48h": 1.92482143,
      "hurst_trend": "rising",
      "dfa_trend": "rising"
    },
    "BCH": {
      "regime": "trending",
      "confidence": 0.876,
      "prev_regime": "trending",
      "transition": true,
      "transition_age_min": 132,
      "hurst_24h": 0.66703865,
      "hurst_48h": 0.67374551,
      "dfa_24h": 0.77099204,
      "dfa_48h": 0.62893259,
      "lyapunov_24h": 1.77423425,
      "lyapunov_48h": 1.62694717,
      "hurst_trend": "flat",
      "dfa_trend": "rising"
    },
    "BNB": {
      "regime": "trending",
      "confidence": 0.785,
      "prev_regime": "trending",
      "transition": true,
      "transition_age_min": 120,
      "hurst_24h": 0.73497309,
      "hurst_48h": 0.69090412,
      "dfa_24h": 0.62174459,
      "dfa_48h": 0.62464789,
      "lyapunov_24h": 1.65846707,
      "lyapunov_48h": 1.94050973,
      "hurst_trend": "rising",
      "dfa_trend": "flat"
    },
    "BTC": {
      "regime": "trending",
      "confidence": 0.801,
      "prev_regime": "trending",
      "transition": true,
      "transition_age_min": 174,
      "hurst_24h": 0.73174623,
      "hurst_48h": 0.7751885,
      "dfa_24h": 0.63902987,
      "dfa_48h": 0.64922886,
      "lyapunov_24h": 1.69200527,
      "lyapunov_48h": 1.80409106,
      "hurst_trend": "falling",
      "dfa_trend": "flat"
    },
    "CRV": {
      "regime": "trending",
      "confidence": 0.738,
      "prev_regime": "trending",
      "transition": true,
      "transition_age_min": 96,
      "hurst_24h": 0.72934965,
      "hurst_48h": 0.65715341,
      "dfa_24h": 0.58464423,
      "dfa_48h": 0.55691243,
      "lyapunov_24h": 1.69832142,
      "lyapunov_48h": 1.7606777,
      "hurst_trend": "rising",
      "dfa_trend": "flat"
    },
    "DOGE": {
      "regime": "trending",
      "confidence": 0.696,
      "prev_regime": "trending",
      "transition": true,
      "transition_age_min": 108,
      "hurst_24h": 0.66905079,
      "hurst_48h": 0.71997727,
      "dfa_24h": 0.6073997,
      "dfa_48h": 0.58621386,
      "lyapunov_24h": 1.54443393,
      "lyapunov_48h": 1.72338309,
      "hurst_trend": "falling",
      "dfa_trend": "flat"
    },
    "DOT": {
      "regime": "stable",
      "confidence": 0.5,
      "prev_regime": "stable",
      "transition": true,
      "transition_age_min": 6,
      "hurst_24h": 0.62597265,
      "hurst_48h": 0.68797327,
      "dfa_24h": 0.51478585,
      "dfa_48h": 0.50337101,
      "lyapunov_24h": 1.57914462,
      "lyapunov_48h": 1.77525952,
      "hurst_trend": "falling",
      "dfa_trend": "flat"
    },
    "ENA": {
      "regime": "trending",
      "confidence": 0.876,
      "prev_regime": "trending",
      "transition": true,
      "transition_age_min": 120,
      "hurst_24h": 0.76816582,
      "hurst_48h": 0.71897753,
      "dfa_24h": 0.66991124,
      "dfa_48h": 0.62797046,
      "lyapunov_24h": 1.76157977,
      "lyapunov_48h": 1.58378224,
      "hurst_trend": "rising",
      "dfa_trend": "rising"
    },
    "ETH": {
      "regime": "trending",
      "confidence": 0.823,
      "prev_regime": "trending",
      "transition": true,
      "transition_age_min": 132,
      "hurst_24h": 0.67728194,
      "hurst_48h": 0.66684982,
      "dfa_24h": 0.71306478,
      "dfa_48h": 0.63382435,
      "lyapunov_24h": 1.70247659,
      "lyapunov_48h": 1.65514462,
      "hurst_trend": "flat",
      "dfa_trend": "rising"
    },
    "FARTCOIN": {
      "regime": "trending",
      "confidence": 0.796,
      "prev_regime": "trending",
      "transition": true,
      "transition_age_min": 6,
      "hurst_24h": 0.72788628,
      "hurst_48h": 0.74779079,
      "dfa_24h": 0.63865505,
      "dfa_48h": 0.61390238,
      "lyapunov_24h": 1.56791381,
      "lyapunov_48h": 1.82427214,
      "hurst_trend": "flat",
      "dfa_trend": "flat"
    },
    "HYPE": {
      "regime": "trending",
      "confidence": 0.801,
      "prev_regime": "trending",
      "transition": true,
      "transition_age_min": 42,
      "hurst_24h": 0.78011341,
      "hurst_48h": 0.69337207,
      "dfa_24h": 0.59108433,
      "dfa_48h": 0.54697217,
      "lyapunov_24h": 1.56895087,
      "lyapunov_48h": 2.00564384,
      "hurst_trend": "rising",
      "dfa_trend": "rising"
    },
    "INJ": {
      "regime": "trending",
      "confidence": 0.885,
      "prev_regime": "trending",
      "transition": true,
      "transition_age_min": 132,
      "hurst_24h": 0.74024001,
      "hurst_48h": 0.77038295,
      "dfa_24h": 0.70640008,
      "dfa_48h": 0.64782902,
      "lyapunov_24h": 1.64609769,
      "lyapunov_48h": 1.81373774,
      "hurst_trend": "falling",
      "dfa_trend": "rising"
    },
    "JUP": {
      "regime": "trending",
      "confidence": 0.851,
      "prev_regime": "trending",
      "transition": true,
      "transition_age_min": 120,
      "hurst_24h": 0.74000582,
      "hurst_48h": 0.73155301,
      "dfa_24h": 0.67612639,
      "dfa_48h": 0.62079978,
      "lyapunov_24h": 1.62055683,
      "lyapunov_48h": 1.97775244,
      "hurst_trend": "flat",
      "dfa_trend": "rising"
    },
    "LDO": {
      "regime": "trending",
      "confidence": 0.846,
      "prev_regime": "trending",
      "transition": true,
      "transition_age_min": 120,
      "hurst_24h": 0.72247247,
      "hurst_48h": 0.60969339,
      "dfa_24h": 0.68896873,
      "dfa_48h": 0.56351704,
      "lyapunov_24h": 1.68037539,
      "lyapunov_48h": 1.69877303,
      "hurst_trend": "rising",
      "dfa_trend": "rising"
    },
    "LINK": {
      "regime": "trending",
      "confidence": 0.773,
      "prev_regime": "trending",
      "transition": true,
      "transition_age_min": 120,
      "hurst_24h": 0.6296527,
      "hurst_48h": 0.65829852,
      "dfa_24h": 0.71625427,
      "dfa_48h": 0.61196875,
      "lyapunov_24h": 1.80800643,
      "lyapunov_48h": 1.73779251,
      "hurst_trend": "flat",
      "dfa_trend": "rising"
    },
    "LTC": {
      "regime": "trending",
      "confidence": 0.751,
      "prev_regime": "trending",