{
  "timestamp": "2026-03-18T13:20:12.234834+00:00",
  "coins": {
    "AAVE": {
      "regime": "stable",
      "confidence": 0.5,
      "prev_regime": "stable",
      "transition": true,
      "transition_age_min": 65,
      "hurst_24h": 0.67833653,
      "hurst_48h": 0.69507603,
      "dfa_24h": 0.52022292,
      "dfa_48h": 0.5507522,
      "lyapunov_24h": 1.80780284,
      "lyapunov_48h": 1.85537335,
      "hurst_trend": "flat",
      "dfa_trend": "falling"
    },
    "ADA": {
      "regime": "trending",
      "confidence": 0.868,
      "prev_regime": "trending",
      "transition": true,
      "transition_age_min": 36,
      "hurst_24h": 0.69136723,
      "hurst_48h": 0.63604531,
      "dfa_24h": 0.74001108,
      "dfa_48h": 0.56881995,
      "lyapunov_24h": 1.80112464,
      "lyapunov_48h": 1.79903492,
      "hurst_trend": "rising",
      "dfa_trend": "rising"
    },
    "APT": {
      "regime": "trending",
      "confidence": 0.748,
      "prev_regime": "trending",
      "transition": true,
      "transition_age_min": 50,
      "hurst_24h": 0.69369499,
      "hurst_48h": 0.67985112,
      "dfa_24h": 0.62907364,
      "dfa_48h": 0.51392087,
      "lyapunov_24h": 1.78768515,
      "lyapunov_48h": 1.83472357,
      "hurst_trend": "flat",
      "dfa_trend": "rising"
    },
    "ARB": {
      "regime": "trending",
      "confidence": 0.664,
      "prev_regime": "trending",
      "transition": true,
      "transition_age_min": 20,
      "hurst_24h": 0.65144269,
      "hurst_48h": 0.74733104,
      "dfa_24h": 0.59577865,
      "dfa_48h": 0.57470852,
      "lyapunov_24h": 1.80601962,
      "lyapunov_48h": 1.67013468,
      "hurst_trend": "falling",
      "dfa_trend": "flat"
    },
    "AVAX": {
      "regime": "chaotic",
      "confidence": 0.984,
      "prev_regime": "chaotic",
      "transition": true,
      "transition_age_min": 262,
      "hurst_24h": 0.65380534,
      "hurst_48h": 0.74857862,
      "dfa_24h": 0.71625949,
      "dfa_48h": 0.59691999,
      "lyapunov_24h": 2.04397882,
      "lyapunov_48h": 1.74976474,
      "hurst_trend": "falling",
      "dfa_trend": "rising"
    },
    "BCH": {
      "regime": "trending",
      "confidence": 0.795,
      "prev_regime": "trending",
      "transition": true,
      "transition_age_min": 10,
      "hurst_24h": 0.72563195,
      "hurst_48h": 0.69883994,
      "dfa_24h": 0.64028989,
      "dfa_48h": 0.46898969,
      "lyapunov_24h": 1.8664499,
      "lyapunov_48h": 1.84645267,
      "hurst_trend": "flat",
      "dfa_trend": "rising"
    },
    "BNB": {
      "regime": "trending",
      "confidence": 0.766,
      "prev_regime": "trending",
      "transition": true,
      "transition_age_min": 50,
      "hurst_24h": 0.71291385,
      "hurst_48h": 0.66202884,
      "dfa_24h": 0.62625231,
      "dfa_48h": 0.52028419,
      "lyapunov_24h": 1.65169938,
      "lyapunov_48h": 1.83393236,
      "hurst_trend": "rising",
      "dfa_trend": "rising"
    },
    "BTC": {
      "regime": "chaotic",
      "confidence": 0.836,
      "prev_regime": "chaotic",
      "transition": true,
      "transition_age_min": 97,
      "hurst_24h": 0.68683814,
      "hurst_48h": 0.71922567,
      "dfa_24h": 0.66290747,
      "dfa_48h": 0.54139708,
      "lyapunov_24h": 1.98853132,
      "lyapunov_48h": 1.79329483,
      "hurst_trend": "falling",
      "dfa_trend": "rising"
    },
    "CRV": {
      "regime": "trending",
      "confidence": 0.726,
      "prev_regime": "trending",
      "transition": true,
      "transition_age_min": 20,
      "hurst_24h": 0.70737164,
      "hurst_48h": 0.67786119,
      "dfa_24h": 0.59601725,
      "dfa_48h": 0.53321498,
      "lyapunov_24h": 1.86746401,
      "lyapunov_48h": 1.66473621,
      "hurst_trend": "flat",
      "dfa_trend": "rising"
    },
    "DOGE": {
      "regime": "trending",
      "confidence": 0.603,
      "prev_regime": "trending",
      "transition": true,
      "transition_age_min": 20,
      "hurst_24h": 0.62852992,
      "hurst_48h": 0.65609238,
      "dfa_24h": 0.56446573,
      "dfa_48h": 0.52857251,
      "lyapunov_24h": 1.70967185,
      "lyapunov_48h": 1.84943088,
      "hurst_trend": "flat",
      "dfa_trend": "rising"
    },
    "DOT": {
      "regime": "trending",
      "confidence": 0.692,
      "prev_regime": "trending",
      "transition": true,
      "transition_age_min": 10,
      "hurst_24h": 0.70842404,
      "hurst_48h": 0.67676044,
      "dfa_24h": 0.56470967,
      "dfa_48h": 0.45051915,
      "lyapunov_24h": 1.84322102,
      "lyapunov_48h": 1.67262157,
      "hurst_trend": "rising",
      "dfa_trend": "rising"
    },
    "ENA": {
      "regime": "trending",
      "confidence": 0.808,
      "prev_regime": "trending",
      "transition": false,
      "transition_age_min": 0,
      "hurst_24h": 0.73456098,
      "hurst_48h": 0.72301495,
      "dfa_24h": 0.64239933,
      "dfa_48h": 0.56695256,
      "lyapunov_24h": 1.80792489,
      "lyapunov_48h": 1.78022134,
      "hurst_trend": "flat",
      "dfa_trend": "rising"
    },
    "ETH": {
      "regime": "trending",
      "confidence": 0.8,
      "prev_regime": "trending",
      "transition": true,
      "transition_age_min": 10,
      "hurst_24h": 0.65932835,
      "hurst_48h": 0.70309677,
      "dfa_24h": 0.7106818,
      "dfa_48h": 0.49130487,
      "lyapunov_24h": 1.88227718,
      "lyapunov_48h": 1.7429272,
      "hurst_trend": "falling",
      "dfa_trend": "rising"
    },
    "FARTCOIN": {
      "regime": "trending",
      "confidence": 0.885,
      "prev_regime": "trending",
      "transition": true,
      "transition_age_min": 36,
      "hurst_24h": 0.81871765,
      "hurst_48h": 0.7568324,
      "dfa_24h": 0.62765006,
      "dfa_48h": 0.61476785,
      "lyapunov_24h": 1.78288488,
      "lyapunov_48h": 1.85657153,
      "hurst_trend": "rising",
      "dfa_trend": "flat"
    },
    "HYPE": {
      "regime": "trending",
      "confidence": 1.0,
      "prev_regime": "trending",
      "transition": false,
      "transition_age_min": 0,
      "hurst_24h": 0.88883308,
      "hurst_48h": 0.67389354,
      "dfa_24h": 0.73684252,
      "dfa_48h": 0.4967563,
      "lyapunov_24h": 1.70634597,
      "lyapunov_48h": 2.06892074,
      "hurst_trend": "rising",
      "dfa_trend": "rising"
    },
    "INJ": {
      "regime": "trending",
      "confidence": 0.757,
      "prev_regime": "trending",
      "transition": true,
      "transition_age_min": 10,
      "hurst_24h": 0.66572095,
      "hurst_48h": 0.75078985,
      "dfa_24h": 0.66530921,
      "dfa_48h": 0.57742865,
      "lyapunov_24h": 1.88383205,
      "lyapunov_48h": 1.80242982,
      "hurst_trend": "falling",
      "dfa_trend": "rising"
    },
    "JUP": {
      "regime": "trending",
      "confidence": 0.79,
      "prev_regime": "trending",
      "transition": true,
      "transition_age_min": 50,
      "hurst_24h": 0.75686195,
      "hurst_48h": 0.67961371,
      "dfa_24h": 0.60422399,
      "dfa_48h": 0.56817577,
      "lyapunov_24h": 1.84477732,
      "lyapunov_48h": 1.99466585,
      "hurst_trend": "rising",
      "dfa_trend": "rising"
    },
    "LDO": {
      "regime": "chaotic",
      "confidence": 1.0,
      "prev_regime": "chaotic",
      "transition": true,
      "transition_age_min": 321,
      "hurst_24h": 0.67935916,
      "hurst_48h": 0.69601073,
      "dfa_24h": 0.63479051,
      "dfa_48h": 0.52578869,
      "lyapunov_24h": 2.07388248,
      "lyapunov_48h": 1.7487552,
      "hurst_trend": "flat",
      "dfa_trend": "rising"
    },
    "LINK": {
      "regime": "chaotic",
      "confidence": 0.717,
      "prev_regime": "chaotic",
      "transition": true,
      "transition_age_min": 366,
      "hurst_24h": 0.68654612,
      "hurst_48h": 0.71259712,
      "dfa_24h": 0.70051636,
      "dfa_48h": 0.47889817,
      "lyapunov_24h": 1.94385415,
      "lyapunov_48h": 1.77036108,
      "hurst_trend": "flat",
      "dfa_trend": "rising"
    },
    "LTC": {
      "regime": "trending",
      "confidence": 0.783,
      "prev_regime": "trending",