{
  "timestamp": "2026-03-18T11:52:06.144539+00:00",
  "coins": {
    "BTC": {
      "regime": "chaotic",
      "confidence": 0.723,
      "prev_regime": "chaotic",
      "transition": true,
      "transition_age_min": 10,
      "hurst_24h": 0.73344207,
      "hurst_48h": 0.7308087,
      "dfa_24h": 0.5499737,
      "dfa_48h": 0.53303287,
      "lyapunov_24h": 1.94610207,
      "lyapunov_48h": 1.79016153,
      "hurst_trend": "flat",
      "dfa_trend": "flat"
    },
    "ETH": {
      "regime": "chaotic",
      "confidence": 0.772,
      "prev_regime": "chaotic",
      "transition": true,
      "transition_age_min": 25,
      "hurst_24h": 0.65199416,
      "hurst_48h": 0.70735829,
      "dfa_24h": 0.57099186,
      "dfa_48h": 0.58299029,
      "lyapunov_24h": 1.96431893,
      "lyapunov_48h": 1.73546797,
      "hurst_trend": "falling",
      "dfa_trend": "flat"
    },
    "SOL": {
      "regime": "trending",
      "confidence": 0.655,
      "prev_regime": "trending",
      "transition": true,
      "transition_age_min": 25,
      "hurst_24h": 0.66077004,
      "hurst_48h": 0.69228088,
      "dfa_24h": 0.57829018,
      "dfa_48h": 0.52022988,
      "lyapunov_24h": 1.72134758,
      "lyapunov_48h": 1.82437021,
      "hurst_trend": "falling",
      "dfa_trend": "rising"
    },
    "DOGE": {
      "regime": "trending",
      "confidence": 0.786,
      "prev_regime": "trending",
      "transition": true,
      "transition_age_min": 55,
      "hurst_24h": 0.76186777,
      "hurst_48h": 0.70344662,
      "dfa_24h": 0.59579319,
      "dfa_48h": 0.56038605,
      "lyapunov_24h": 1.85398665,
      "lyapunov_48h": 1.84693412,
      "hurst_trend": "rising",
      "dfa_trend": "rising"
    },
    "AVAX": {
      "regime": "chaotic",
      "confidence": 0.899,
      "prev_regime": "chaotic",
      "transition": true,
      "transition_age_min": 175,
      "hurst_24h": 0.6789069,
      "hurst_48h": 0.73604513,
      "dfa_24h": 0.45843462,
      "dfa_48h": 0.60838692,
      "lyapunov_24h": 2.01229104,
      "lyapunov_48h": 1.69714876,
      "hurst_trend": "falling",
      "dfa_trend": "falling"
    },
    "LINK": {
      "regime": "chaotic",
      "confidence": 0.923,
      "prev_regime": "chaotic",
      "transition": true,
      "transition_age_min": 279,
      "hurst_24h": 0.66418623,
      "hurst_48h": 0.71189882,
      "dfa_24h": 0.51147909,
      "dfa_48h": 0.52637803,
      "lyapunov_24h": 2.02095323,
      "lyapunov_48h": 1.80993055,
      "hurst_trend": "falling",
      "dfa_trend": "flat"
    },
    "ARB": {
      "regime": "stable",
      "confidence": 0.5,
      "prev_regime": "stable",
      "transition": true,
      "transition_age_min": 10,
      "hurst_24h": 0.73486589,
      "hurst_48h": 0.73037806,
      "dfa_24h": 0.46427515,
      "dfa_48h": 0.63542924,
      "lyapunov_24h": 1.85662529,
      "lyapunov_48h": 1.62005071,
      "hurst_trend": "flat",
      "dfa_trend": "falling"
    },
    "NEAR": {
      "regime": "trending",
      "confidence": 0.761,
      "prev_regime": "trending",
      "transition": true,
      "transition_age_min": 10,
      "hurst_24h": 0.75157683,
      "hurst_48h": 0.79472666,
      "dfa_24h": 0.58369235,
      "dfa_48h": 0.72442698,
      "lyapunov_24h": 1.84696894,
      "lyapunov_48h": 1.82756779,
      "hurst_trend": "falling",
      "dfa_trend": "falling"
    },
    "SUI": {
      "regime": "chaotic",
      "confidence": 0.764,
      "prev_regime": "chaotic",
      "transition": true,
      "transition_age_min": 142,
      "hurst_24h": 0.69703456,
      "hurst_48h": 0.69870597,
      "dfa_24h": 0.51637612,
      "dfa_48h": 0.52192982,
      "lyapunov_24h": 1.96155638,
      "lyapunov_48h": 1.7925613,
      "hurst_trend": "flat",
      "dfa_trend": "flat"
    },
    "INJ": {
      "regime": "chaotic",
      "confidence": 0.906,
      "prev_regime": "chaotic",
      "transition": true,
      "transition_age_min": 175,
      "hurst_24h": 0.7347156,
      "hurst_48h": 0.75403973,
      "dfa_24h": 0.57263604,
      "dfa_48h": 0.73882806,
      "lyapunov_24h": 2.01467187,
      "lyapunov_48h": 1.81242939,
      "hurst_trend": "flat",
      "dfa_trend": "falling"
    },
    "AAVE": {
      "regime": "stable",
      "confidence": 0.5,
      "prev_regime": "stable",
      "transition": true,
      "transition_age_min": 25,
      "hurst_24h": 0.76332661,
      "hurst_48h": 0.70384697,
      "dfa_24h": 0.47144634,
      "dfa_48h": 0.56044298,
      "lyapunov_24h": 1.78064556,
      "lyapunov_48h": 1.88924648,
      "hurst_trend": "rising",
      "dfa_trend": "falling"
    },
    "ADA": {
      "regime": "chaotic",
      "confidence": 0.823,
      "prev_regime": "chaotic",
      "transition": true,
      "transition_age_min": 204,
      "hurst_24h": 0.75925505,
      "hurst_48h": 0.66109784,
      "dfa_24h": 0.55334251,
      "dfa_48h": 0.49575775,
      "lyapunov_24h": 1.98352301,
      "lyapunov_48h": 1.78639075,
      "hurst_trend": "rising",
      "dfa_trend": "rising"
    },
    "APT": {
      "regime": "trending",
      "confidence": 0.686,
      "prev_regime": "trending",
      "transition": true,
      "transition_age_min": 10,
      "hurst_24h": 0.71124409,
      "hurst_48h": 0.68543814,
      "dfa_24h": 0.55650181,
      "dfa_48h": 0.51913279,
      "lyapunov_24h": 1.82075965,
      "lyapunov_48h": 1.79739024,
      "hurst_trend": "flat",
      "dfa_trend": "rising"
    },
    "BCH": {
      "regime": "chaotic",
      "confidence": 0.739,
      "prev_regime": "chaotic",
      "transition": true,
      "transition_age_min": 10,
      "hurst_24h": 0.76714339,
      "hurst_48h": 0.6959264,
      "dfa_24h": 0.53661685,
      "dfa_48h": 0.40948157,
      "lyapunov_24h": 1.9522535,
      "lyapunov_48h": 1.87635952,
      "hurst_trend": "rising",
      "dfa_trend": "rising"
    },
    "BNB": {
      "regime": "stable",
      "confidence": 0.5,
      "prev_regime": "stable",
      "transition": true,
      "transition_age_min": 85,
      "hurst_24h": 0.7376967,
      "hurst_48h": 0.66302399,
      "dfa_24h": 0.50983124,
      "dfa_48h": 0.48853232,
      "lyapunov_24h": 1.61595637,
      "lyapunov_48h": 1.85392192,
      "hurst_trend": "rising",
      "dfa_trend": "flat"
    },
    "CRV": {
      "regime": "chaotic",
      "confidence": 0.751,
      "prev_regime": "chaotic",
      "transition": true,
      "transition_age_min": 25,
      "hurst_24h": 0.78031586,
      "hurst_48h": 0.71010766,
      "dfa_24h": 0.56899108,
      "dfa_48h": 0.54838171,
      "lyapunov_24h": 1.95663205,
      "lyapunov_48h": 1.66090625,
      "hurst_trend": "rising",
      "dfa_trend": "flat"
    },
    "DOT": {
      "regime": "stable",
      "confidence": 0.5,
      "prev_regime": "stable",
      "transition": true,
      "transition_age_min": 70,
      "hurst_24h": 0.76931109,
      "hurst_48h": 0.64976905,
      "dfa_24h": 0.46916094,
      "dfa_48h": 0.58412176,
      "lyapunov_24h": 1.71953728,
      "lyapunov_48h": 1.65023972,
      "hurst_trend": "rising",
      "dfa_trend": "falling"
    },
    "LDO": {
      "regime": "chaotic",
      "confidence": 1.0,
      "prev_regime": "chaotic",
      "transition": true,
      "transition_age_min": 234,
      "hurst_24h": 0.73271489,
      "hurst_48h": 0.7104735,
      "dfa_24h": 0.47951017,
      "dfa_48h": 0.55455322,
      "lyapunov_24h": 2.11939806,
      "lyapunov_48h": 1.74830744,
      "hurst_trend": "flat",
      "dfa_trend": "falling"
    },
    "LTC": {
      "regime": "trending",
      "confidence": 0.795,
      "prev_regime": "trending",
      "transition": true,
      "transition_age_min": 175,
      "hurst_24h": 0.76736588,
      "hurst_48h": 0.65827733,
      "dfa_24h": 0.59855519,
      "dfa_48h": 0.49309022,
      "lyapunov_24h": 1.77772131,
      "lyapunov_48h": 1.7154793,
      "hurst_trend": "rising",
      "dfa_trend": "rising"
    },
    "OP": {
      "regime": "trending",
      "confidence": 0.848,
      "prev_regime": "trending",
      "transition": true,