{
  "timestamp": "2026-03-18T08:03:41.372192+00:00",
  "coins": {
    "BTC": {
      "fast_bias": "bullish",
      "slow_bias": "neutral",
      "pattern": "NEUTRAL",
      "strength": 67,
      "confirmation_score": 0.0,
      "adx": 67.7903,
      "fast_indicators": {
        "RSI_3H30M": 78.521127,
        "ADX_3H30M": 67.790262,
        "CMO_3H30M": 57.042254,
        "BB_POSITION_15M": 0.886102,
        "CLOUD_POSITION_15M": 1.0,
        "CLOSE_PRICE_15M": 73912.5,
        "EMA_3H_N": 0.999199,
        "MOMENTUM_2H30M_N": 0.0,
        "EMA_CROSS_15M_N": 0.00039,
        "MACD_CROSS_15M_N": 0.000155
      },
      "slow_indicators": {
        "DFA_24H": 0.541218,
        "HURST_24H": 0.705299,
        "LYAPUNOV_24H": 1.829391,
        "RSI_24H": 48.138713,
        "MACD_N_24H": -0.000249,
        "MOMENTUM_N_24H": -0.006092,
        "ROC_24H": -0.609153,
        "BB_POS_24H": 0.309193,
        "EMA_N_24H": 1.003083,
        "EMA_N_48H": 1.002831
      }
    },
    "ETH": {
      "fast_bias": "bullish",
      "slow_bias": "neutral",
      "pattern": "NEUTRAL",
      "strength": 67,
      "confirmation_score": 0.0,
      "adx": 59.5506,
      "fast_indicators": {
        "RSI_3H30M": 78.021978,
        "ADX_3H30M": 59.550562,
        "CMO_3H30M": 56.043956,
        "BB_POSITION_15M": 0.948194,
        "CLOUD_POSITION_15M": 1.0,
        "CLOSE_PRICE_15M": 2319.35,
        "EMA_3H_N": 0.999059,
        "MOMENTUM_2H30M_N": 0.0,
        "EMA_CROSS_15M_N": 0.000346,
        "MACD_CROSS_15M_N": 0.000166
      },
      "slow_indicators": {
        "DFA_24H": 0.578455,
        "HURST_24H": 0.662144,
        "LYAPUNOV_24H": 1.813557,
        "RSI_24H": 48.851775,
        "MACD_N_24H": 0.000691,
        "MOMENTUM_N_24H": -0.00472,
        "ROC_24H": -0.472032,
        "BB_POS_24H": 0.302232,
        "EMA_N_24H": 1.002135,
        "EMA_N_48H": 0.999419
      }
    },
    "SOL": {
      "fast_bias": "bullish",
      "slow_bias": "neutral",
      "pattern": "NEUTRAL",
      "strength": 67,
      "confirmation_score": 0.0,
      "adx": 55.3846,
      "fast_indicators": {
        "RSI_3H30M": 61.058824,
        "ADX_3H30M": 55.384615,
        "CMO_3H30M": 22.117647,
        "BB_POSITION_15M": 0.990089,
        "CLOUD_POSITION_15M": 1.0,
        "CLOSE_PRICE_15M": 94.0395,
        "EMA_3H_N": 0.999117,
        "MOMENTUM_2H30M_N": 4e-06,
        "EMA_CROSS_15M_N": 0.000134,
        "MACD_CROSS_15M_N": 0.000159
      },
      "slow_indicators": {
        "DFA_24H": 0.504801,
        "HURST_24H": 0.703816,
        "LYAPUNOV_24H": 1.733976,
        "RSI_24H": 48.52539,
        "MACD_N_24H": -0.000174,
        "MOMENTUM_N_24H": -0.006833,
        "ROC_24H": -0.683308,
        "BB_POS_24H": 0.3285,
        "EMA_N_24H": 1.00457,
        "EMA_N_48H": 1.003944
      }
    },
    "DOGE": {
      "fast_bias": "bullish",
      "slow_bias": "neutral",
      "pattern": "NEUTRAL",
      "strength": 67,
      "confirmation_score": 0.0,
      "adx": 78.7546,
      "fast_indicators": {
        "RSI_3H30M": 83.390411,
        "ADX_3H30M": 78.754579,
        "CMO_3H30M": 66.780822,
        "BB_POSITION_15M": 1.154003,
        "CLOUD_POSITION_15M": 1.0,
        "CLOSE_PRICE_15M": 0.099706,
        "EMA_3H_N": 0.997995,
        "MOMENTUM_2H30M_N": 0.029459,
        "EMA_CROSS_15M_N": 0.000517,
        "MACD_CROSS_15M_N": 0.00036
      },
      "slow_indicators": {
        "DFA_24H": 0.541483,
        "HURST_24H": 0.80792,
        "LYAPUNOV_24H": 1.792517,
        "RSI_24H": 48.171215,
        "MACD_N_24H": -0.00114,
        "MOMENTUM_N_24H": -0.009625,
        "ROC_24H": -0.962503,
        "BB_POS_24H": 0.283451,
        "EMA_N_24H": 1.007801,
        "EMA_N_48H": 1.011302
      }
    },
    "AVAX": {
      "fast_bias": "bullish",
      "slow_bias": "neutral",
      "pattern": "NEUTRAL",
      "strength": 67,
      "confirmation_score": 0.0,
      "adx": 81.3559,
      "fast_indicators": {
        "RSI_3H30M": 80.0,
        "ADX_3H30M": 81.355932,
        "CMO_3H30M": 60.0,
        "BB_POSITION_15M": 1.03952,
        "CLOUD_POSITION_15M": 1.0,
        "CLOSE_PRICE_15M": 10.2645,
        "EMA_3H_N": 0.998807,
        "MOMENTUM_2H30M_N": 0.000181,
        "EMA_CROSS_15M_N": 0.000527,
        "MACD_CROSS_15M_N": 0.000204
      },
      "slow_indicators": {
        "DFA_24H": 0.523901,
        "HURST_24H": 0.722449,
        "LYAPUNOV_24H": 1.882237,
        "RSI_24H": 48.034433,
        "MACD_N_24H": -0.00063,
        "MOMENTUM_N_24H": -0.006629,
        "ROC_24H": -0.662925,
        "BB_POS_24H": 0.502732,
        "EMA_N_24H": 1.000399,
        "EMA_N_48H": 1.002296
      }
    },
    "LINK": {
      "fast_bias": "bullish",
      "slow_bias": "neutral",
      "pattern": "NEUTRAL",
      "strength": 83,
      "confirmation_score": 0.0,
      "adx": 79.4727,
      "fast_indicators": {
        "RSI_3H30M": 89.770554,
        "ADX_3H30M": 79.472693,
        "CMO_3H30M": 79.541109,
        "BB_POSITION_15M": 1.122913,
        "CLOUD_POSITION_15M": 1.0,
        "CLOSE_PRICE_15M": 9.8343,
        "EMA_3H_N": 0.997992,
        "MOMENTUM_2H30M_N": 0.000291,
        "EMA_CROSS_15M_N": 0.0008,
        "MACD_CROSS_15M_N": 0.000276
      },
      "slow_indicators": {
        "DFA_24H": 0.555821,
        "HURST_24H": 0.717948,
        "LYAPUNOV_24H": 1.991451,
        "RSI_24H": 50.544471,
        "MACD_N_24H": 0.000619,
        "MOMENTUM_N_24H": 0.002278,
        "ROC_24H": 0.227783,
        "BB_POS_24H": 0.579472,
        "EMA_N_24H": 0.999184,
        "EMA_N_48H": 0.997768
      }
    },
    "ARB": {
      "fast_bias": "bullish",
      "slow_bias": "neutral",
      "pattern": "NEUTRAL",
      "strength": 67,
      "confirmation_score": 0.0,
      "adx": 83.7838,
      "fast_indicators": {
        "RSI_3H30M": 98.148148,
        "ADX_3H30M": 83.783784,
        "CMO_3H30M": 96.296296,
        "BB_POSITION_15M": 1.014179,
        "CLOUD_POSITION_15M": 1.0,
        "CLOSE_PRICE_15M": 0.10815,
        "EMA_3H_N": 0.997781,
        "MOMENTUM_2H30M_N": 0.030881,
        "EMA_CROSS_15M_N": 0.001056,
        "MACD_CROSS_15M_N": 0.000385
      },
      "slow_indicators": {
        "DFA_24H": 0.581226,
        "HURST_24H": 0.723434,
        "LYAPUNOV_24H": 1.984162,
        "RSI_24H": 48.943089,
        "MACD_N_24H": -0.000672,
        "MOMENTUM_N_24H": -0.004785,
        "ROC_24H": -0.478513,
        "BB_POS_24H": 0.492171,
        "EMA_N_24H": 1.001038,
        "EMA_N_48H": 1.002932
      }
    },
    "NEAR": {
      "fast_bias": "bullish",
      "slow_bias": "neutral",
      "pattern": "NEUTRAL",
      "strength": 75,
      "confirmation_score": 0.0,
      "adx": 75.2809,
      "fast_indicators": {
        "RSI_3H30M": 88.75,
        "ADX_3H30M": 75.280899,
        "CMO_3H30M": 77.5,
        "BB_POSITION_15M": 1.126699,
        "CLOUD_POSITION_15M": 1.0,
        "CLOSE_PRICE_15M": 1.4426,
        "EMA_3H_N": 0.997783,
        "MOMENTUM_2H30M_N": 0.002411,
        "EMA_CROSS_15M_N": 0.000767,
        "MACD_CROSS_15M_N": 0.000327
      },
      "slow_indicators": {
        "DFA_24H": 0.461376,
        "HURST_24H": 0.776257,
        "LYAPUNOV_24H": 1.826991,
        "RSI_24H": 46.735751,
        "MACD_N_24H": 0.000344,
        "MOMENTUM_N_24H": -0.015055,
        "ROC_24H": -1.505479,
        "BB_POS_24H": 0.120709,
        "EMA_N_24H": 1.005893,
        "EMA_N_48H": 1.00203
      }
    },
    "SUI": {
      "fast_bias": "bullish",
      "slow_bias": "neutral",
      "pattern": "NEUTRAL",
      "strength": 67,
      "confirmation_score": 0.0,
      "adx": 95.122,
      "fast_indicators": {
        "RSI_3H30M": 88.405797,
        "ADX_3H30M": 95.121951,
        "CMO_3H30M": 76.811594,
        "BB_POSITION_15M": 0.954412,
        "CLOUD_POSITION_15M": 1.0,
        "CLOSE_PRICE_15M": 1.02975,
        "EMA_3H_N": 0.998001,
        "MOMENTUM_2H30M_N": 0.003787,
        "EMA_CROSS_15M_N": 0.000992,
        "MACD_CROSS_15M_N": 0.000509
      },
      "slow_indicators": {
        "DFA_24H": 0.525986,