{
  "timestamp": "2026-03-18T10:07:22.105234+00:00",
  "coins": {
    "BTC": {
      "fast_bias": "bearish",
      "slow_bias": "bullish",
      "pattern": "TRAP_SHORT",
      "strength": 50,
      "confirmation_score": -1.0,
      "adx": 18.6275,
      "fast_indicators": {
        "RSI_3H30M": 43.277311,
        "ADX_3H30M": 18.627451,
        "CMO_3H30M": -13.445378,
        "BB_POSITION_15M": 0.087431,
        "CLOUD_POSITION_15M": -1.0,
        "CLOSE_PRICE_15M": 74063.5,
        "EMA_3H_N": 1.000657,
        "MOMENTUM_2H30M_N": 0.0,
        "EMA_CROSS_15M_N": -0.000231,
        "MACD_CROSS_15M_N": -7.9e-05
      },
      "slow_indicators": {
        "DFA_24H": 0.603931,
        "HURST_24H": 0.666549,
        "LYAPUNOV_24H": 1.92802,
        "RSI_24H": 52.075714,
        "MACD_N_24H": -0.000349,
        "MOMENTUM_N_24H": 0.005703,
        "ROC_24H": 0.570315,
        "BB_POS_24H": 0.443839,
        "EMA_N_24H": 1.000931,
        "EMA_N_48H": 1.001152
      }
    },
    "ETH": {
      "fast_bias": "bearish",
      "slow_bias": "bullish",
      "pattern": "TRAP_SHORT",
      "strength": 58,
      "confirmation_score": -1.0,
      "adx": 9.8901,
      "fast_indicators": {
        "RSI_3H30M": 31.914894,
        "ADX_3H30M": 9.89011,
        "CMO_3H30M": -36.170213,
        "BB_POSITION_15M": -0.031395,
        "CLOUD_POSITION_15M": -1.0,
        "CLOSE_PRICE_15M": 2323.65,
        "EMA_3H_N": 1.001121,
        "MOMENTUM_2H30M_N": -1e-06,
        "EMA_CROSS_15M_N": -0.000474,
        "MACD_CROSS_15M_N": -0.000184
      },
      "slow_indicators": {
        "DFA_24H": 0.633279,
        "HURST_24H": 0.636701,
        "LYAPUNOV_24H": 1.932614,
        "RSI_24H": 51.526804,
        "MACD_N_24H": 0.000313,
        "MOMENTUM_N_24H": 0.005844,
        "ROC_24H": 0.584378,
        "BB_POS_24H": 0.41765,
        "EMA_N_24H": 1.000459,
        "EMA_N_48H": 0.998876
      }
    },
    "SOL": {
      "fast_bias": "bearish",
      "slow_bias": "bullish",
      "pattern": "TRAP_SHORT",
      "strength": 58,
      "confirmation_score": -1.0,
      "adx": 5.6689,
      "fast_indicators": {
        "RSI_3H30M": 40.875912,
        "ADX_3H30M": 5.668934,
        "CMO_3H30M": -18.248175,
        "BB_POSITION_15M": 0.074101,
        "CLOUD_POSITION_15M": -1.0,
        "CLOSE_PRICE_15M": 94.0445,
        "EMA_3H_N": 1.000903,
        "MOMENTUM_2H30M_N": -8e-06,
        "EMA_CROSS_15M_N": -0.000385,
        "MACD_CROSS_15M_N": -0.00014
      },
      "slow_indicators": {
        "DFA_24H": 0.562819,
        "HURST_24H": 0.708636,
        "LYAPUNOV_24H": 1.75561,
        "RSI_24H": 50.878821,
        "MACD_N_24H": -0.000715,
        "MOMENTUM_N_24H": 0.003639,
        "ROC_24H": 0.363914,
        "BB_POS_24H": 0.349665,
        "EMA_N_24H": 1.003947,
        "EMA_N_48H": 1.004152
      }
    },
    "DOGE": {
      "fast_bias": "bearish",
      "slow_bias": "bearish",
      "pattern": "CONFIRMATION_SHORT",
      "strength": 83,
      "confirmation_score": 1.0,
      "adx": 1.1364,
      "fast_indicators": {
        "RSI_3H30M": 39.305556,
        "ADX_3H30M": 1.136364,
        "CMO_3H30M": -21.388889,
        "BB_POSITION_15M": 0.072132,
        "CLOUD_POSITION_15M": -1.0,
        "CLOSE_PRICE_15M": 0.099538,
        "EMA_3H_N": 1.00138,
        "MOMENTUM_2H30M_N": -0.009378,
        "EMA_CROSS_15M_N": -0.000588,
        "MACD_CROSS_15M_N": -0.00022
      },
      "slow_indicators": {
        "DFA_24H": 0.552227,
        "HURST_24H": 0.77607,
        "LYAPUNOV_24H": 1.914816,
        "RSI_24H": 48.702777,
        "MACD_N_24H": -0.001936,
        "MOMENTUM_N_24H": -0.00626,
        "ROC_24H": -0.625967,
        "BB_POS_24H": 0.257148,
        "EMA_N_24H": 1.008191,
        "EMA_N_48H": 1.012295
      }
    },
    "AVAX": {
      "fast_bias": "bearish",
      "slow_bias": "bearish",
      "pattern": "CONFIRMATION_SHORT",
      "strength": 83,
      "confirmation_score": 1.0,
      "adx": 0.0,
      "fast_indicators": {
        "RSI_3H30M": 40.322581,
        "ADX_3H30M": 0.0,
        "CMO_3H30M": -19.354839,
        "BB_POSITION_15M": 0.244366,
        "CLOUD_POSITION_15M": -1.0,
        "CLOSE_PRICE_15M": 10.2425,
        "EMA_3H_N": 1.000453,
        "MOMENTUM_2H30M_N": -1.4e-05,
        "EMA_CROSS_15M_N": -0.000488,
        "MACD_CROSS_15M_N": -5.3e-05
      },
      "slow_indicators": {
        "DFA_24H": 0.517347,
        "HURST_24H": 0.596276,
        "LYAPUNOV_24H": 1.912975,
        "RSI_24H": 49.52381,
        "MACD_N_24H": -0.000592,
        "MOMENTUM_N_24H": -0.00156,
        "ROC_24H": -0.155968,
        "BB_POS_24H": 0.343057,
        "EMA_N_24H": 1.002314,
        "EMA_N_48H": 1.004113
      }
    },
    "LINK": {
      "fast_bias": "bearish",
      "slow_bias": "bullish",
      "pattern": "DIVERGENCE_BEAR",
      "strength": 50,
      "confirmation_score": -0.5,
      "adx": 21.9116,
      "fast_indicators": {
        "RSI_3H30M": 23.076923,
        "ADX_3H30M": 21.911632,
        "CMO_3H30M": -53.846154,
        "BB_POSITION_15M": -0.182059,
        "CLOUD_POSITION_15M": -1.0,
        "CLOSE_PRICE_15M": 9.80515,
        "EMA_3H_N": 1.001556,
        "MOMENTUM_2H30M_N": -0.000207,
        "EMA_CROSS_15M_N": -0.000523,
        "MACD_CROSS_15M_N": -0.000224
      },
      "slow_indicators": {
        "DFA_24H": 0.600836,
        "HURST_24H": 0.666835,
        "LYAPUNOV_24H": 2.01496,
        "RSI_24H": 51.553173,
        "MACD_N_24H": 0.000337,
        "MOMENTUM_N_24H": 0.006544,
        "ROC_24H": 0.654423,
        "BB_POS_24H": 0.389345,
        "EMA_N_24H": 1.002357,
        "EMA_N_48H": 1.00146
      }
    },
    "ARB": {
      "fast_bias": "bearish",
      "slow_bias": "bearish",
      "pattern": "CONFIRMATION_SHORT",
      "strength": 83,
      "confirmation_score": 1.0,
      "adx": 22.2222,
      "fast_indicators": {
        "RSI_3H30M": 38.554217,
        "ADX_3H30M": 22.222222,
        "CMO_3H30M": -22.891566,
        "BB_POSITION_15M": 0.069888,
        "CLOUD_POSITION_15M": -1.0,
        "CLOSE_PRICE_15M": 0.10756,
        "EMA_3H_N": 1.001846,
        "MOMENTUM_2H30M_N": -0.007773,
        "EMA_CROSS_15M_N": -0.000758,
        "MACD_CROSS_15M_N": -0.000218
      },
      "slow_indicators": {
        "DFA_24H": 0.547151,
        "HURST_24H": 0.68838,
        "LYAPUNOV_24H": 1.987136,
        "RSI_24H": 48.422436,
        "MACD_N_24H": -0.000936,
        "MOMENTUM_N_24H": -0.006649,
        "ROC_24H": -0.664943,
        "BB_POS_24H": 0.229044,
        "EMA_N_24H": 1.005852,
        "EMA_N_48H": 1.00791
      }
    },
    "NEAR": {
      "fast_bias": "bearish",
      "slow_bias": "bullish",
      "pattern": "DIVERGENCE_BEAR",
      "strength": 67,
      "confirmation_score": -0.5,
      "adx": 22.2222,
      "fast_indicators": {
        "RSI_3H30M": 39.033457,
        "ADX_3H30M": 22.222222,
        "CMO_3H30M": -21.933086,
        "BB_POSITION_15M": 0.021529,
        "CLOUD_POSITION_15M": -1.0,
        "CLOSE_PRICE_15M": 1.4506,
        "EMA_3H_N": 1.002031,
        "MOMENTUM_2H30M_N": -0.00102,
        "EMA_CROSS_15M_N": -9.3e-05,
        "MACD_CROSS_15M_N": -0.000401
      },
      "slow_indicators": {
        "DFA_24H": 0.4696,
        "HURST_24H": 0.742753,
        "LYAPUNOV_24H": 1.798917,
        "RSI_24H": 50.055635,
        "MACD_N_24H": -0.000327,
        "MOMENTUM_N_24H": 0.000241,
        "ROC_24H": 0.024134,
        "BB_POS_24H": 0.424989,
        "EMA_N_24H": 1.000053,
        "EMA_N_48H": 0.998395
      }
    },
    "SUI": {
      "fast_bias": "bearish",
      "slow_bias": "bullish",
      "pattern": "TRAP_SHORT",
      "strength": 58,
      "confirmation_score": -1.0,
      "adx": 8.5714,
      "fast_indicators": {
        "RSI_3H30M": 36.697248,
        "ADX_3H30M": 8.571429,
        "CMO_3H30M": -26.605505,
        "BB_POSITION_15M": -0.043271,
        "CLOUD_POSITION_15M": -1.0,
        "CLOSE_PRICE_15M": 1.02485,
        "EMA_3H_N": 1.00251,
        "MOMENTUM_2H30M_N": -0.003888,
        "EMA_CROSS_15M_N": -0.000885,