{
  "timestamp": "2026-03-18T09:15:57.102464+00:00",
  "coins": {
    "BTC": {
      "fast_bias": "bullish",
      "slow_bias": "bullish",
      "pattern": "CONFIRMATION_LONG",
      "strength": 75,
      "confirmation_score": 1.0,
      "adx": 98.9637,
      "fast_indicators": {
        "RSI_3H30M": 82.634731,
        "ADX_3H30M": 98.963731,
        "CMO_3H30M": 65.269461,
        "BB_POSITION_15M": 0.902761,
        "CLOUD_POSITION_15M": 1.0,
        "CLOSE_PRICE_15M": 74135.5,
        "EMA_3H_N": 0.999471,
        "MOMENTUM_2H30M_N": 0.0,
        "EMA_CROSS_15M_N": 0.00039,
        "MACD_CROSS_15M_N": 0.000107
      },
      "slow_indicators": {
        "RSI_24H": 50.572722,
        "MACD_N_24H": -0.00036,
        "MOMENTUM_N_24H": 0.001743,
        "ROC_24H": 0.174309,
        "BB_POS_24H": 0.512103,
        "EMA_N_24H": 0.999859,
        "EMA_N_48H": 0.999955,
        "DFA_24H": 0.569113,
        "HURST_24H": 0.698154,
        "LYAPUNOV_24H": 1.910736
      }
    },
    "ETH": {
      "fast_bias": "bullish",
      "slow_bias": "bullish",
      "pattern": "CONFIRMATION_LONG",
      "strength": 83,
      "confirmation_score": 1.0,
      "adx": 100.0,
      "fast_indicators": {
        "RSI_3H30M": 85.526316,
        "ADX_3H30M": 100.0,
        "CMO_3H30M": 71.052632,
        "BB_POSITION_15M": 0.886256,
        "CLOUD_POSITION_15M": 1.0,
        "CLOSE_PRICE_15M": 2327.35,
        "EMA_3H_N": 0.999186,
        "MOMENTUM_2H30M_N": 1e-06,
        "EMA_CROSS_15M_N": 0.000694,
        "MACD_CROSS_15M_N": 0.000167
      },
      "slow_indicators": {
        "DFA_24H": 0.535968,
        "HURST_24H": 0.637348,
        "LYAPUNOV_24H": 1.862443,
        "RSI_24H": 52.149487,
        "MACD_N_24H": 0.000376,
        "MOMENTUM_N_24H": 0.00762,
        "ROC_24H": 0.761987,
        "BB_POS_24H": 0.550635,
        "EMA_N_24H": 0.998577,
        "EMA_N_48H": 0.996651
      }
    },
    "SOL": {
      "fast_bias": "bullish",
      "slow_bias": "bullish",
      "pattern": "CONFIRMATION_LONG",
      "strength": 92,
      "confirmation_score": 1.0,
      "adx": 88.9764,
      "fast_indicators": {
        "RSI_3H30M": 76.955603,
        "ADX_3H30M": 88.976378,
        "CMO_3H30M": 53.911205,
        "BB_POSITION_15M": 0.86898,
        "CLOUD_POSITION_15M": 1.0,
        "CLOSE_PRICE_15M": 94.2345,
        "EMA_3H_N": 0.999161,
        "MOMENTUM_2H30M_N": 2.3e-05,
        "EMA_CROSS_15M_N": 0.000487,
        "MACD_CROSS_15M_N": 0.000245
      },
      "slow_indicators": {
        "DFA_24H": 0.521966,
        "HURST_24H": 0.706586,
        "LYAPUNOV_24H": 1.750383,
        "RSI_24H": 50.303193,
        "MACD_N_24H": -0.000534,
        "MOMENTUM_N_24H": 0.001201,
        "ROC_24H": 0.120058,
        "BB_POS_24H": 0.434302,
        "EMA_N_24H": 1.001943,
        "EMA_N_48H": 1.001816
      }
    },
    "DOGE": {
      "fast_bias": "bearish",
      "slow_bias": "bearish",
      "pattern": "CONFIRMATION_SHORT",
      "strength": 83,
      "confirmation_score": 1.0,
      "adx": 4.878,
      "fast_indicators": {
        "RSI_3H30M": 42.962963,
        "ADX_3H30M": 4.878049,
        "CMO_3H30M": -14.074074,
        "BB_POSITION_15M": 0.303534,
        "CLOUD_POSITION_15M": -1.0,
        "CLOSE_PRICE_15M": 0.099689,
        "EMA_3H_N": 1.000363,
        "MOMENTUM_2H30M_N": -0.008345,
        "EMA_CROSS_15M_N": -3.4e-05,
        "MACD_CROSS_15M_N": -2.4e-05
      },
      "slow_indicators": {
        "RSI_24H": 48.316411,
        "MACD_N_24H": -0.001653,
        "MOMENTUM_N_24H": -0.007724,
        "ROC_24H": -0.772408,
        "BB_POS_24H": 0.304716,
        "EMA_N_24H": 1.007084,
        "EMA_N_48H": 1.010922,
        "DFA_24H": 0.533297,
        "HURST_24H": 0.800813,
        "LYAPUNOV_24H": 1.884653
      }
    },
    "AVAX": {
      "fast_bias": "bullish",
      "slow_bias": "bearish",
      "pattern": "DIVERGENCE_BULL",
      "strength": 67,
      "confirmation_score": -0.5,
      "adx": 65.1163,
      "fast_indicators": {
        "RSI_3H30M": 63.333333,
        "ADX_3H30M": 65.116279,
        "CMO_3H30M": 26.666667,
        "BB_POSITION_15M": 0.686448,
        "CLOUD_POSITION_15M": 0.0,
        "CLOSE_PRICE_15M": 10.2565,
        "EMA_3H_N": 0.999917,
        "MOMENTUM_2H30M_N": 1e-05,
        "EMA_CROSS_15M_N": 0.000188,
        "MACD_CROSS_15M_N": 3.2e-05
      },
      "slow_indicators": {
        "RSI_24H": 49.454942,
        "MACD_N_24H": -0.00061,
        "MOMENTUM_N_24H": -0.00146,
        "ROC_24H": -0.146035,
        "BB_POS_24H": 0.465816,
        "EMA_N_24H": 1.000881,
        "EMA_N_48H": 1.002713,
        "DFA_24H": 0.560036,
        "HURST_24H": 0.641836,
        "LYAPUNOV_24H": 1.946875
      }
    },
    "LINK": {
      "fast_bias": "bearish",
      "slow_bias": "bullish",
      "pattern": "TRAP_SHORT",
      "strength": 67,
      "confirmation_score": -1.0,
      "adx": 7.7477,
      "fast_indicators": {
        "RSI_3H30M": 36.363636,
        "ADX_3H30M": 7.747748,
        "CMO_3H30M": -27.272727,
        "BB_POSITION_15M": 0.149972,
        "CLOUD_POSITION_15M": -1.0,
        "CLOSE_PRICE_15M": 9.82705,
        "EMA_3H_N": 1.001143,
        "MOMENTUM_2H30M_N": -0.000339,
        "EMA_CROSS_15M_N": -0.000228,
        "MACD_CROSS_15M_N": -0.000375
      },
      "slow_indicators": {
        "DFA_24H": 0.534965,
        "HURST_24H": 0.676188,
        "LYAPUNOV_24H": 1.98042,
        "RSI_24H": 52.30113,
        "MACD_N_24H": 0.00044,
        "MOMENTUM_N_24H": 0.008694,
        "ROC_24H": 0.8694,
        "BB_POS_24H": 0.537742,
        "EMA_N_24H": 0.99984,
        "EMA_N_48H": 0.998791
      }
    },
    "ARB": {
      "fast_bias": "bullish",
      "slow_bias": "bearish",
      "pattern": "TRAP_LONG",
      "strength": 42,
      "confirmation_score": -1.0,
      "adx": 8.1081,
      "fast_indicators": {
        "RSI_3H30M": 50.0,
        "ADX_3H30M": 8.108108,
        "CMO_3H30M": 0.0,
        "BB_POSITION_15M": 0.586347,
        "CLOUD_POSITION_15M": 0.0,
        "CLOSE_PRICE_15M": 0.10774,
        "EMA_3H_N": 0.999777,
        "MOMENTUM_2H30M_N": 0.002585,
        "EMA_CROSS_15M_N": -0.000294,
        "MACD_CROSS_15M_N": 9.4e-05
      },
      "slow_indicators": {
        "RSI_24H": 48.498845,
        "MACD_N_24H": -0.000892,
        "MOMENTUM_N_24H": -0.005997,
        "ROC_24H": -0.599686,
        "BB_POS_24H": 0.311276,
        "EMA_N_24H": 1.004294,
        "EMA_N_48H": 1.006376,
        "DFA_24H": 0.56805,
        "HURST_24H": 0.710815,
        "LYAPUNOV_24H": 1.999964
      }
    },
    "NEAR": {
      "fast_bias": "bullish",
      "slow_bias": "bearish",
      "pattern": "DIVERGENCE_BULL",
      "strength": 67,
      "confirmation_score": -0.5,
      "adx": 41.8182,
      "fast_indicators": {
        "RSI_3H30M": 70.319635,
        "ADX_3H30M": 41.818182,
        "CMO_3H30M": 40.639269,
        "BB_POSITION_15M": 1.131462,
        "CLOUD_POSITION_15M": 1.0,
        "CLOSE_PRICE_15M": 1.44505,
        "EMA_3H_N": 0.998234,
        "MOMENTUM_2H30M_N": 0.001512,
        "EMA_CROSS_15M_N": 0.000564,
        "MACD_CROSS_15M_N": 0.000206
      },
      "slow_indicators": {
        "DFA_24H": 0.468098,
        "HURST_24H": 0.75886,
        "LYAPUNOV_24H": 1.856131,
        "RSI_24H": 48.063859,
        "MACD_N_24H": -0.000368,
        "MOMENTUM_N_24H": -0.007827,
        "ROC_24H": -0.782725,
        "BB_POS_24H": 0.242288,
        "EMA_N_24H": 1.003502,
        "EMA_N_48H": 1.001084
      }
    },
    "SUI": {
      "fast_bias": "bullish",
      "slow_bias": "bullish",
      "pattern": "CONFIRMATION_LONG",
      "strength": 75,
      "confirmation_score": 1.0,
      "adx": 39.4958,
      "fast_indicators": {
        "RSI_3H30M": 51.219512,
        "ADX_3H30M": 39.495798,
        "CMO_3H30M": 2.439024,
        "BB_POSITION_15M": 0.524602,
        "CLOUD_POSITION_15M": -1.0,
        "CLOSE_PRICE_15M": 1.02645,
        "EMA_3H_N": 1.000197,
        "MOMENTUM_2H30M_N": -0.00019,
        "EMA_CROSS_15M_N": -0.000169,