{
  "timestamp": "2026-03-18T12:44:03.461039+00:00",
  "coins": {
    "BTC": {
      "fast_bias": "bearish",
      "slow_bias": "bearish",
      "pattern": "CONFIRMATION_SHORT",
      "strength": 67,
      "confirmation_score": 1.0,
      "adx": 65.2459,
      "fast_indicators": {
        "RSI_3H30M": 26.804124,
        "ADX_3H30M": 65.245902,
        "CMO_3H30M": -46.391753,
        "BB_POSITION_15M": 0.243805,
        "CLOUD_POSITION_15M": -1.0,
        "CLOSE_PRICE_15M": 72357.5,
        "EMA_3H_N": 1.001404,
        "MOMENTUM_2H30M_N": 0.0,
        "EMA_CROSS_15M_N": -0.001313,
        "MACD_CROSS_15M_N": 4e-06
      },
      "slow_indicators": {
        "DFA_24H": 0.648188,
        "HURST_24H": 0.690148,
        "RSI_24H": 44.200675,
        "MACD_N_24H": -0.002351,
        "MOMENTUM_N_24H": -0.020469,
        "ROC_24H": -2.046853,
        "BB_POS_24H": -0.499759,
        "EMA_N_24H": 1.022566,
        "EMA_N_48H": 1.024407,
        "LYAPUNOV_24H": 2.018966
      }
    },
    "ETH": {
      "fast_bias": "bearish",
      "slow_bias": "bearish",
      "pattern": "CONFIRMATION_SHORT",
      "strength": 83,
      "confirmation_score": 1.0,
      "adx": 64.0379,
      "fast_indicators": {
        "RSI_3H30M": 19.014085,
        "ADX_3H30M": 64.037855,
        "CMO_3H30M": -61.971831,
        "BB_POSITION_15M": 0.153485,
        "CLOUD_POSITION_15M": -1.0,
        "CLOSE_PRICE_15M": 2237.35,
        "EMA_3H_N": 1.002996,
        "MOMENTUM_2H30M_N": -1e-06,
        "EMA_CROSS_15M_N": -0.002314,
        "MACD_CROSS_15M_N": -0.000182
      },
      "slow_indicators": {
        "DFA_24H": 0.669048,
        "HURST_24H": 0.658362,
        "LYAPUNOV_24H": 1.927402,
        "RSI_24H": 42.027879,
        "MACD_N_24H": -0.003011,
        "MOMENTUM_N_24H": -0.035978,
        "ROC_24H": -3.59782,
        "BB_POS_24H": -0.73542,
        "EMA_N_24H": 1.036053,
        "EMA_N_48H": 1.037421
      }
    },
    "SOL": {
      "fast_bias": "bearish",
      "slow_bias": "bearish",
      "pattern": "CONFIRMATION_SHORT",
      "strength": 75,
      "confirmation_score": 1.0,
      "adx": 71.2657,
      "fast_indicators": {
        "RSI_3H30M": 25.877398,
        "ADX_3H30M": 71.265747,
        "CMO_3H30M": -48.245204,
        "BB_POSITION_15M": 0.272332,
        "CLOUD_POSITION_15M": -1.0,
        "CLOSE_PRICE_15M": 90.5305,
        "EMA_3H_N": 1.002115,
        "MOMENTUM_2H30M_N": 1.3e-05,
        "EMA_CROSS_15M_N": -0.003227,
        "MACD_CROSS_15M_N": -0.000101
      },
      "slow_indicators": {
        "DFA_24H": 0.636212,
        "HURST_24H": 0.659278,
        "LYAPUNOV_24H": 1.793252,
        "RSI_24H": 43.376784,
        "MACD_N_24H": -0.003964,
        "MOMENTUM_N_24H": -0.032158,
        "ROC_24H": -3.215788,
        "BB_POS_24H": -0.63992,
        "EMA_N_24H": 1.039396,
        "EMA_N_48H": 1.042078
      }
    },
    "DOGE": {
      "fast_bias": "bearish",
      "slow_bias": "bearish",
      "pattern": "CONFIRMATION_SHORT",
      "strength": 75,
      "confirmation_score": 1.0,
      "adx": 70.9634,
      "fast_indicators": {
        "RSI_3H30M": 23.301516,
        "ADX_3H30M": 70.963365,
        "CMO_3H30M": -53.396968,
        "BB_POSITION_15M": 0.256798,
        "CLOUD_POSITION_15M": -1.0,
        "CLOSE_PRICE_15M": 0.095873,
        "EMA_3H_N": 1.001852,
        "MOMENTUM_2H30M_N": 0.001088,
        "EMA_CROSS_15M_N": -0.002348,
        "MACD_CROSS_15M_N": -0.000139
      },
      "slow_indicators": {
        "DFA_24H": 0.549451,
        "HURST_24H": 0.663818,
        "LYAPUNOV_24H": 1.796612,
        "RSI_24H": 43.945216,
        "MACD_N_24H": -0.005817,
        "MOMENTUM_N_24H": -0.032133,
        "ROC_24H": -3.213334,
        "BB_POS_24H": -0.48658,
        "EMA_N_24H": 1.042102,
        "EMA_N_48H": 1.049154
      }
    },
    "AVAX": {
      "fast_bias": "bearish",
      "slow_bias": "bearish",
      "pattern": "CONFIRMATION_SHORT",
      "strength": 67,
      "confirmation_score": 1.0,
      "adx": 63.7079,
      "fast_indicators": {
        "RSI_3H30M": 24.148769,
        "ADX_3H30M": 63.707865,
        "CMO_3H30M": -51.702462,
        "BB_POSITION_15M": 0.33476,
        "CLOUD_POSITION_15M": -1.0,
        "CLOSE_PRICE_15M": 9.7819,
        "EMA_3H_N": 1.001154,
        "MOMENTUM_2H30M_N": 0.000262,
        "EMA_CROSS_15M_N": -0.003101,
        "MACD_CROSS_15M_N": 0.000292
      },
      "slow_indicators": {
        "DFA_24H": 0.650145,
        "HURST_24H": 0.655627,
        "LYAPUNOV_24H": 2.09339,
        "RSI_24H": 38.715723,
        "MACD_N_24H": -0.004195,
        "MOMENTUM_N_24H": -0.04469,
        "ROC_24H": -4.468968,
        "BB_POS_24H": -0.818737,
        "EMA_N_24H": 1.045472,
        "EMA_N_48H": 1.0497
      }
    },
    "LINK": {
      "fast_bias": "bearish",
      "slow_bias": "bearish",
      "pattern": "CONFIRMATION_SHORT",
      "strength": 67,
      "confirmation_score": 1.0,
      "adx": 59.2818,
      "fast_indicators": {
        "RSI_3H30M": 26.94274,
        "ADX_3H30M": 59.281768,
        "CMO_3H30M": -46.114519,
        "BB_POSITION_15M": 0.324481,
        "CLOUD_POSITION_15M": -1.0,
        "CLOSE_PRICE_15M": 9.40005,
        "EMA_3H_N": 1.001377,
        "MOMENTUM_2H30M_N": 0.000155,
        "EMA_CROSS_15M_N": -0.002996,
        "MACD_CROSS_15M_N": 0.000234
      },
      "slow_indicators": {
        "DFA_24H": 0.631911,
        "HURST_24H": 0.680196,
        "LYAPUNOV_24H": 2.030149,
        "RSI_24H": 42.502773,
        "MACD_N_24H": -0.003586,
        "MOMENTUM_N_24H": -0.034699,
        "ROC_24H": -3.46993,
        "BB_POS_24H": -0.738402,
        "EMA_N_24H": 1.041794,
        "EMA_N_48H": 1.043896
      }
    },
    "ARB": {
      "fast_bias": "bearish",
      "slow_bias": "bearish",
      "pattern": "CONFIRMATION_SHORT",
      "strength": 83,
      "confirmation_score": 1.0,
      "adx": 83.815,
      "fast_indicators": {
        "RSI_3H30M": 20.833333,
        "ADX_3H30M": 83.815029,
        "CMO_3H30M": -58.333333,
        "BB_POSITION_15M": 0.214911,
        "CLOUD_POSITION_15M": -1.0,
        "CLOSE_PRICE_15M": 0.10313,
        "EMA_3H_N": 1.002853,
        "MOMENTUM_2H30M_N": -0.022513,
        "EMA_CROSS_15M_N": -0.003368,
        "MACD_CROSS_15M_N": -0.000122
      },
      "slow_indicators": {
        "RSI_24H": 42.378498,
        "MACD_N_24H": -0.004661,
        "MOMENTUM_N_24H": -0.038594,
        "ROC_24H": -3.85942,
        "BB_POS_24H": -0.734949,
        "EMA_N_24H": 1.044861,
        "EMA_N_48H": 1.04977,
        "DFA_24H": 0.544164,
        "HURST_24H": 0.663435,
        "LYAPUNOV_24H": 1.908419
      }
    },
    "NEAR": {
      "fast_bias": "bearish",
      "slow_bias": "bearish",
      "pattern": "CONFIRMATION_SHORT",
      "strength": 67,
      "confirmation_score": 1.0,
      "adx": 23.6311,
      "fast_indicators": {
        "RSI_3H30M": 39.866667,
        "ADX_3H30M": 23.631124,
        "CMO_3H30M": -20.266667,
        "BB_POSITION_15M": 0.469288,
        "CLOUD_POSITION_15M": 0.0,
        "CLOSE_PRICE_15M": 1.4192,
        "EMA_3H_N": 0.999424,
        "MOMENTUM_2H30M_N": 0.002291,
        "EMA_CROSS_15M_N": -0.002043,
        "MACD_CROSS_15M_N": 0.000439
      },
      "slow_indicators": {
        "DFA_24H": 0.554382,
        "HURST_24H": 0.700673,
        "LYAPUNOV_24H": 1.782136,
        "RSI_24H": 45.754328,
        "MACD_N_24H": -0.001965,
        "MOMENTUM_N_24H": -0.017821,
        "ROC_24H": -1.782069,
        "BB_POS_24H": -0.402866,
        "EMA_N_24H": 1.021271,
        "EMA_N_48H": 1.022234
      }
    },
    "SUI": {
      "fast_bias": "bearish",
      "slow_bias": "bearish",
      "pattern": "CONFIRMATION_SHORT",
      "strength": 75,
      "confirmation_score": 1.0,
      "adx": 53.7684,
      "fast_indicators": {
        "RSI_3H30M": 26.311637,
        "ADX_3H30M": 53.768382,
        "CMO_3H30M": -47.376726,
        "BB_POSITION_15M": 0.287333,
        "CLOUD_POSITION_15M": -1.0,
        "CLOSE_PRICE_15M": 0.99144,
        "EMA_3H_N": 1.002227,