{
  "timestamp": "2026-03-18T09:34:24.297806+00:00",
  "coins": {
    "BTC": {
      "fast_bias": "bearish",
      "slow_bias": "bearish",
      "pattern": "CONFIRMATION_SHORT",
      "strength": 67,
      "confirmation_score": 1.0,
      "adx": 1.7143,
      "fast_indicators": {
        "RSI_3H30M": 48.571429,
        "ADX_3H30M": 1.714286,
        "CMO_3H30M": -2.857143,
        "BB_POSITION_15M": 0.676775,
        "CLOUD_POSITION_15M": 1.0,
        "CLOSE_PRICE_15M": 74143.5,
        "EMA_3H_N": 0.999824,
        "MOMENTUM_2H30M_N": 0.0,
        "EMA_CROSS_15M_N": 0.000206,
        "MACD_CROSS_15M_N": -8e-06
      },
      "slow_indicators": {
        "DFA_24H": 0.628919,
        "HURST_24H": 0.69097,
        "LYAPUNOV_24H": 1.914553,
        "RSI_24H": 49.701118,
        "MACD_N_24H": -0.000343,
        "MOMENTUM_N_24H": -0.00093,
        "ROC_24H": -0.092976,
        "BB_POS_24H": 0.511977,
        "EMA_N_24H": 0.999874,
        "EMA_N_48H": 1.000004
      }
    },
    "ETH": {
      "fast_bias": "bearish",
      "slow_bias": "bullish",
      "pattern": "DIVERGENCE_BEAR",
      "strength": 58,
      "confirmation_score": -0.5,
      "adx": 20.5882,
      "fast_indicators": {
        "RSI_3H30M": 45.714286,
        "ADX_3H30M": 20.588235,
        "CMO_3H30M": -8.571429,
        "BB_POSITION_15M": 0.572014,
        "CLOUD_POSITION_15M": 1.0,
        "CLOSE_PRICE_15M": 2328.85,
        "EMA_3H_N": 0.999887,
        "MOMENTUM_2H30M_N": 0.0,
        "EMA_CROSS_15M_N": 0.000439,
        "MACD_CROSS_15M_N": -0.00011
      },
      "slow_indicators": {
        "DFA_24H": 0.56715,
        "HURST_24H": 0.660218,
        "LYAPUNOV_24H": 1.885852,
        "RSI_24H": 50.594286,
        "MACD_N_24H": 0.00037,
        "MOMENTUM_N_24H": 0.002238,
        "ROC_24H": 0.223786,
        "BB_POS_24H": 0.578313,
        "EMA_N_24H": 0.998124,
        "EMA_N_48H": 0.996315
      }
    },
    "SOL": {
      "fast_bias": "bearish",
      "slow_bias": "bearish",
      "pattern": "CONFIRMATION_SHORT",
      "strength": 75,
      "confirmation_score": 1.0,
      "adx": 12.0482,
      "fast_indicators": {
        "RSI_3H30M": 34.037267,
        "ADX_3H30M": 12.048193,
        "CMO_3H30M": -31.925466,
        "BB_POSITION_15M": 0.379186,
        "CLOUD_POSITION_15M": 0.0,
        "CLOSE_PRICE_15M": 94.2145,
        "EMA_3H_N": 0.999994,
        "MOMENTUM_2H30M_N": -2e-06,
        "EMA_CROSS_15M_N": 0.000154,
        "MACD_CROSS_15M_N": -9.3e-05
      },
      "slow_indicators": {
        "DFA_24H": 0.551279,
        "HURST_24H": 0.69909,
        "LYAPUNOV_24H": 1.742556,
        "RSI_24H": 48.80171,
        "MACD_N_24H": -0.000555,
        "MOMENTUM_N_24H": -0.004974,
        "ROC_24H": -0.497436,
        "BB_POS_24H": 0.422588,
        "EMA_N_24H": 1.002312,
        "EMA_N_48H": 1.00227
      }
    },
    "DOGE": {
      "fast_bias": "bullish",
      "slow_bias": "bearish",
      "pattern": "TRAP_LONG",
      "strength": 67,
      "confirmation_score": -1.0,
      "adx": 13.9241,
      "fast_indicators": {
        "RSI_3H30M": 54.606365,
        "ADX_3H30M": 13.924051,
        "CMO_3H30M": 9.21273,
        "BB_POSITION_15M": 0.890002,
        "CLOUD_POSITION_15M": 1.0,
        "CLOSE_PRICE_15M": 0.09983,
        "EMA_3H_N": 0.999487,
        "MOMENTUM_2H30M_N": 0.007732,
        "EMA_CROSS_15M_N": 0.000198,
        "MACD_CROSS_15M_N": 0.000113
      },
      "slow_indicators": {
        "DFA_24H": 0.58464,
        "HURST_24H": 0.822445,
        "LYAPUNOV_24H": 1.912925,
        "RSI_24H": 47.660583,
        "MACD_N_24H": -0.001624,
        "MOMENTUM_N_24H": -0.010948,
        "ROC_24H": -1.094764,
        "BB_POS_24H": 0.35738,
        "EMA_N_24H": 1.005723,
        "EMA_N_48H": 1.009463
      }
    },
    "AVAX": {
      "fast_bias": "bullish",
      "slow_bias": "bearish",
      "pattern": "DIVERGENCE_BULL",
      "strength": 58,
      "confirmation_score": -0.5,
      "adx": 37.2549,
      "fast_indicators": {
        "RSI_3H30M": 66.153846,
        "ADX_3H30M": 37.254902,
        "CMO_3H30M": 32.307692,
        "BB_POSITION_15M": 1.025009,
        "CLOUD_POSITION_15M": 1.0,
        "CLOSE_PRICE_15M": 10.2735,
        "EMA_3H_N": 0.999333,
        "MOMENTUM_2H30M_N": 0.000109,
        "EMA_CROSS_15M_N": 0.000394,
        "MACD_CROSS_15M_N": 7.8e-05
      },
      "slow_indicators": {
        "DFA_24H": 0.538967,
        "HURST_24H": 0.595089,
        "LYAPUNOV_24H": 1.917755,
        "RSI_24H": 49.968354,
        "MACD_N_24H": -0.000558,
        "MOMENTUM_N_24H": -9.7e-05,
        "ROC_24H": -0.009733,
        "BB_POS_24H": 0.597077,
        "EMA_N_24H": 0.999324,
        "EMA_N_48H": 1.001091
      }
    },
    "LINK": {
      "fast_bias": "bearish",
      "slow_bias": "bullish",
      "pattern": "TRAP_SHORT",
      "strength": 58,
      "confirmation_score": -1.0,
      "adx": 17.5084,
      "fast_indicators": {
        "RSI_3H30M": 49.21875,
        "ADX_3H30M": 17.508418,
        "CMO_3H30M": -1.5625,
        "BB_POSITION_15M": 0.75954,
        "CLOUD_POSITION_15M": 0.0,
        "CLOSE_PRICE_15M": 9.83345,
        "EMA_3H_N": 0.99983,
        "MOMENTUM_2H30M_N": 3.9e-05,
        "EMA_CROSS_15M_N": -0.000123,
        "MACD_CROSS_15M_N": 8.6e-05
      },
      "slow_indicators": {
        "DFA_24H": 0.551064,
        "HURST_24H": 0.689019,
        "LYAPUNOV_24H": 1.936212,
        "RSI_24H": 51.404822,
        "MACD_N_24H": 0.000467,
        "MOMENTUM_N_24H": 0.005547,
        "ROC_24H": 0.554749,
        "BB_POS_24H": 0.557106,
        "EMA_N_24H": 0.999457,
        "EMA_N_48H": 0.998378
      }
    },
    "ARB": {
      "fast_bias": "bullish",
      "slow_bias": "bearish",
      "pattern": "DIVERGENCE_BULL",
      "strength": 67,
      "confirmation_score": -0.5,
      "adx": 55.5556,
      "fast_indicators": {
        "RSI_3H30M": 75.384615,
        "ADX_3H30M": 55.555556,
        "CMO_3H30M": 50.769231,
        "BB_POSITION_15M": 1.059211,
        "CLOUD_POSITION_15M": 1.0,
        "CLOSE_PRICE_15M": 0.10817,
        "EMA_3H_N": 0.998147,
        "MOMENTUM_2H30M_N": 0.036896,
        "EMA_CROSS_15M_N": 0.000829,
        "MACD_CROSS_15M_N": 0.000361
      },
      "slow_indicators": {
        "DFA_24H": 0.562704,
        "HURST_24H": 0.728331,
        "LYAPUNOV_24H": 1.963582,
        "RSI_24H": 49.330544,
        "MACD_N_24H": -0.000829,
        "MOMENTUM_N_24H": -0.00295,
        "ROC_24H": -0.294958,
        "BB_POS_24H": 0.527575,
        "EMA_N_24H": 1.000392,
        "EMA_N_48H": 1.002374
      }
    },
    "NEAR": {
      "fast_bias": "bullish",
      "slow_bias": "bullish",
      "pattern": "CONFIRMATION_LONG",
      "strength": 75,
      "confirmation_score": 1.0,
      "adx": 40.0491,
      "fast_indicators": {
        "RSI_3H30M": 73.150685,
        "ADX_3H30M": 40.04914,
        "CMO_3H30M": 46.30137,
        "BB_POSITION_15M": 0.834286,
        "CLOUD_POSITION_15M": 1.0,
        "CLOSE_PRICE_15M": 1.4552,
        "EMA_3H_N": 0.997948,
        "MOMENTUM_2H30M_N": 0.004324,
        "EMA_CROSS_15M_N": 0.002118,
        "MACD_CROSS_15M_N": 0.000203
      },
      "slow_indicators": {
        "DFA_24H": 0.434212,
        "HURST_24H": 0.72547,
        "LYAPUNOV_24H": 1.843671,
        "RSI_24H": 50.024323,
        "MACD_N_24H": -0.000265,
        "MOMENTUM_N_24H": 0.000103,
        "ROC_24H": 0.010309,
        "BB_POS_24H": 0.578969,
        "EMA_N_24H": 0.996745,
        "EMA_N_48H": 0.994529
      }
    },
    "SUI": {
      "fast_bias": "bullish",
      "slow_bias": "bullish",
      "pattern": "CONFIRMATION_LONG",
      "strength": 92,
      "confirmation_score": 1.0,
      "adx": 59.596,
      "fast_indicators": {
        "RSI_3H30M": 68.75,
        "ADX_3H30M": 59.59596,
        "CMO_3H30M": 37.5,
        "BB_POSITION_15M": 0.821386,
        "CLOUD_POSITION_15M": 1.0,
        "CLOSE_PRICE_15M": 1.02995,
        "EMA_3H_N": 0.999252,
        "MOMENTUM_2H30M_N": 0.001416,
        "EMA_CROSS_15M_N": 0.000737,
        "MACD_CROSS_15M_N": 0.000165
      },