{
  "timestamp": "2026-03-18T08:36:44.005680+00:00",
  "coins": {
    "BTC": {
      "fast_bias": "neutral",
      "slow_bias": "neutral",
      "pattern": "NEUTRAL",
      "strength": 67,
      "confirmation_score": 0.0,
      "adx": 4.8128,
      "fast_indicators": {
        "RSI_3H30M": 46.825397,
        "ADX_3H30M": 4.812834,
        "CMO_3H30M": -6.349206,
        "BB_POSITION_15M": 0.487882,
        "CLOUD_POSITION_15M": 1.0,
        "CLOSE_PRICE_15M": 73988.5,
        "EMA_3H_N": 1.000043,
        "MOMENTUM_2H30M_N": 0.0,
        "EMA_CROSS_15M_N": 0.000271,
        "MACD_CROSS_15M_N": -6.8e-05
      },
      "slow_indicators": {
        "DFA_24H": 0.533373,
        "HURST_24H": 0.716506,
        "LYAPUNOV_24H": 1.846047,
        "RSI_24H": 48.98516,
        "MACD_N_24H": -0.000334,
        "MOMENTUM_N_24H": -0.002857,
        "ROC_24H": -0.285712,
        "BB_POS_24H": 0.369965,
        "EMA_N_24H": 1.002011,
        "EMA_N_48H": 1.001873
      }
    },
    "ETH": {
      "fast_bias": "neutral",
      "slow_bias": "neutral",
      "pattern": "NEUTRAL",
      "strength": 67,
      "confirmation_score": 0.0,
      "adx": 13.0435,
      "fast_indicators": {
        "RSI_3H30M": 47.058824,
        "ADX_3H30M": 13.043478,
        "CMO_3H30M": -5.882353,
        "BB_POSITION_15M": 0.4151,
        "CLOUD_POSITION_15M": 0.0,
        "CLOSE_PRICE_15M": 2319.65,
        "EMA_3H_N": 1.000056,
        "MOMENTUM_2H30M_N": 0.0,
        "EMA_CROSS_15M_N": 7.6e-05,
        "MACD_CROSS_15M_N": -5.4e-05
      },
      "slow_indicators": {
        "DFA_24H": 0.547867,
        "HURST_24H": 0.648141,
        "LYAPUNOV_24H": 1.788764,
        "RSI_24H": 49.924618,
        "MACD_N_24H": 0.000486,
        "MOMENTUM_N_24H": -0.000302,
        "ROC_24H": -0.030168,
        "BB_POS_24H": 0.313,
        "EMA_N_24H": 1.001965,
        "EMA_N_48H": 0.999564
      }
    },
    "SOL": {
      "fast_bias": "neutral",
      "slow_bias": "neutral",
      "pattern": "NEUTRAL",
      "strength": 75,
      "confirmation_score": 0.0,
      "adx": 10.5328,
      "fast_indicators": {
        "RSI_3H30M": 48.684211,
        "ADX_3H30M": 10.532838,
        "CMO_3H30M": -2.631579,
        "BB_POSITION_15M": 0.448271,
        "CLOUD_POSITION_15M": 1.0,
        "CLOSE_PRICE_15M": 94.0905,
        "EMA_3H_N": 1.000064,
        "MOMENTUM_2H30M_N": -0.0,
        "EMA_CROSS_15M_N": 0.00014,
        "MACD_CROSS_15M_N": -7.1e-05
      },
      "slow_indicators": {
        "DFA_24H": 0.534972,
        "HURST_24H": 0.698137,
        "LYAPUNOV_24H": 1.746575,
        "RSI_24H": 48.977787,
        "MACD_N_24H": -0.000371,
        "MOMENTUM_N_24H": -0.004402,
        "ROC_24H": -0.440181,
        "BB_POS_24H": 0.352763,
        "EMA_N_24H": 1.003888,
        "EMA_N_48H": 1.003425
      }
    },
    "DOGE": {
      "fast_bias": "neutral",
      "slow_bias": "neutral",
      "pattern": "NEUTRAL",
      "strength": 75,
      "confirmation_score": 0.0,
      "adx": 3.619,
      "fast_indicators": {
        "RSI_3H30M": 43.670886,
        "ADX_3H30M": 3.619048,
        "CMO_3H30M": -12.658228,
        "BB_POSITION_15M": 0.183782,
        "CLOUD_POSITION_15M": 0.0,
        "CLOSE_PRICE_15M": 0.099708,
        "EMA_3H_N": 1.000558,
        "MOMENTUM_2H30M_N": -0.001106,
        "EMA_CROSS_15M_N": 0.00017,
        "MACD_CROSS_15M_N": -8.5e-05
      },
      "slow_indicators": {
        "DFA_24H": 0.503556,
        "HURST_24H": 0.813624,
        "LYAPUNOV_24H": 1.832113,
        "RSI_24H": 47.210671,
        "MACD_N_24H": -0.001431,
        "MOMENTUM_N_24H": -0.014061,
        "ROC_24H": -1.406111,
        "BB_POS_24H": 0.292448,
        "EMA_N_24H": 1.007442,
        "EMA_N_48H": 1.011111
      }
    },
    "AVAX": {
      "fast_bias": "bearish",
      "slow_bias": "neutral",
      "pattern": "NEUTRAL",
      "strength": 83,
      "confirmation_score": 0.0,
      "adx": 23.6364,
      "fast_indicators": {
        "RSI_3H30M": 40.0,
        "ADX_3H30M": 23.636364,
        "CMO_3H30M": -20.0,
        "BB_POSITION_15M": 0.026606,
        "CLOUD_POSITION_15M": -1.0,
        "CLOSE_PRICE_15M": 10.2435,
        "EMA_3H_N": 1.000576,
        "MOMENTUM_2H30M_N": -7.1e-05,
        "EMA_CROSS_15M_N": -0.000231,
        "MACD_CROSS_15M_N": -5.9e-05
      },
      "slow_indicators": {
        "DFA_24H": 0.468009,
        "HURST_24H": 0.759103,
        "LYAPUNOV_24H": 1.902756,
        "RSI_24H": 47.901305,
        "MACD_N_24H": -0.000645,
        "MOMENTUM_N_24H": -0.007172,
        "ROC_24H": -0.717228,
        "BB_POS_24H": 0.338959,
        "EMA_N_24H": 1.002348,
        "EMA_N_48H": 1.004207
      }
    },
    "LINK": {
      "fast_bias": "neutral",
      "slow_bias": "neutral",
      "pattern": "NEUTRAL",
      "strength": 58,
      "confirmation_score": 0.0,
      "adx": 0.2778,
      "fast_indicators": {
        "RSI_3H30M": 49.710145,
        "ADX_3H30M": 0.277778,
        "CMO_3H30M": -0.57971,
        "BB_POSITION_15M": 0.535035,
        "CLOUD_POSITION_15M": 0.0,
        "CLOSE_PRICE_15M": 9.83255,
        "EMA_3H_N": 1.000049,
        "MOMENTUM_2H30M_N": 3.5e-05,
        "EMA_CROSS_15M_N": 0.000228,
        "MACD_CROSS_15M_N": -4.2e-05
      },
      "slow_indicators": {
        "DFA_24H": 0.50816,
        "HURST_24H": 0.719431,
        "LYAPUNOV_24H": 1.958914,
        "RSI_24H": 50.882877,
        "MACD_N_24H": 0.000524,
        "MOMENTUM_N_24H": 0.003588,
        "ROC_24H": 0.358769,
        "BB_POS_24H": 0.559686,
        "EMA_N_24H": 0.99943,
        "EMA_N_48H": 0.998127
      }
    },
    "ARB": {
      "fast_bias": "bearish",
      "slow_bias": "neutral",
      "pattern": "NEUTRAL",
      "strength": 83,
      "confirmation_score": 0.0,
      "adx": 24.4444,
      "fast_indicators": {
        "RSI_3H30M": 37.878788,
        "ADX_3H30M": 24.444444,
        "CMO_3H30M": -24.242424,
        "BB_POSITION_15M": 0.149974,
        "CLOUD_POSITION_15M": 0.0,
        "CLOSE_PRICE_15M": 0.1079,
        "EMA_3H_N": 1.000603,
        "MOMENTUM_2H30M_N": -0.012009,
        "EMA_CROSS_15M_N": -0.00017,
        "MACD_CROSS_15M_N": -0.000185
      },
      "slow_indicators": {
        "DFA_24H": 0.505634,
        "HURST_24H": 0.722243,
        "LYAPUNOV_24H": 1.986074,
        "RSI_24H": 48.591885,
        "MACD_N_24H": -0.000693,
        "MOMENTUM_N_24H": -0.005438,
        "ROC_24H": -0.543829,
        "BB_POS_24H": 0.376305,
        "EMA_N_24H": 1.003149,
        "EMA_N_48H": 1.005065
      }
    },
    "NEAR": {
      "fast_bias": "neutral",
      "slow_bias": "neutral",
      "pattern": "NEUTRAL",
      "strength": 58,
      "confirmation_score": 0.0,
      "adx": 8.0745,
      "fast_indicators": {
        "RSI_3H30M": 49.009901,
        "ADX_3H30M": 8.074534,
        "CMO_3H30M": -1.980198,
        "BB_POSITION_15M": 0.501947,
        "CLOUD_POSITION_15M": -1.0,
        "CLOSE_PRICE_15M": 1.4394,
        "EMA_3H_N": 0.999822,
        "MOMENTUM_2H30M_N": 0.000362,
        "EMA_CROSS_15M_N": -0.000256,
        "MACD_CROSS_15M_N": 6.1e-05
      },
      "slow_indicators": {
        "DFA_24H": 0.379116,
        "HURST_24H": 0.766417,
        "LYAPUNOV_24H": 1.802128,
        "RSI_24H": 45.95474,
        "MACD_N_24H": -3.4e-05,
        "MOMENTUM_N_24H": -0.018647,
        "ROC_24H": -1.864667,
        "BB_POS_24H": 0.029999,
        "EMA_N_24H": 1.007851,
        "EMA_N_48H": 1.004633
      }
    },
    "SUI": {
      "fast_bias": "bearish",
      "slow_bias": "neutral",
      "pattern": "NEUTRAL",
      "strength": 83,
      "confirmation_score": 0.0,
      "adx": 38.7755,
      "fast_indicators": {
        "RSI_3H30M": 29.577465,
        "ADX_3H30M": 38.77551,
        "CMO_3H30M": -40.84507,
        "BB_POSITION_15M": -0.117817,
        "CLOUD_POSITION_15M": -1.0,
        "CLOSE_PRICE_15M": 1.02745,
        "EMA_3H_N": 1.001826,
        "MOMENTUM_2H30M_N": -0.002739,
        "EMA_CROSS_15M_N": -0.000256,
        "MACD_CROSS_15M_N": -0.000422
      },
      "slow_indicators": {
        "DFA_24H": 0.513329,