{
  "timestamp": "2026-03-18T08:19:55.138871+00:00",
  "coins": {
    "BTC": {
      "fast_bias": "bullish",
      "slow_bias": "neutral",
      "pattern": "NEUTRAL",
      "strength": 50,
      "confirmation_score": 0.0,
      "adx": 16.7139,
      "fast_indicators": {
        "RSI_3H30M": 56.372549,
        "ADX_3H30M": 16.713881,
        "CMO_3H30M": 12.745098,
        "BB_POSITION_15M": 0.694393,
        "CLOUD_POSITION_15M": 1.0,
        "CLOSE_PRICE_15M": 73974.5,
        "EMA_3H_N": 0.99976,
        "MOMENTUM_2H30M_N": 0.0,
        "EMA_CROSS_15M_N": 0.000495,
        "MACD_CROSS_15M_N": -1.7e-05
      },
      "slow_indicators": {
        "DFA_24H": 0.494502,
        "HURST_24H": 0.698228,
        "LYAPUNOV_24H": 1.865228,
        "RSI_24H": 49.104502,
        "MACD_N_24H": -0.000274,
        "MOMENTUM_N_24H": -0.002938,
        "ROC_24H": -0.29383,
        "BB_POS_24H": 0.369236,
        "EMA_N_24H": 1.00219,
        "EMA_N_48H": 1.001995
      }
    },
    "ETH": {
      "fast_bias": "neutral",
      "slow_bias": "neutral",
      "pattern": "NEUTRAL",
      "strength": 67,
      "confirmation_score": 0.0,
      "adx": 3.6364,
      "fast_indicators": {
        "RSI_3H30M": 48.571429,
        "ADX_3H30M": 3.636364,
        "CMO_3H30M": -2.857143,
        "BB_POSITION_15M": 0.536222,
        "CLOUD_POSITION_15M": 1.0,
        "CLOSE_PRICE_15M": 2320.25,
        "EMA_3H_N": 1.000011,
        "MOMENTUM_2H30M_N": -0.0,
        "EMA_CROSS_15M_N": 0.000413,
        "MACD_CROSS_15M_N": -6.7e-05
      },
      "slow_indicators": {
        "DFA_24H": 0.521827,
        "HURST_24H": 0.667595,
        "LYAPUNOV_24H": 1.827705,
        "RSI_24H": 49.702444,
        "MACD_N_24H": 0.000609,
        "MOMENTUM_N_24H": -0.001205,
        "ROC_24H": -0.120531,
        "BB_POS_24H": 0.337513,
        "EMA_N_24H": 1.001692,
        "EMA_N_48H": 0.999128
      }
    },
    "SOL": {
      "fast_bias": "bullish",
      "slow_bias": "neutral",
      "pattern": "NEUTRAL",
      "strength": 50,
      "confirmation_score": 0.0,
      "adx": 19.1919,
      "fast_indicators": {
        "RSI_3H30M": 51.29771,
        "ADX_3H30M": 19.191919,
        "CMO_3H30M": 2.59542,
        "BB_POSITION_15M": 0.638711,
        "CLOUD_POSITION_15M": 1.0,
        "CLOSE_PRICE_15M": 94.0935,
        "EMA_3H_N": 0.999663,
        "MOMENTUM_2H30M_N": -2e-06,
        "EMA_CROSS_15M_N": 0.000306,
        "MACD_CROSS_15M_N": -1.5e-05
      },
      "slow_indicators": {
        "DFA_24H": 0.494098,
        "HURST_24H": 0.691077,
        "LYAPUNOV_24H": 1.73178,
        "RSI_24H": 49.198896,
        "MACD_N_24H": -0.000242,
        "MOMENTUM_N_24H": -0.003505,
        "ROC_24H": -0.350545,
        "BB_POS_24H": 0.360439,
        "EMA_N_24H": 1.00387,
        "EMA_N_48H": 1.003325
      }
    },
    "DOGE": {
      "fast_bias": "neutral",
      "slow_bias": "neutral",
      "pattern": "NEUTRAL",
      "strength": 67,
      "confirmation_score": 0.0,
      "adx": 0.7386,
      "fast_indicators": {
        "RSI_3H30M": 49.757869,
        "ADX_3H30M": 0.738552,
        "CMO_3H30M": -0.484262,
        "BB_POSITION_15M": 0.545123,
        "CLOUD_POSITION_15M": 1.0,
        "CLOSE_PRICE_15M": 0.099805,
        "EMA_3H_N": 0.999872,
        "MOMENTUM_2H30M_N": -0.009428,
        "EMA_CROSS_15M_N": 0.00081,
        "MACD_CROSS_15M_N": -0.000187
      },
      "slow_indicators": {
        "DFA_24H": 0.456211,
        "HURST_24H": 0.804472,
        "LYAPUNOV_24H": 1.838719,
        "RSI_24H": 48.18776,
        "MACD_N_24H": -0.001224,
        "MOMENTUM_N_24H": -0.009085,
        "ROC_24H": -0.908459,
        "BB_POS_24H": 0.32889,
        "EMA_N_24H": 1.006633,
        "EMA_N_48H": 1.010156
      }
    },
    "AVAX": {
      "fast_bias": "neutral",
      "slow_bias": "neutral",
      "pattern": "NEUTRAL",
      "strength": 75,
      "confirmation_score": 0.0,
      "adx": 19.1011,
      "fast_indicators": {
        "RSI_3H30M": 40.517241,
        "ADX_3H30M": 19.101124,
        "CMO_3H30M": -18.965517,
        "BB_POSITION_15M": 0.262724,
        "CLOUD_POSITION_15M": 0.0,
        "CLOSE_PRICE_15M": 10.2565,
        "EMA_3H_N": 1.00041,
        "MOMENTUM_2H30M_N": -0.000176,
        "EMA_CROSS_15M_N": 0.00023,
        "MACD_CROSS_15M_N": -0.000216
      },
      "slow_indicators": {
        "DFA_24H": 0.495936,
        "HURST_24H": 0.707623,
        "LYAPUNOV_24H": 1.864548,
        "RSI_24H": 48.040728,
        "MACD_N_24H": -0.000618,
        "MOMENTUM_N_24H": -0.006153,
        "ROC_24H": -0.61531,
        "BB_POS_24H": 0.444469,
        "EMA_N_24H": 1.001131,
        "EMA_N_48H": 1.002991
      }
    },
    "LINK": {
      "fast_bias": "neutral",
      "slow_bias": "neutral",
      "pattern": "NEUTRAL",
      "strength": 58,
      "confirmation_score": 0.0,
      "adx": 0.0765,
      "fast_indicators": {
        "RSI_3H30M": 46.976401,
        "ADX_3H30M": 0.076511,
        "CMO_3H30M": -6.047198,
        "BB_POSITION_15M": 0.492219,
        "CLOUD_POSITION_15M": 1.0,
        "CLOSE_PRICE_15M": 9.83245,
        "EMA_3H_N": 0.999958,
        "MOMENTUM_2H30M_N": -8.3e-05,
        "EMA_CROSS_15M_N": 0.000612,
        "MACD_CROSS_15M_N": -0.000187
      },
      "slow_indicators": {
        "DFA_24H": 0.475555,
        "HURST_24H": 0.719641,
        "LYAPUNOV_24H": 1.989143,
        "RSI_24H": 51.077125,
        "MACD_N_24H": 0.000582,
        "MOMENTUM_N_24H": 0.004367,
        "ROC_24H": 0.436683,
        "BB_POS_24H": 0.567327,
        "EMA_N_24H": 0.999343,
        "EMA_N_48H": 0.997976
      }
    },
    "ARB": {
      "fast_bias": "bullish",
      "slow_bias": "neutral",
      "pattern": "NEUTRAL",
      "strength": 50,
      "confirmation_score": 0.0,
      "adx": 3.8462,
      "fast_indicators": {
        "RSI_3H30M": 54.411765,
        "ADX_3H30M": 3.846154,
        "CMO_3H30M": 8.823529,
        "BB_POSITION_15M": 0.683102,
        "CLOUD_POSITION_15M": 1.0,
        "CLOSE_PRICE_15M": 0.10815,
        "EMA_3H_N": 0.999418,
        "MOMENTUM_2H30M_N": -0.000855,
        "EMA_CROSS_15M_N": 0.000736,
        "MACD_CROSS_15M_N": -0.000108
      },
      "slow_indicators": {
        "RSI_24H": 49.150382,
        "MACD_N_24H": -0.000643,
        "MOMENTUM_N_24H": -0.003685,
        "ROC_24H": -0.368494,
        "BB_POS_24H": 0.502573,
        "EMA_N_24H": 1.000915,
        "EMA_N_48H": 1.00281,
        "DFA_24H": 0.48176,
        "HURST_24H": 0.715728,
        "LYAPUNOV_24H": 2.025706
      }
    },
    "NEAR": {
      "fast_bias": "neutral",
      "slow_bias": "neutral",
      "pattern": "NEUTRAL",
      "strength": 67,
      "confirmation_score": 0.0,
      "adx": 31.25,
      "fast_indicators": {
        "RSI_3H30M": 31.205674,
        "ADX_3H30M": 31.25,
        "CMO_3H30M": -37.588652,
        "BB_POSITION_15M": 0.446178,
        "CLOUD_POSITION_15M": 1.0,
        "CLOSE_PRICE_15M": 1.4421,
        "EMA_3H_N": 1.000185,
        "MOMENTUM_2H30M_N": -0.000168,
        "EMA_CROSS_15M_N": 0.000657,
        "MACD_CROSS_15M_N": -0.000155
      },
      "slow_indicators": {
        "DFA_24H": 0.457193,
        "HURST_24H": 0.76523,
        "LYAPUNOV_24H": 1.839682,
        "RSI_24H": 45.695153,
        "MACD_N_24H": 0.000239,
        "MOMENTUM_N_24H": -0.018379,
        "ROC_24H": -1.83786,
        "BB_POS_24H": 0.104573,
        "EMA_N_24H": 1.006138,
        "EMA_N_48H": 1.002531
      }
    },
    "SUI": {
      "fast_bias": "neutral",
      "slow_bias": "neutral",
      "pattern": "NEUTRAL",
      "strength": 50,
      "confirmation_score": 0.0,
      "adx": 5.8824,
      "fast_indicators": {
        "RSI_3H30M": 47.807018,
        "ADX_3H30M": 5.882353,
        "CMO_3H30M": -4.385965,
        "BB_POSITION_15M": 0.413873,
        "CLOUD_POSITION_15M": 1.0,
        "CLOSE_PRICE_15M": 1.03025,
        "EMA_3H_N": 1.000381,
        "MOMENTUM_2H30M_N": -0.001411,
        "EMA_CROSS_15M_N": 0.00086,
        "MACD_CROSS_15M_N": -0.000313
      },
      "slow_indicators": {
        "DFA_24H": 0.518401,