{
  "timestamp": "2026-03-18T11:31:58.576058+00:00",
  "coins": {
    "BTC": {
      "fast_bias": "bearish",
      "slow_bias": "bearish",
      "pattern": "CONFIRMATION_SHORT",
      "strength": 83,
      "confirmation_score": 1.0,
      "adx": 90.8544,
      "fast_indicators": {
        "RSI_3H30M": 3.571429,
        "ADX_3H30M": 90.854392,
        "CMO_3H30M": -92.857143,
        "BB_POSITION_15M": -0.403461,
        "CLOUD_POSITION_15M": -1.0,
        "CLOSE_PRICE_15M": 73177.5,
        "EMA_3H_N": 1.007171,
        "MOMENTUM_2H30M_N": -0.0,
        "EMA_CROSS_15M_N": -0.00133,
        "MACD_CROSS_15M_N": -0.000877
      },
      "slow_indicators": {
        "DFA_24H": 0.533812,
        "HURST_24H": 0.727189,
        "LYAPUNOV_24H": 1.889219,
        "RSI_24H": 46.682425,
        "MACD_N_24H": -0.000836,
        "MOMENTUM_N_24H": -0.010814,
        "ROC_24H": -1.08141,
        "BB_POS_24H": -0.304917,
        "EMA_N_24H": 1.012787,
        "EMA_N_48H": 1.01349
      }
    },
    "ETH": {
      "fast_bias": "bearish",
      "slow_bias": "bearish",
      "pattern": "CONFIRMATION_SHORT",
      "strength": 83,
      "confirmation_score": 1.0,
      "adx": 97.8723,
      "fast_indicators": {
        "RSI_3H30M": 5.19802,
        "ADX_3H30M": 97.87234,
        "CMO_3H30M": -89.60396,
        "BB_POSITION_15M": -0.382041,
        "CLOUD_POSITION_15M": -1.0,
        "CLOSE_PRICE_15M": 2278.35,
        "EMA_3H_N": 1.010629,
        "MOMENTUM_2H30M_N": -7e-06,
        "EMA_CROSS_15M_N": -0.002122,
        "MACD_CROSS_15M_N": -0.001299
      },
      "slow_indicators": {
        "DFA_24H": 0.536458,
        "HURST_24H": 0.654887,
        "LYAPUNOV_24H": 1.929173,
        "RSI_24H": 44.839974,
        "MACD_N_24H": -0.000576,
        "MOMENTUM_N_24H": -0.020381,
        "ROC_24H": -2.038052,
        "BB_POS_24H": -0.797509,
        "EMA_N_24H": 1.019873,
        "EMA_N_48H": 1.019233
      }
    },
    "SOL": {
      "fast_bias": "bearish",
      "slow_bias": "bearish",
      "pattern": "CONFIRMATION_SHORT",
      "strength": 83,
      "confirmation_score": 1.0,
      "adx": 94.4765,
      "fast_indicators": {
        "RSI_3H30M": 7.276819,
        "ADX_3H30M": 94.476505,
        "CMO_3H30M": -85.446362,
        "BB_POSITION_15M": -0.390117,
        "CLOUD_POSITION_15M": -1.0,
        "CLOSE_PRICE_15M": 92.7515,
        "EMA_3H_N": 1.008235,
        "MOMENTUM_2H30M_N": -0.000126,
        "EMA_CROSS_15M_N": -0.001405,
        "MACD_CROSS_15M_N": -0.001042
      },
      "slow_indicators": {
        "DFA_24H": 0.552431,
        "HURST_24H": 0.666476,
        "LYAPUNOV_24H": 1.733923,
        "RSI_24H": 47.778756,
        "MACD_N_24H": -0.001489,
        "MOMENTUM_N_24H": -0.009695,
        "ROC_24H": -0.969469,
        "BB_POS_24H": -0.247312,
        "EMA_N_24H": 1.017258,
        "EMA_N_48H": 1.01816
      }
    },
    "DOGE": {
      "fast_bias": "bearish",
      "slow_bias": "bearish",
      "pattern": "CONFIRMATION_SHORT",
      "strength": 83,
      "confirmation_score": 1.0,
      "adx": 95.4424,
      "fast_indicators": {
        "RSI_3H30M": 7.177033,
        "ADX_3H30M": 95.442359,
        "CMO_3H30M": -85.645933,
        "BB_POSITION_15M": -0.392623,
        "CLOUD_POSITION_15M": -1.0,
        "CLOSE_PRICE_15M": 0.097787,
        "EMA_3H_N": 1.009678,
        "MOMENTUM_2H30M_N": -0.139053,
        "EMA_CROSS_15M_N": -0.001784,
        "MACD_CROSS_15M_N": -0.001181
      },
      "slow_indicators": {
        "DFA_24H": 0.622429,
        "HURST_24H": 0.760786,
        "LYAPUNOV_24H": 1.813471,
        "RSI_24H": 45.345345,
        "MACD_N_24H": -0.003014,
        "MOMENTUM_N_24H": -0.024131,
        "ROC_24H": -2.413053,
        "BB_POS_24H": -0.314083,
        "EMA_N_24H": 1.024947,
        "EMA_N_48H": 1.029743
      }
    },
    "AVAX": {
      "fast_bias": "bearish",
      "slow_bias": "bearish",
      "pattern": "CONFIRMATION_SHORT",
      "strength": 83,
      "confirmation_score": 1.0,
      "adx": 100.0,
      "fast_indicators": {
        "RSI_3H30M": 5.703422,
        "ADX_3H30M": 100.0,
        "CMO_3H30M": -88.593156,
        "BB_POSITION_15M": -0.325286,
        "CLOUD_POSITION_15M": -1.0,
        "CLOSE_PRICE_15M": 10.1105,
        "EMA_3H_N": 1.007433,
        "MOMENTUM_2H30M_N": -0.001103,
        "EMA_CROSS_15M_N": -0.001622,
        "MACD_CROSS_15M_N": -0.001032
      },
      "slow_indicators": {
        "DFA_24H": 0.493991,
        "HURST_24H": 0.66319,
        "LYAPUNOV_24H": 1.984916,
        "RSI_24H": 44.587791,
        "MACD_N_24H": -0.001128,
        "MOMENTUM_N_24H": -0.016727,
        "ROC_24H": -1.672745,
        "BB_POS_24H": -0.58316,
        "EMA_N_24H": 1.014723,
        "EMA_N_48H": 1.016816
      }
    },
    "LINK": {
      "fast_bias": "bearish",
      "slow_bias": "bearish",
      "pattern": "CONFIRMATION_SHORT",
      "strength": 83,
      "confirmation_score": 1.0,
      "adx": 92.4767,
      "fast_indicators": {
        "RSI_3H30M": 5.02681,
        "ADX_3H30M": 92.476698,
        "CMO_3H30M": -89.946381,
        "BB_POSITION_15M": -0.363985,
        "CLOUD_POSITION_15M": -1.0,
        "CLOSE_PRICE_15M": 9.6419,
        "EMA_3H_N": 1.009161,
        "MOMENTUM_2H30M_N": -0.001426,
        "EMA_CROSS_15M_N": -0.001738,
        "MACD_CROSS_15M_N": -0.00119
      },
      "slow_indicators": {
        "DFA_24H": 0.535465,
        "HURST_24H": 0.636136,
        "LYAPUNOV_24H": 2.036386,
        "RSI_24H": 46.729943,
        "MACD_N_24H": -0.000694,
        "MOMENTUM_N_24H": -0.013848,
        "ROC_24H": -1.38484,
        "BB_POS_24H": -0.504932,
        "EMA_N_24H": 1.018622,
        "EMA_N_48H": 1.018553
      }
    },
    "ARB": {
      "fast_bias": "bearish",
      "slow_bias": "bearish",
      "pattern": "CONFIRMATION_SHORT",
      "strength": 83,
      "confirmation_score": 1.0,
      "adx": 96.0,
      "fast_indicators": {
        "RSI_3H30M": 1.342282,
        "ADX_3H30M": 96.0,
        "CMO_3H30M": -97.315436,
        "BB_POSITION_15M": -0.302467,
        "CLOUD_POSITION_15M": -1.0,
        "CLOSE_PRICE_15M": 0.1062,
        "EMA_3H_N": 1.008166,
        "MOMENTUM_2H30M_N": -0.119059,
        "EMA_CROSS_15M_N": -0.001672,
        "MACD_CROSS_15M_N": -0.001204
      },
      "slow_indicators": {
        "DFA_24H": 0.552834,
        "HURST_24H": 0.723615,
        "LYAPUNOV_24H": 1.947148,
        "RSI_24H": 44.894778,
        "MACD_N_24H": -0.001738,
        "MOMENTUM_N_24H": -0.024076,
        "ROC_24H": -2.407646,
        "BB_POS_24H": -0.364223,
        "EMA_N_24H": 1.017869,
        "EMA_N_48H": 1.020581
      }
    },
    "NEAR": {
      "fast_bias": "bearish",
      "slow_bias": "bearish",
      "pattern": "CONFIRMATION_SHORT",
      "strength": 83,
      "confirmation_score": 1.0,
      "adx": 94.7368,
      "fast_indicators": {
        "RSI_3H30M": 4.395604,
        "ADX_3H30M": 94.736842,
        "CMO_3H30M": -91.208791,
        "BB_POSITION_15M": -0.196854,
        "CLOUD_POSITION_15M": -1.0,
        "CLOSE_PRICE_15M": 1.44465,
        "EMA_3H_N": 1.004539,
        "MOMENTUM_2H30M_N": -0.00542,
        "EMA_CROSS_15M_N": -0.001201,
        "MACD_CROSS_15M_N": -0.000729
      },
      "slow_indicators": {
        "DFA_24H": 0.535022,
        "HURST_24H": 0.763553,
        "LYAPUNOV_24H": 1.830633,
        "RSI_24H": 48.127145,
        "MACD_N_24H": -0.000243,
        "MOMENTUM_N_24H": -0.008612,
        "ROC_24H": -0.861241,
        "BB_POS_24H": 0.235283,
        "EMA_N_24H": 1.004739,
        "EMA_N_48H": 1.003844
      }
    },
    "SUI": {
      "fast_bias": "bearish",
      "slow_bias": "bearish",
      "pattern": "CONFIRMATION_SHORT",
      "strength": 83,
      "confirmation_score": 1.0,
      "adx": 90.3955,
      "fast_indicators": {
        "RSI_3H30M": 4.395604,
        "ADX_3H30M": 90.39548,
        "CMO_3H30M": -91.208791,
        "BB_POSITION_15M": -0.304928,
        "CLOUD_POSITION_15M": -1.0,
        "CLOSE_PRICE_15M": 1.01135,
        "EMA_3H_N": 1.009791,