{
  "timestamp": "2026-03-18T11:01:51.246106+00:00",
  "coins": {
    "BTC": {
      "fast_bias": "bullish",
      "slow_bias": "bullish",
      "pattern": "CONFIRMATION_LONG",
      "strength": 75,
      "confirmation_score": 1.0,
      "adx": 30.3867,
      "fast_indicators": {
        "RSI_3H30M": 63.00578,
        "ADX_3H30M": 30.38674,
        "CMO_3H30M": 26.011561,
        "BB_POSITION_15M": 0.577205,
        "CLOUD_POSITION_15M": -1.0,
        "CLOSE_PRICE_15M": 73888.5,
        "EMA_3H_N": 1.000008,
        "MOMENTUM_2H30M_N": 0.0,
        "EMA_CROSS_15M_N": -0.000457,
        "MACD_CROSS_15M_N": 0.000161
      },
      "slow_indicators": {
        "DFA_24H": 0.554294,
        "HURST_24H": 0.70795,
        "LYAPUNOV_24H": 1.966681,
        "RSI_24H": 50.790411,
        "MACD_N_24H": -0.000508,
        "MOMENTUM_N_24H": 0.002469,
        "ROC_24H": 0.246925,
        "BB_POS_24H": 0.272919,
        "EMA_N_24H": 1.003312,
        "EMA_N_48H": 1.003762
      }
    },
    "ETH": {
      "fast_bias": "bearish",
      "slow_bias": "bearish",
      "pattern": "CONFIRMATION_SHORT",
      "strength": 75,
      "confirmation_score": 1.0,
      "adx": 3.0303,
      "fast_indicators": {
        "RSI_3H30M": 41.803279,
        "ADX_3H30M": 3.030303,
        "CMO_3H30M": -16.393443,
        "BB_POSITION_15M": 0.377718,
        "CLOUD_POSITION_15M": -1.0,
        "CLOSE_PRICE_15M": 2310.05,
        "EMA_3H_N": 1.00033,
        "MOMENTUM_2H30M_N": -0.0,
        "EMA_CROSS_15M_N": -0.001346,
        "MACD_CROSS_15M_N": 0.000241
      },
      "slow_indicators": {
        "DFA_24H": 0.54176,
        "HURST_24H": 0.643799,
        "LYAPUNOV_24H": 1.883848,
        "RSI_24H": 49.734656,
        "MACD_N_24H": -4e-06,
        "MOMENTUM_N_24H": -0.000995,
        "ROC_24H": -0.099466,
        "BB_POS_24H": -0.039934,
        "EMA_N_24H": 1.006309,
        "EMA_N_48H": 1.005201
      }
    },
    "SOL": {
      "fast_bias": "bullish",
      "slow_bias": "bullish",
      "pattern": "CONFIRMATION_LONG",
      "strength": 83,
      "confirmation_score": 1.0,
      "adx": 35.0348,
      "fast_indicators": {
        "RSI_3H30M": 66.831683,
        "ADX_3H30M": 35.034803,
        "CMO_3H30M": 33.663366,
        "BB_POSITION_15M": 0.598567,
        "CLOUD_POSITION_15M": -1.0,
        "CLOSE_PRICE_15M": 93.7005,
        "EMA_3H_N": 1.000136,
        "MOMENTUM_2H30M_N": 0.0,
        "EMA_CROSS_15M_N": -0.000703,
        "MACD_CROSS_15M_N": 0.000334
      },
      "slow_indicators": {
        "DFA_24H": 0.448321,
        "HURST_24H": 0.682104,
        "LYAPUNOV_24H": 1.734813,
        "RSI_24H": 50.601515,
        "MACD_N_24H": -0.001033,
        "MOMENTUM_N_24H": 0.002514,
        "ROC_24H": 0.25143,
        "BB_POS_24H": 0.170377,
        "EMA_N_24H": 1.007375,
        "EMA_N_48H": 1.007931
      }
    },
    "DOGE": {
      "fast_bias": "bullish",
      "slow_bias": "bearish",
      "pattern": "DIVERGENCE_BULL",
      "strength": 58,
      "confirmation_score": -0.5,
      "adx": 59.8152,
      "fast_indicators": {
        "RSI_3H30M": 62.453532,
        "ADX_3H30M": 59.815242,
        "CMO_3H30M": 24.907063,
        "BB_POSITION_15M": 0.594743,
        "CLOUD_POSITION_15M": -1.0,
        "CLOSE_PRICE_15M": 0.099083,
        "EMA_3H_N": 1.000026,
        "MOMENTUM_2H30M_N": 0.004484,
        "EMA_CROSS_15M_N": -0.000792,
        "MACD_CROSS_15M_N": 0.000346
      },
      "slow_indicators": {
        "DFA_24H": 0.607581,
        "HURST_24H": 0.784596,
        "LYAPUNOV_24H": 1.860131,
        "RSI_24H": 47.917844,
        "MACD_N_24H": -0.002387,
        "MOMENTUM_N_24H": -0.010308,
        "ROC_24H": -1.030815,
        "BB_POS_24H": 0.102853,
        "EMA_N_24H": 1.012233,
        "EMA_N_48H": 1.016557
      }
    },
    "AVAX": {
      "fast_bias": "bullish",
      "slow_bias": "bearish",
      "pattern": "DIVERGENCE_BULL",
      "strength": 58,
      "confirmation_score": -0.5,
      "adx": 28.125,
      "fast_indicators": {
        "RSI_3H30M": 50.793651,
        "ADX_3H30M": 28.125,
        "CMO_3H30M": 1.587302,
        "BB_POSITION_15M": 0.320306,
        "CLOUD_POSITION_15M": -1.0,
        "CLOSE_PRICE_15M": 10.214,
        "EMA_3H_N": 1.000357,
        "MOMENTUM_2H30M_N": -5.3e-05,
        "EMA_CROSS_15M_N": -0.000392,
        "MACD_CROSS_15M_N": 0.000105
      },
      "slow_indicators": {
        "DFA_24H": 0.472104,
        "HURST_24H": 0.663594,
        "LYAPUNOV_24H": 1.946024,
        "RSI_24H": 48.443843,
        "MACD_N_24H": -0.000778,
        "MOMENTUM_N_24H": -0.004483,
        "ROC_24H": -0.448343,
        "BB_POS_24H": 0.126387,
        "EMA_N_24H": 1.00478,
        "EMA_N_48H": 1.006631
      }
    },
    "LINK": {
      "fast_bias": "bearish",
      "slow_bias": "neutral",
      "pattern": "NEUTRAL",
      "strength": 50,
      "confirmation_score": 0.0,
      "adx": 24.575,
      "fast_indicators": {
        "RSI_3H30M": 45.508982,
        "ADX_3H30M": 24.574961,
        "CMO_3H30M": -8.982036,
        "BB_POSITION_15M": 0.339256,
        "CLOUD_POSITION_15M": -1.0,
        "CLOSE_PRICE_15M": 9.75045,
        "EMA_3H_N": 1.000592,
        "MOMENTUM_2H30M_N": -6.3e-05,
        "EMA_CROSS_15M_N": -0.001059,
        "MACD_CROSS_15M_N": 0.000228
      },
      "slow_indicators": {
        "DFA_24H": 0.519667,
        "HURST_24H": 0.678221,
        "LYAPUNOV_24H": 2.026751,
        "RSI_24H": 50.0,
        "MACD_N_24H": -0.000156,
        "MOMENTUM_N_24H": 0.0,
        "ROC_24H": 0.0,
        "BB_POS_24H": 0.051592,
        "EMA_N_24H": 1.007711,
        "EMA_N_48H": 1.007239
      }
    },
    "ARB": {
      "fast_bias": "bullish",
      "slow_bias": "bearish",
      "pattern": "DIVERGENCE_BULL",
      "strength": 58,
      "confirmation_score": -0.5,
      "adx": 77.7778,
      "fast_indicators": {
        "RSI_3H30M": 67.857143,
        "ADX_3H30M": 77.777778,
        "CMO_3H30M": 35.714286,
        "BB_POSITION_15M": 0.762307,
        "CLOUD_POSITION_15M": 1.0,
        "CLOSE_PRICE_15M": 0.10738,
        "EMA_3H_N": 0.999603,
        "MOMENTUM_2H30M_N": 0.007812,
        "EMA_CROSS_15M_N": -4.2e-05,
        "MACD_CROSS_15M_N": 0.000302
      },
      "slow_indicators": {
        "DFA_24H": 0.574533,
        "HURST_24H": 0.718516,
        "LYAPUNOV_24H": 1.922969,
        "RSI_24H": 47.704918,
        "MACD_N_24H": -0.001323,
        "MOMENTUM_N_24H": -0.010323,
        "ROC_24H": -1.032258,
        "BB_POS_24H": 0.162186,
        "EMA_N_24H": 1.007109,
        "EMA_N_48H": 1.009465
      }
    },
    "NEAR": {
      "fast_bias": "bullish",
      "slow_bias": "bullish",
      "pattern": "CONFIRMATION_LONG",
      "strength": 75,
      "confirmation_score": 1.0,
      "adx": 41.9847,
      "fast_indicators": {
        "RSI_3H30M": 51.592357,
        "ADX_3H30M": 41.984733,
        "CMO_3H30M": 3.184713,
        "BB_POSITION_15M": 0.701228,
        "CLOUD_POSITION_15M": 1.0,
        "CLOSE_PRICE_15M": 1.4576,
        "EMA_3H_N": 0.999626,
        "MOMENTUM_2H30M_N": 0.000612,
        "EMA_CROSS_15M_N": 0.000602,
        "MACD_CROSS_15M_N": 5.6e-05
      },
      "slow_indicators": {
        "DFA_24H": 0.569164,
        "HURST_24H": 0.754954,
        "LYAPUNOV_24H": 1.800005,
        "RSI_24H": 50.576125,
        "MACD_N_24H": -8.7e-05,
        "MOMENTUM_N_24H": 0.002579,
        "ROC_24H": 0.257936,
        "BB_POS_24H": 0.650637,
        "EMA_N_24H": 0.995735,
        "EMA_N_48H": 0.994473
      }
    },
    "SUI": {
      "fast_bias": "bullish",
      "slow_bias": "bullish",
      "pattern": "CONFIRMATION_LONG",
      "strength": 83,
      "confirmation_score": 1.0,
      "adx": 56.8627,
      "fast_indicators": {
        "RSI_3H30M": 70.588235,
        "ADX_3H30M": 56.862745,
        "CMO_3H30M": 41.176471,
        "BB_POSITION_15M": 0.674428,
        "CLOUD_POSITION_15M": 0.0,
        "CLOSE_PRICE_15M": 1.02415,
        "EMA_3H_N": 0.999899,
        "MOMENTUM_2H30M_N": 0.00105,
        "EMA_CROSS_15M_N": -3e-06,