{
  "timestamp": "2026-03-18T12:49:04.673599+00:00",
  "coins": {
    "BTC": {
      "fast_bias": "bearish",
      "slow_bias": "bearish",
      "pattern": "CONFIRMATION_SHORT",
      "strength": 67,
      "confirmation_score": 1.0,
      "adx": 14.4737,
      "fast_indicators": {
        "RSI_3H30M": 50.0,
        "ADX_3H30M": 14.473684,
        "CMO_3H30M": 0.0,
        "BB_POSITION_15M": 0.267563,
        "CLOUD_POSITION_15M": -1.0,
        "CLOSE_PRICE_15M": 72310.5,
        "EMA_3H_N": 1.001068,
        "MOMENTUM_2H30M_N": -0.0,
        "EMA_CROSS_15M_N": -0.001356,
        "MACD_CROSS_15M_N": -1.1e-05
      },
      "slow_indicators": {
        "DFA_24H": 0.648188,
        "HURST_24H": 0.690148,
        "LYAPUNOV_24H": 2.018966,
        "RSI_24H": 44.087796,
        "MACD_N_24H": -0.002635,
        "MOMENTUM_N_24H": -0.019432,
        "ROC_24H": -1.943222,
        "BB_POS_24H": -0.481336,
        "EMA_N_24H": 1.022965,
        "EMA_N_48H": 1.025056
      }
    },
    "ETH": {
      "fast_bias": "bearish",
      "slow_bias": "bearish",
      "pattern": "CONFIRMATION_SHORT",
      "strength": 83,
      "confirmation_score": 1.0,
      "adx": 37.931,
      "fast_indicators": {
        "RSI_3H30M": 39.746835,
        "ADX_3H30M": 37.931034,
        "CMO_3H30M": -20.506329,
        "BB_POSITION_15M": 0.241293,
        "CLOUD_POSITION_15M": -1.0,
        "CLOSE_PRICE_15M": 2236.95,
        "EMA_3H_N": 1.001698,
        "MOMENTUM_2H30M_N": -1e-06,
        "EMA_CROSS_15M_N": -0.002256,
        "MACD_CROSS_15M_N": -1.1e-05
      },
      "slow_indicators": {
        "DFA_24H": 0.669048,
        "HURST_24H": 0.658362,
        "LYAPUNOV_24H": 1.927402,
        "RSI_24H": 41.71798,
        "MACD_N_24H": -0.003459,
        "MOMENTUM_N_24H": -0.03482,
        "ROC_24H": -3.481975,
        "BB_POS_24H": -0.641377,
        "EMA_N_24H": 1.035805,
        "EMA_N_48H": 1.037579
      }
    },
    "SOL": {
      "fast_bias": "bearish",
      "slow_bias": "bearish",
      "pattern": "CONFIRMATION_SHORT",
      "strength": 75,
      "confirmation_score": 1.0,
      "adx": 31.9392,
      "fast_indicators": {
        "RSI_3H30M": 49.868996,
        "ADX_3H30M": 31.939163,
        "CMO_3H30M": -0.262009,
        "BB_POSITION_15M": 0.268683,
        "CLOUD_POSITION_15M": -1.0,
        "CLOSE_PRICE_15M": 90.3555,
        "EMA_3H_N": 1.002201,
        "MOMENTUM_2H30M_N": -3.5e-05,
        "EMA_CROSS_15M_N": -0.003018,
        "MACD_CROSS_15M_N": 7.1e-05
      },
      "slow_indicators": {
        "DFA_24H": 0.636212,
        "HURST_24H": 0.659278,
        "LYAPUNOV_24H": 1.793252,
        "RSI_24H": 43.461805,
        "MACD_N_24H": -0.0046,
        "MOMENTUM_N_24H": -0.032374,
        "ROC_24H": -3.237362,
        "BB_POS_24H": -0.590579,
        "EMA_N_24H": 1.04091,
        "EMA_N_48H": 1.044119
      }
    },
    "DOGE": {
      "fast_bias": "bullish",
      "slow_bias": "bearish",
      "pattern": "DIVERGENCE_BULL",
      "strength": 58,
      "confirmation_score": -0.5,
      "adx": 22.1477,
      "fast_indicators": {
        "RSI_3H30M": 51.209992,
        "ADX_3H30M": 22.147651,
        "CMO_3H30M": 2.419984,
        "BB_POSITION_15M": 0.297543,
        "CLOUD_POSITION_15M": -1.0,
        "CLOSE_PRICE_15M": 0.095791,
        "EMA_3H_N": 1.001355,
        "MOMENTUM_2H30M_N": -0.021751,
        "EMA_CROSS_15M_N": -0.002195,
        "MACD_CROSS_15M_N": 4.1e-05
      },
      "slow_indicators": {
        "DFA_24H": 0.549451,
        "HURST_24H": 0.663818,
        "LYAPUNOV_24H": 1.796612,
        "RSI_24H": 43.894745,
        "MACD_N_24H": -0.006291,
        "MOMENTUM_N_24H": -0.033205,
        "ROC_24H": -3.320516,
        "BB_POS_24H": -0.456019,
        "EMA_N_24H": 1.042564,
        "EMA_N_48H": 1.049898
      }
    },
    "AVAX": {
      "fast_bias": "bullish",
      "slow_bias": "bearish",
      "pattern": "TRAP_LONG",
      "strength": 50,
      "confirmation_score": -1.0,
      "adx": 4.9342,
      "fast_indicators": {
        "RSI_3H30M": 63.406408,
        "ADX_3H30M": 4.934211,
        "CMO_3H30M": 26.812816,
        "BB_POSITION_15M": 0.431766,
        "CLOUD_POSITION_15M": -1.0,
        "CLOSE_PRICE_15M": 9.7831,
        "EMA_3H_N": 1.000711,
        "MOMENTUM_2H30M_N": 2.3e-05,
        "EMA_CROSS_15M_N": -0.002279,
        "MACD_CROSS_15M_N": 0.000518
      },
      "slow_indicators": {
        "DFA_24H": 0.650145,
        "HURST_24H": 0.655627,
        "LYAPUNOV_24H": 2.09339,
        "RSI_24H": 39.510212,
        "MACD_N_24H": -0.004755,
        "MOMENTUM_N_24H": -0.043872,
        "ROC_24H": -4.387217,
        "BB_POS_24H": -0.679986,
        "EMA_N_24H": 1.044754,
        "EMA_N_48H": 1.04941
      }
    },
    "LINK": {
      "fast_bias": "bullish",
      "slow_bias": "bearish",
      "pattern": "TRAP_LONG",
      "strength": 58,
      "confirmation_score": -1.0,
      "adx": 9.5532,
      "fast_indicators": {
        "RSI_3H30M": 58.120805,
        "ADX_3H30M": 9.553159,
        "CMO_3H30M": 16.241611,
        "BB_POSITION_15M": 0.305198,
        "CLOUD_POSITION_15M": -1.0,
        "CLOSE_PRICE_15M": 9.38325,
        "EMA_3H_N": 1.001811,
        "MOMENTUM_2H30M_N": -0.000298,
        "EMA_CROSS_15M_N": -0.002681,
        "MACD_CROSS_15M_N": 0.000219
      },
      "slow_indicators": {
        "DFA_24H": 0.631911,
        "HURST_24H": 0.680196,
        "LYAPUNOV_24H": 2.030149,
        "RSI_24H": 42.447091,
        "MACD_N_24H": -0.004117,
        "MOMENTUM_N_24H": -0.035721,
        "ROC_24H": -3.572144,
        "BB_POS_24H": -0.677682,
        "EMA_N_24H": 1.043221,
        "EMA_N_48H": 1.045686
      }
    },
    "ARB": {
      "fast_bias": "bullish",
      "slow_bias": "bearish",
      "pattern": "DIVERGENCE_BULL",
      "strength": 58,
      "confirmation_score": -0.5,
      "adx": 58.209,
      "fast_indicators": {
        "RSI_3H30M": 52.631579,
        "ADX_3H30M": 58.208955,
        "CMO_3H30M": 5.263158,
        "BB_POSITION_15M": 0.314665,
        "CLOUD_POSITION_15M": -1.0,
        "CLOSE_PRICE_15M": 0.10315,
        "EMA_3H_N": 1.001392,
        "MOMENTUM_2H30M_N": -0.026245,
        "EMA_CROSS_15M_N": -0.002875,
        "MACD_CROSS_15M_N": 0.000218
      },
      "slow_indicators": {
        "DFA_24H": 0.544164,
        "HURST_24H": 0.663435,
        "LYAPUNOV_24H": 1.908419,
        "RSI_24H": 42.539219,
        "MACD_N_24H": -0.00505,
        "MOMENTUM_N_24H": -0.038139,
        "ROC_24H": -3.813875,
        "BB_POS_24H": -0.660373,
        "EMA_N_24H": 1.044343,
        "EMA_N_48H": 1.049544
      }
    },
    "NEAR": {
      "fast_bias": "bullish",
      "slow_bias": "bearish",
      "pattern": "DIVERGENCE_BULL",
      "strength": 58,
      "confirmation_score": -0.5,
      "adx": 36.5439,
      "fast_indicators": {
        "RSI_3H30M": 69.230769,
        "ADX_3H30M": 36.543909,
        "CMO_3H30M": 38.461538,
        "BB_POSITION_15M": 0.433383,
        "CLOUD_POSITION_15M": -1.0,
        "CLOSE_PRICE_15M": 1.41655,
        "EMA_3H_N": 1.00112,
        "MOMENTUM_2H30M_N": -0.00102,
        "EMA_CROSS_15M_N": -0.001519,
        "MACD_CROSS_15M_N": 0.000367
      },
      "slow_indicators": {
        "DFA_24H": 0.554382,
        "HURST_24H": 0.700673,
        "LYAPUNOV_24H": 1.782136,
        "RSI_24H": 45.435511,
        "MACD_N_24H": -0.002153,
        "MOMENTUM_N_24H": -0.022563,
        "ROC_24H": -2.256339,
        "BB_POS_24H": -0.407838,
        "EMA_N_24H": 1.023184,
        "EMA_N_48H": 1.024218
      }
    },
    "SUI": {
      "fast_bias": "bullish",
      "slow_bias": "bearish",
      "pattern": "TRAP_LONG",
      "strength": 58,
      "confirmation_score": -1.0,
      "adx": 5.7778,
      "fast_indicators": {
        "RSI_3H30M": 57.26817,
        "ADX_3H30M": 5.777778,
        "CMO_3H30M": 14.536341,
        "BB_POSITION_15M": 0.37304,
        "CLOUD_POSITION_15M": -1.0,
        "CLOSE_PRICE_15M": 0.99129,
        "EMA_3H_N": 1.001197,
        "MOMENTUM_2H30M_N": -0.00197,
        "EMA_CROSS_15M_N": -0.002279,