{
  "timestamp": "2026-03-18T11:52:03.550333+00:00",
  "coins": {
    "BTC": {
      "fast_bias": "bullish",
      "slow_bias": "bearish",
      "pattern": "TRAP_LONG",
      "strength": 58,
      "confirmation_score": -1.0,
      "adx": 8.7912,
      "fast_indicators": {
        "RSI_3H30M": 51.501669,
        "ADX_3H30M": 8.791209,
        "CMO_3H30M": 3.003337,
        "BB_POSITION_15M": 0.524888,
        "CLOUD_POSITION_15M": -1.0,
        "CLOSE_PRICE_15M": 73026.5,
        "EMA_3H_N": 1.000016,
        "MOMENTUM_2H30M_N": 0.0,
        "EMA_CROSS_15M_N": -0.002007,
        "MACD_CROSS_15M_N": 0.000455
      },
      "slow_indicators": {
        "RSI_24H": 44.951856,
        "MACD_N_24H": -0.001223,
        "MOMENTUM_N_24H": -0.014574,
        "ROC_24H": -1.457362,
        "BB_POS_24H": -0.359992,
        "EMA_N_24H": 1.014535,
        "EMA_N_48H": 1.015458,
        "DFA_24H": 0.549974,
        "HURST_24H": 0.733442,
        "LYAPUNOV_24H": 1.946102
      }
    },
    "ETH": {
      "fast_bias": "bullish",
      "slow_bias": "bearish",
      "pattern": "TRAP_LONG",
      "strength": 58,
      "confirmation_score": -1.0,
      "adx": 14.9367,
      "fast_indicators": {
        "RSI_3H30M": 57.536232,
        "ADX_3H30M": 14.936709,
        "CMO_3H30M": 15.072464,
        "BB_POSITION_15M": 0.573419,
        "CLOUD_POSITION_15M": -1.0,
        "CLOSE_PRICE_15M": 2273.25,
        "EMA_3H_N": 0.999945,
        "MOMENTUM_2H30M_N": 1e-06,
        "EMA_CROSS_15M_N": -0.002752,
        "MACD_CROSS_15M_N": 0.000661
      },
      "slow_indicators": {
        "DFA_24H": 0.570992,
        "HURST_24H": 0.651994,
        "LYAPUNOV_24H": 1.964319,
        "RSI_24H": 44.025424,
        "MACD_N_24H": -0.001206,
        "MOMENTUM_N_24H": -0.02421,
        "ROC_24H": -2.420965,
        "BB_POS_24H": -0.661131,
        "EMA_N_24H": 1.021639,
        "EMA_N_48H": 1.021419
      }
    },
    "SOL": {
      "fast_bias": "bearish",
      "slow_bias": "bearish",
      "pattern": "CONFIRMATION_SHORT",
      "strength": 75,
      "confirmation_score": 1.0,
      "adx": 34.7285,
      "fast_indicators": {
        "RSI_3H30M": 38.795267,
        "ADX_3H30M": 34.72845,
        "CMO_3H30M": -22.409466,
        "BB_POSITION_15M": 0.180616,
        "CLOUD_POSITION_15M": -1.0,
        "CLOSE_PRICE_15M": 91.857,
        "EMA_3H_N": 1.002406,
        "MOMENTUM_2H30M_N": -3.1e-05,
        "EMA_CROSS_15M_N": -0.003523,
        "MACD_CROSS_15M_N": 0.000322
      },
      "slow_indicators": {
        "DFA_24H": 0.57829,
        "HURST_24H": 0.66077,
        "LYAPUNOV_24H": 1.721348,
        "RSI_24H": 45.319256,
        "MACD_N_24H": -0.002254,
        "MOMENTUM_N_24H": -0.020887,
        "ROC_24H": -2.088652,
        "BB_POS_24H": -0.505698,
        "EMA_N_24H": 1.026514,
        "EMA_N_48H": 1.027862
      }
    },
    "DOGE": {
      "fast_bias": "bearish",
      "slow_bias": "bearish",
      "pattern": "CONFIRMATION_SHORT",
      "strength": 75,
      "confirmation_score": 1.0,
      "adx": 33.5034,
      "fast_indicators": {
        "RSI_3H30M": 37.73833,
        "ADX_3H30M": 33.503401,
        "CMO_3H30M": -24.52334,
        "BB_POSITION_15M": 0.224903,
        "CLOUD_POSITION_15M": -1.0,
        "CLOSE_PRICE_15M": 0.096749,
        "EMA_3H_N": 1.002454,
        "MOMENTUM_2H30M_N": -0.023875,
        "EMA_CROSS_15M_N": -0.004178,
        "MACD_CROSS_15M_N": 0.000435
      },
      "slow_indicators": {
        "RSI_24H": 43.545592,
        "MACD_N_24H": -0.003962,
        "MOMENTUM_N_24H": -0.034923,
        "ROC_24H": -3.492269,
        "BB_POS_24H": -0.516684,
        "EMA_N_24H": 1.035019,
        "EMA_N_48H": 1.040482,
        "DFA_24H": 0.595793,
        "HURST_24H": 0.761868,
        "LYAPUNOV_24H": 1.853987
      }
    },
    "AVAX": {
      "fast_bias": "bearish",
      "slow_bias": "bearish",
      "pattern": "CONFIRMATION_SHORT",
      "strength": 67,
      "confirmation_score": 1.0,
      "adx": 52.768,
      "fast_indicators": {
        "RSI_3H30M": 33.596838,
        "ADX_3H30M": 52.767962,
        "CMO_3H30M": -32.806324,
        "BB_POSITION_15M": 0.321999,
        "CLOUD_POSITION_15M": -1.0,
        "CLOSE_PRICE_15M": 9.9889,
        "EMA_3H_N": 1.00185,
        "MOMENTUM_2H30M_N": 0.000135,
        "EMA_CROSS_15M_N": -0.004233,
        "MACD_CROSS_15M_N": 0.000489
      },
      "slow_indicators": {
        "RSI_24H": 42.441011,
        "MACD_N_24H": -0.001784,
        "MOMENTUM_N_24H": -0.028175,
        "ROC_24H": -2.817532,
        "BB_POS_24H": -0.964539,
        "EMA_N_24H": 1.0265,
        "EMA_N_48H": 1.028995,
        "DFA_24H": 0.458435,
        "HURST_24H": 0.678907,
        "LYAPUNOV_24H": 2.012291
      }
    },
    "LINK": {
      "fast_bias": "bearish",
      "slow_bias": "bearish",
      "pattern": "CONFIRMATION_SHORT",
      "strength": 67,
      "confirmation_score": 1.0,
      "adx": 18.7348,
      "fast_indicators": {
        "RSI_3H30M": 45.062905,
        "ADX_3H30M": 18.734793,
        "CMO_3H30M": -9.87419,
        "BB_POSITION_15M": 0.354232,
        "CLOUD_POSITION_15M": -1.0,
        "CLOSE_PRICE_15M": 9.5609,
        "EMA_3H_N": 1.001502,
        "MOMENTUM_2H30M_N": 5e-06,
        "EMA_CROSS_15M_N": -0.003537,
        "MACD_CROSS_15M_N": 0.000577
      },
      "slow_indicators": {
        "DFA_24H": 0.511479,
        "HURST_24H": 0.664186,
        "LYAPUNOV_24H": 2.020953,
        "RSI_24H": 44.974192,
        "MACD_N_24H": -0.00146,
        "MOMENTUM_N_24H": -0.022693,
        "ROC_24H": -2.269266,
        "BB_POS_24H": -0.696262,
        "EMA_N_24H": 1.026646,
        "EMA_N_48H": 1.02703
      }
    },
    "ARB": {
      "fast_bias": "bearish",
      "slow_bias": "bearish",
      "pattern": "CONFIRMATION_SHORT",
      "strength": 67,
      "confirmation_score": 1.0,
      "adx": 25.5814,
      "fast_indicators": {
        "RSI_3H30M": 44.966443,
        "ADX_3H30M": 25.581395,
        "CMO_3H30M": -10.067114,
        "BB_POSITION_15M": 0.397507,
        "CLOUD_POSITION_15M": -1.0,
        "CLOSE_PRICE_15M": 0.10521,
        "EMA_3H_N": 1.00114,
        "MOMENTUM_2H30M_N": 0.01901,
        "EMA_CROSS_15M_N": -0.003612,
        "MACD_CROSS_15M_N": 0.000656
      },
      "slow_indicators": {
        "RSI_24H": 42.954545,
        "MACD_N_24H": -0.002445,
        "MOMENTUM_N_24H": -0.028622,
        "ROC_24H": -2.862155,
        "BB_POS_24H": -0.623466,
        "EMA_N_24H": 1.026685,
        "EMA_N_48H": 1.029837,
        "DFA_24H": 0.464275,
        "HURST_24H": 0.734866,
        "LYAPUNOV_24H": 1.856625
      }
    },
    "NEAR": {
      "fast_bias": "bearish",
      "slow_bias": "bearish",
      "pattern": "CONFIRMATION_SHORT",
      "strength": 67,
      "confirmation_score": 1.0,
      "adx": 27.5168,
      "fast_indicators": {
        "RSI_3H30M": 41.696113,
        "ADX_3H30M": 27.516779,
        "CMO_3H30M": -16.607774,
        "BB_POSITION_15M": 0.337707,
        "CLOUD_POSITION_15M": -1.0,
        "CLOSE_PRICE_15M": 1.43075,
        "EMA_3H_N": 1.001698,
        "MOMENTUM_2H30M_N": 0.001567,
        "EMA_CROSS_15M_N": -0.00291,
        "MACD_CROSS_15M_N": 0.000438
      },
      "slow_indicators": {
        "DFA_24H": 0.583692,
        "HURST_24H": 0.751577,
        "LYAPUNOV_24H": 1.846969,
        "RSI_24H": 48.117887,
        "MACD_N_24H": -0.000815,
        "MOMENTUM_N_24H": -0.008936,
        "ROC_24H": -0.893568,
        "BB_POS_24H": -0.19908,
        "EMA_N_24H": 1.01412,
        "EMA_N_48H": 1.013787
      }
    },
    "SUI": {
      "fast_bias": "bullish",
      "slow_bias": "bearish",
      "pattern": "TRAP_LONG",
      "strength": 50,
      "confirmation_score": -1.0,
      "adx": 7.9504,
      "fast_indicators": {
        "RSI_3H30M": 53.481013,
        "ADX_3H30M": 7.950401,
        "CMO_3H30M": 6.962025,
        "BB_POSITION_15M": 0.481433,
        "CLOUD_POSITION_15M": -1.0,
        "CLOSE_PRICE_15M": 1.00315,
        "EMA_3H_N": 1.000798,
        "MOMENTUM_2H30M_N": 0.002141,