{
  "timestamp": "2026-03-18T11:06:52.592677+00:00",
  "coins": {
    "BTC": {
      "fast_bias": "bearish",
      "slow_bias": "bearish",
      "pattern": "CONFIRMATION_SHORT",
      "strength": 83,
      "confirmation_score": 1.0,
      "adx": 68.3721,
      "fast_indicators": {
        "RSI_3H30M": 28.937729,
        "ADX_3H30M": 68.372093,
        "CMO_3H30M": -42.124542,
        "BB_POSITION_15M": -0.099066,
        "CLOUD_POSITION_15M": -1.0,
        "CLOSE_PRICE_15M": 73782.5,
        "EMA_3H_N": 1.000922,
        "MOMENTUM_2H30M_N": -0.0,
        "EMA_CROSS_15M_N": -0.000563,
        "MACD_CROSS_15M_N": -2.4e-05
      },
      "slow_indicators": {
        "DFA_24H": 0.554294,
        "HURST_24H": 0.70795,
        "LYAPUNOV_24H": 1.966681,
        "RSI_24H": 49.691483,
        "MACD_N_24H": -0.000596,
        "MOMENTUM_N_24H": -0.000826,
        "ROC_24H": -0.082607,
        "BB_POS_24H": 0.171049,
        "EMA_N_24H": 1.004725,
        "EMA_N_48H": 1.005192
      }
    },
    "ETH": {
      "fast_bias": "bearish",
      "slow_bias": "bearish",
      "pattern": "CONFIRMATION_SHORT",
      "strength": 75,
      "confirmation_score": 1.0,
      "adx": 45.0,
      "fast_indicators": {
        "RSI_3H30M": 33.333333,
        "ADX_3H30M": 45.0,
        "CMO_3H30M": -33.333333,
        "BB_POSITION_15M": -0.054982,
        "CLOUD_POSITION_15M": -1.0,
        "CLOSE_PRICE_15M": 2305.95,
        "EMA_3H_N": 1.00128,
        "MOMENTUM_2H30M_N": -0.0,
        "EMA_CROSS_15M_N": -0.001305,
        "MACD_CROSS_15M_N": 6.2e-05
      },
      "slow_indicators": {
        "DFA_24H": 0.54176,
        "HURST_24H": 0.643799,
        "LYAPUNOV_24H": 1.883848,
        "RSI_24H": 48.707483,
        "MACD_N_24H": -0.000153,
        "MOMENTUM_N_24H": -0.004919,
        "ROC_24H": -0.491941,
        "BB_POS_24H": -0.140375,
        "EMA_N_24H": 1.008055,
        "EMA_N_48H": 1.00698
      }
    },
    "SOL": {
      "fast_bias": "bearish",
      "slow_bias": "bearish",
      "pattern": "CONFIRMATION_SHORT",
      "strength": 75,
      "confirmation_score": 1.0,
      "adx": 47.4104,
      "fast_indicators": {
        "RSI_3H30M": 37.410714,
        "ADX_3H30M": 47.410359,
        "CMO_3H30M": -25.178571,
        "BB_POSITION_15M": 0.141089,
        "CLOUD_POSITION_15M": -1.0,
        "CLOSE_PRICE_15M": 93.5445,
        "EMA_3H_N": 1.001076,
        "MOMENTUM_2H30M_N": -1.3e-05,
        "EMA_CROSS_15M_N": -0.000823,
        "MACD_CROSS_15M_N": 1.6e-05
      },
      "slow_indicators": {
        "DFA_24H": 0.448321,
        "HURST_24H": 0.682104,
        "LYAPUNOV_24H": 1.734813,
        "RSI_24H": 49.734099,
        "MACD_N_24H": -0.00116,
        "MOMENTUM_N_24H": -0.001068,
        "ROC_24H": -0.106787,
        "BB_POS_24H": 0.091823,
        "EMA_N_24H": 1.009076,
        "EMA_N_48H": 1.009674
      }
    },
    "DOGE": {
      "fast_bias": "bearish",
      "slow_bias": "bearish",
      "pattern": "CONFIRMATION_SHORT",
      "strength": 83,
      "confirmation_score": 1.0,
      "adx": 35.7639,
      "fast_indicators": {
        "RSI_3H30M": 32.767624,
        "ADX_3H30M": 35.763889,
        "CMO_3H30M": -34.464752,
        "BB_POSITION_15M": -0.142866,
        "CLOUD_POSITION_15M": -1.0,
        "CLOSE_PRICE_15M": 0.098766,
        "EMA_3H_N": 1.002115,
        "MOMENTUM_2H30M_N": -0.025156,
        "EMA_CROSS_15M_N": -0.001049,
        "MACD_CROSS_15M_N": -7.8e-05
      },
      "slow_indicators": {
        "DFA_24H": 0.607581,
        "HURST_24H": 0.784596,
        "LYAPUNOV_24H": 1.860131,
        "RSI_24H": 46.732464,
        "MACD_N_24H": -0.002598,
        "MOMENTUM_N_24H": -0.01603,
        "ROC_24H": -1.602989,
        "BB_POS_24H": -0.009102,
        "EMA_N_24H": 1.015379,
        "EMA_N_48H": 1.019859
      }
    },
    "AVAX": {
      "fast_bias": "bearish",
      "slow_bias": "bearish",
      "pattern": "CONFIRMATION_SHORT",
      "strength": 83,
      "confirmation_score": 1.0,
      "adx": 60.0,
      "fast_indicators": {
        "RSI_3H30M": 38.541667,
        "ADX_3H30M": 60.0,
        "CMO_3H30M": -22.916667,
        "BB_POSITION_15M": 0.179927,
        "CLOUD_POSITION_15M": -1.0,
        "CLOSE_PRICE_15M": 10.2065,
        "EMA_3H_N": 1.000408,
        "MOMENTUM_2H30M_N": -9.6e-05,
        "EMA_CROSS_15M_N": -0.000574,
        "MACD_CROSS_15M_N": -6.2e-05
      },
      "slow_indicators": {
        "DFA_24H": 0.472104,
        "HURST_24H": 0.663594,
        "LYAPUNOV_24H": 1.946024,
        "RSI_24H": 48.081464,
        "MACD_N_24H": -0.000837,
        "MOMENTUM_N_24H": -0.006328,
        "ROC_24H": -0.632819,
        "BB_POS_24H": 0.065021,
        "EMA_N_24H": 1.005576,
        "EMA_N_48H": 1.007467
      }
    },
    "LINK": {
      "fast_bias": "bearish",
      "slow_bias": "bearish",
      "pattern": "CONFIRMATION_SHORT",
      "strength": 75,
      "confirmation_score": 1.0,
      "adx": 52.9412,
      "fast_indicators": {
        "RSI_3H30M": 27.641409,
        "ADX_3H30M": 52.941176,
        "CMO_3H30M": -44.717182,
        "BB_POSITION_15M": -0.070214,
        "CLOUD_POSITION_15M": -1.0,
        "CLOSE_PRICE_15M": 9.73515,
        "EMA_3H_N": 1.00124,
        "MOMENTUM_2H30M_N": -0.000161,
        "EMA_CROSS_15M_N": -0.001138,
        "MACD_CROSS_15M_N": 4e-06
      },
      "slow_indicators": {
        "DFA_24H": 0.519667,
        "HURST_24H": 0.678221,
        "LYAPUNOV_24H": 2.026751,
        "RSI_24H": 49.257438,
        "MACD_N_24H": -0.000282,
        "MOMENTUM_N_24H": -0.003031,
        "ROC_24H": -0.303131,
        "BB_POS_24H": -0.0533,
        "EMA_N_24H": 1.009337,
        "EMA_N_48H": 1.008897
      }
    },
    "ARB": {
      "fast_bias": "bearish",
      "slow_bias": "bearish",
      "pattern": "CONFIRMATION_SHORT",
      "strength": 83,
      "confirmation_score": 1.0,
      "adx": 17.9487,
      "fast_indicators": {
        "RSI_3H30M": 44.067797,
        "ADX_3H30M": 17.948718,
        "CMO_3H30M": -11.864407,
        "BB_POSITION_15M": 0.367372,
        "CLOUD_POSITION_15M": 0.0,
        "CLOSE_PRICE_15M": 0.10725,
        "EMA_3H_N": 1.00052,
        "MOMENTUM_2H30M_N": -0.00695,
        "EMA_CROSS_15M_N": -0.000154,
        "MACD_CROSS_15M_N": -1e-06
      },
      "slow_indicators": {
        "DFA_24H": 0.574533,
        "HURST_24H": 0.718516,
        "LYAPUNOV_24H": 1.922969,
        "RSI_24H": 46.432063,
        "MACD_N_24H": -0.001403,
        "MOMENTUM_N_24H": -0.01343,
        "ROC_24H": -1.343023,
        "BB_POS_24H": 0.092617,
        "EMA_N_24H": 1.008261,
        "EMA_N_48H": 1.010647
      }
    },
    "NEAR": {
      "fast_bias": "bearish",
      "slow_bias": "bearish",
      "pattern": "CONFIRMATION_SHORT",
      "strength": 100,
      "confirmation_score": 1.0,
      "adx": 74.3017,
      "fast_indicators": {
        "RSI_3H30M": 33.678756,
        "ADX_3H30M": 74.301676,
        "CMO_3H30M": -32.642487,
        "BB_POSITION_15M": -0.045063,
        "CLOUD_POSITION_15M": -1.0,
        "CLOSE_PRICE_15M": 1.4535,
        "EMA_3H_N": 1.001457,
        "MOMENTUM_2H30M_N": -0.002029,
        "EMA_CROSS_15M_N": -4e-05,
        "MACD_CROSS_15M_N": -0.000376
      },
      "slow_indicators": {
        "DFA_24H": 0.569164,
        "HURST_24H": 0.754954,
        "LYAPUNOV_24H": 1.800005,
        "RSI_24H": 49.167171,
        "MACD_N_24H": -0.000259,
        "MOMENTUM_N_24H": -0.00377,
        "ROC_24H": -0.376971,
        "BB_POS_24H": 0.517418,
        "EMA_N_24H": 0.99851,
        "EMA_N_48H": 0.997428
      }
    },
    "SUI": {
      "fast_bias": "bearish",
      "slow_bias": "bearish",
      "pattern": "CONFIRMATION_SHORT",
      "strength": 83,
      "confirmation_score": 1.0,
      "adx": 28.4768,
      "fast_indicators": {
        "RSI_3H30M": 41.666667,
        "ADX_3H30M": 28.476821,
        "CMO_3H30M": -16.666667,
        "BB_POSITION_15M": 0.330851,
        "CLOUD_POSITION_15M": -1.0,
        "CLOSE_PRICE_15M": 1.02195,
        "EMA_3H_N": 1.001103,
        "MOMENTUM_2H30M_N": -0.001625,