{
  "timestamp": "2026-03-18T10:36:44.943474+00:00",
  "coins": {
    "BTC": {
      "fast_bias": "bearish",
      "slow_bias": "bullish",
      "pattern": "DIVERGENCE_BEAR",
      "strength": 58,
      "confirmation_score": -0.5,
      "adx": 84.4444,
      "fast_indicators": {
        "RSI_3H30M": 19.335347,
        "ADX_3H30M": 84.444444,
        "CMO_3H30M": -61.329305,
        "BB_POSITION_15M": -0.347676,
        "CLOUD_POSITION_15M": -1.0,
        "CLOSE_PRICE_15M": 73970.5,
        "EMA_3H_N": 1.001827,
        "MOMENTUM_2H30M_N": -0.0,
        "EMA_CROSS_15M_N": -0.000364,
        "MACD_CROSS_15M_N": -0.000235
      },
      "slow_indicators": {
        "DFA_24H": 0.543947,
        "HURST_24H": 0.662875,
        "LYAPUNOV_24H": 1.85374,
        "RSI_24H": 51.368833,
        "MACD_N_24H": -0.000424,
        "MOMENTUM_N_24H": 0.003704,
        "ROC_24H": 0.370433,
        "BB_POS_24H": 0.342695,
        "EMA_N_24H": 1.002289,
        "EMA_N_48H": 1.002605
      }
    },
    "ETH": {
      "fast_bias": "bearish",
      "slow_bias": "bullish",
      "pattern": "DIVERGENCE_BEAR",
      "strength": 58,
      "confirmation_score": -0.5,
      "adx": 44.1176,
      "fast_indicators": {
        "RSI_3H30M": 32.962963,
        "ADX_3H30M": 44.117647,
        "CMO_3H30M": -34.074074,
        "BB_POSITION_15M": -0.368221,
        "CLOUD_POSITION_15M": -1.0,
        "CLOSE_PRICE_15M": 2322.85,
        "EMA_3H_N": 1.002046,
        "MOMENTUM_2H30M_N": -1e-06,
        "EMA_CROSS_15M_N": -0.00017,
        "MACD_CROSS_15M_N": -0.000192
      },
      "slow_indicators": {
        "DFA_24H": 0.53205,
        "HURST_24H": 0.651885,
        "LYAPUNOV_24H": 1.890985,
        "RSI_24H": 51.119656,
        "MACD_N_24H": 0.000214,
        "MOMENTUM_N_24H": 0.00428,
        "ROC_24H": 0.428025,
        "BB_POS_24H": 0.371528,
        "EMA_N_24H": 1.000948,
        "EMA_N_48H": 0.999547
      }
    },
    "SOL": {
      "fast_bias": "bearish",
      "slow_bias": "bullish",
      "pattern": "DIVERGENCE_BEAR",
      "strength": 58,
      "confirmation_score": -0.5,
      "adx": 54.6392,
      "fast_indicators": {
        "RSI_3H30M": 25.903614,
        "ADX_3H30M": 54.639175,
        "CMO_3H30M": -48.192771,
        "BB_POSITION_15M": -0.412191,
        "CLOUD_POSITION_15M": -1.0,
        "CLOSE_PRICE_15M": 94.0195,
        "EMA_3H_N": 1.002067,
        "MOMENTUM_2H30M_N": -2.7e-05,
        "EMA_CROSS_15M_N": -0.000172,
        "MACD_CROSS_15M_N": -0.000252
      },
      "slow_indicators": {
        "DFA_24H": 0.512917,
        "HURST_24H": 0.68105,
        "LYAPUNOV_24H": 1.680686,
        "RSI_24H": 51.175759,
        "MACD_N_24H": -0.000833,
        "MOMENTUM_N_24H": 0.004777,
        "ROC_24H": 0.477704,
        "BB_POS_24H": 0.318085,
        "EMA_N_24H": 1.004274,
        "EMA_N_48H": 1.004611
      }
    },
    "DOGE": {
      "fast_bias": "bearish",
      "slow_bias": "bearish",
      "pattern": "CONFIRMATION_SHORT",
      "strength": 83,
      "confirmation_score": 1.0,
      "adx": 46.7769,
      "fast_indicators": {
        "RSI_3H30M": 31.796502,
        "ADX_3H30M": 46.77686,
        "CMO_3H30M": -36.406995,
        "BB_POSITION_15M": -0.271813,
        "CLOUD_POSITION_15M": -1.0,
        "CLOSE_PRICE_15M": 0.099408,
        "EMA_3H_N": 1.002372,
        "MOMENTUM_2H30M_N": -0.033485,
        "EMA_CROSS_15M_N": -0.000263,
        "MACD_CROSS_15M_N": -0.000172
      },
      "slow_indicators": {
        "DFA_24H": 0.600094,
        "HURST_24H": 0.741602,
        "LYAPUNOV_24H": 1.871115,
        "RSI_24H": 48.343528,
        "MACD_N_24H": -0.002146,
        "MOMENTUM_N_24H": -0.008053,
        "ROC_24H": -0.805269,
        "BB_POS_24H": 0.20778,
        "EMA_N_24H": 1.009374,
        "EMA_N_48H": 1.013554
      }
    },
    "AVAX": {
      "fast_bias": "bearish",
      "slow_bias": "bearish",
      "pattern": "CONFIRMATION_SHORT",
      "strength": 83,
      "confirmation_score": 1.0,
      "adx": 15.5556,
      "fast_indicators": {
        "RSI_3H30M": 34.0,
        "ADX_3H30M": 15.555556,
        "CMO_3H30M": -32.0,
        "BB_POSITION_15M": -0.290106,
        "CLOUD_POSITION_15M": -1.0,
        "CLOSE_PRICE_15M": 10.2335,
        "EMA_3H_N": 1.000784,
        "MOMENTUM_2H30M_N": -0.000124,
        "EMA_CROSS_15M_N": -0.000264,
        "MACD_CROSS_15M_N": -2.7e-05
      },
      "slow_indicators": {
        "DFA_24H": 0.530053,
        "HURST_24H": 0.587677,
        "LYAPUNOV_24H": 1.918131,
        "RSI_24H": 49.252857,
        "MACD_N_24H": -0.000668,
        "MOMENTUM_N_24H": -0.002486,
        "ROC_24H": -0.248562,
        "BB_POS_24H": 0.269068,
        "EMA_N_24H": 1.003115,
        "EMA_N_48H": 1.004908
      }
    },
    "LINK": {
      "fast_bias": "bearish",
      "slow_bias": "bullish",
      "pattern": "DIVERGENCE_BEAR",
      "strength": 50,
      "confirmation_score": -0.5,
      "adx": 56.1809,
      "fast_indicators": {
        "RSI_3H30M": 29.864636,
        "ADX_3H30M": 56.180905,
        "CMO_3H30M": -40.270728,
        "BB_POSITION_15M": -0.382589,
        "CLOUD_POSITION_15M": -1.0,
        "CLOSE_PRICE_15M": 9.79345,
        "EMA_3H_N": 1.002101,
        "MOMENTUM_2H30M_N": -0.000307,
        "EMA_CROSS_15M_N": -0.000395,
        "MACD_CROSS_15M_N": -0.000207
      },
      "slow_indicators": {
        "DFA_24H": 0.522097,
        "HURST_24H": 0.660249,
        "LYAPUNOV_24H": 2.004197,
        "RSI_24H": 51.031252,
        "MACD_N_24H": 0.000123,
        "MOMENTUM_N_24H": 0.004199,
        "ROC_24H": 0.419892,
        "BB_POS_24H": 0.29727,
        "EMA_N_24H": 1.003615,
        "EMA_N_48H": 1.002877
      }
    },
    "ARB": {
      "fast_bias": "bearish",
      "slow_bias": "bearish",
      "pattern": "CONFIRMATION_SHORT",
      "strength": 83,
      "confirmation_score": 1.0,
      "adx": 36.0,
      "fast_indicators": {
        "RSI_3H30M": 29.62963,
        "ADX_3H30M": 36.0,
        "CMO_3H30M": -40.740741,
        "BB_POSITION_15M": -0.284311,
        "CLOUD_POSITION_15M": -1.0,
        "CLOSE_PRICE_15M": 0.10733,
        "EMA_3H_N": 1.002045,
        "MOMENTUM_2H30M_N": -0.029421,
        "EMA_CROSS_15M_N": -0.000626,
        "MACD_CROSS_15M_N": -0.000118
      },
      "slow_indicators": {
        "DFA_24H": 0.567081,
        "HURST_24H": 0.696389,
        "LYAPUNOV_24H": 1.888331,
        "RSI_24H": 47.96748,
        "MACD_N_24H": -0.001137,
        "MOMENTUM_N_24H": -0.007857,
        "ROC_24H": -0.785727,
        "BB_POS_24H": 0.113283,
        "EMA_N_24H": 1.007826,
        "EMA_N_48H": 1.010002
      }
    },
    "NEAR": {
      "fast_bias": "bearish",
      "slow_bias": "bullish",
      "pattern": "DIVERGENCE_BEAR",
      "strength": 75,
      "confirmation_score": -0.5,
      "adx": 43.8424,
      "fast_indicators": {
        "RSI_3H30M": 37.651822,
        "ADX_3H30M": 43.842365,
        "CMO_3H30M": -24.696356,
        "BB_POSITION_15M": -0.125684,
        "CLOUD_POSITION_15M": -1.0,
        "CLOSE_PRICE_15M": 1.4516,
        "EMA_3H_N": 1.001983,
        "MOMENTUM_2H30M_N": -0.001019,
        "EMA_CROSS_15M_N": -3e-05,
        "MACD_CROSS_15M_N": -0.000108
      },
      "slow_indicators": {
        "DFA_24H": 0.505381,
        "HURST_24H": 0.738445,
        "LYAPUNOV_24H": 1.775963,
        "RSI_24H": 50.405649,
        "MACD_N_24H": -0.00028,
        "MOMENTUM_N_24H": 0.001863,
        "ROC_24H": 0.186348,
        "BB_POS_24H": 0.453384,
        "EMA_N_24H": 0.999605,
        "EMA_N_48H": 0.998197
      }
    },
    "SUI": {
      "fast_bias": "bearish",
      "slow_bias": "bullish",
      "pattern": "DIVERGENCE_BEAR",
      "strength": 58,
      "confirmation_score": -0.5,
      "adx": 21.2121,
      "fast_indicators": {
        "RSI_3H30M": 36.71875,
        "ADX_3H30M": 21.212121,
        "CMO_3H30M": -26.5625,
        "BB_POSITION_15M": -0.326468,
        "CLOUD_POSITION_15M": -1.0,
        "CLOSE_PRICE_15M": 1.02455,
        "EMA_3H_N": 1.001952,
        "MOMENTUM_2H30M_N": -0.00266,