{
  "timestamp": "2026-03-18T12:34:01.043896+00:00",
  "coins": {
    "BTC": {
      "fast_bias": "bearish",
      "slow_bias": "bearish",
      "pattern": "CONFIRMATION_SHORT",
      "strength": 83,
      "confirmation_score": 1.0,
      "adx": 64.0884,
      "fast_indicators": {
        "RSI_3H30M": 25.492773,
        "ADX_3H30M": 64.088398,
        "CMO_3H30M": -49.014455,
        "BB_POSITION_15M": -0.211749,
        "CLOUD_POSITION_15M": -1.0,
        "CLOSE_PRICE_15M": 72365.5,
        "EMA_3H_N": 1.003811,
        "MOMENTUM_2H30M_N": -0.0,
        "EMA_CROSS_15M_N": -0.00101,
        "MACD_CROSS_15M_N": -0.000439
      },
      "slow_indicators": {
        "DFA_24H": 0.643193,
        "HURST_24H": 0.697217,
        "LYAPUNOV_24H": 2.041802,
        "RSI_24H": 44.178932,
        "MACD_N_24H": -0.002236,
        "MOMENTUM_N_24H": -0.019085,
        "ROC_24H": -1.908544,
        "BB_POS_24H": -0.543901,
        "EMA_N_24H": 1.022654,
        "EMA_N_48H": 1.024401
      }
    },
    "ETH": {
      "fast_bias": "bearish",
      "slow_bias": "bearish",
      "pattern": "CONFIRMATION_SHORT",
      "strength": 83,
      "confirmation_score": 1.0,
      "adx": 58.1475,
      "fast_indicators": {
        "RSI_3H30M": 24.431818,
        "ADX_3H30M": 58.147513,
        "CMO_3H30M": -51.136364,
        "BB_POSITION_15M": -0.179126,
        "CLOUD_POSITION_15M": -1.0,
        "CLOSE_PRICE_15M": 2242.65,
        "EMA_3H_N": 1.004962,
        "MOMENTUM_2H30M_N": -3e-06,
        "EMA_CROSS_15M_N": -0.001572,
        "MACD_CROSS_15M_N": -0.000595
      },
      "slow_indicators": {
        "DFA_24H": 0.672228,
        "HURST_24H": 0.650698,
        "LYAPUNOV_24H": 1.960901,
        "RSI_24H": 41.907216,
        "MACD_N_24H": -0.002802,
        "MOMENTUM_N_24H": -0.033819,
        "ROC_24H": -3.381944,
        "BB_POS_24H": -0.71778,
        "EMA_N_24H": 1.033897,
        "EMA_N_48H": 1.035078
      }
    },
    "SOL": {
      "fast_bias": "bearish",
      "slow_bias": "bearish",
      "pattern": "CONFIRMATION_SHORT",
      "strength": 83,
      "confirmation_score": 1.0,
      "adx": 88.4748,
      "fast_indicators": {
        "RSI_3H30M": 17.235324,
        "ADX_3H30M": 88.474771,
        "CMO_3H30M": -65.529353,
        "BB_POSITION_15M": -0.33833,
        "CLOUD_POSITION_15M": -1.0,
        "CLOSE_PRICE_15M": 90.4245,
        "EMA_3H_N": 1.009628,
        "MOMENTUM_2H30M_N": -0.000143,
        "EMA_CROSS_15M_N": -0.002308,
        "MACD_CROSS_15M_N": -0.001163
      },
      "slow_indicators": {
        "DFA_24H": 0.540384,
        "HURST_24H": 0.680679,
        "LYAPUNOV_24H": 1.783111,
        "RSI_24H": 43.459925,
        "MACD_N_24H": -0.003888,
        "MOMENTUM_N_24H": -0.03236,
        "ROC_24H": -3.236007,
        "BB_POS_24H": -0.699474,
        "EMA_N_24H": 1.040952,
        "EMA_N_48H": 1.043588
      }
    },
    "DOGE": {
      "fast_bias": "bearish",
      "slow_bias": "bearish",
      "pattern": "CONFIRMATION_SHORT",
      "strength": 83,
      "confirmation_score": 1.0,
      "adx": 80.1664,
      "fast_indicators": {
        "RSI_3H30M": 14.483261,
        "ADX_3H30M": 80.166436,
        "CMO_3H30M": -71.033479,
        "BB_POSITION_15M": -0.310284,
        "CLOUD_POSITION_15M": -1.0,
        "CLOSE_PRICE_15M": 0.095863,
        "EMA_3H_N": 1.0068,
        "MOMENTUM_2H30M_N": -0.101722,
        "EMA_CROSS_15M_N": -0.001588,
        "MACD_CROSS_15M_N": -0.000901
      },
      "slow_indicators": {
        "DFA_24H": 0.582461,
        "HURST_24H": 0.704968,
        "LYAPUNOV_24H": 1.851726,
        "RSI_24H": 43.717887,
        "MACD_N_24H": -0.005602,
        "MOMENTUM_N_24H": -0.034243,
        "ROC_24H": -3.424271,
        "BB_POS_24H": -0.525605,
        "EMA_N_24H": 1.042639,
        "EMA_N_48H": 1.049388
      }
    },
    "AVAX": {
      "fast_bias": "bearish",
      "slow_bias": "bearish",
      "pattern": "CONFIRMATION_SHORT",
      "strength": 83,
      "confirmation_score": 1.0,
      "adx": 72.6807,
      "fast_indicators": {
        "RSI_3H30M": 11.951754,
        "ADX_3H30M": 72.680706,
        "CMO_3H30M": -76.096491,
        "BB_POSITION_15M": -0.263861,
        "CLOUD_POSITION_15M": -1.0,
        "CLOSE_PRICE_15M": 9.7569,
        "EMA_3H_N": 1.008845,
        "MOMENTUM_2H30M_N": -0.00131,
        "EMA_CROSS_15M_N": -0.003063,
        "MACD_CROSS_15M_N": -0.000947
      },
      "slow_indicators": {
        "DFA_24H": 0.630485,
        "HURST_24H": 0.657415,
        "LYAPUNOV_24H": 2.086924,
        "RSI_24H": 38.677998,
        "MACD_N_24H": -0.003984,
        "MOMENTUM_N_24H": -0.046852,
        "ROC_24H": -4.685195,
        "BB_POS_24H": -0.940186,
        "EMA_N_24H": 1.048483,
        "EMA_N_48H": 1.05251
      }
    },
    "LINK": {
      "fast_bias": "bearish",
      "slow_bias": "bearish",
      "pattern": "CONFIRMATION_SHORT",
      "strength": 83,
      "confirmation_score": 1.0,
      "adx": 92.413,
      "fast_indicators": {
        "RSI_3H30M": 13.740871,
        "ADX_3H30M": 92.413006,
        "CMO_3H30M": -72.518258,
        "BB_POSITION_15M": -0.147829,
        "CLOUD_POSITION_15M": -1.0,
        "CLOSE_PRICE_15M": 9.3864,
        "EMA_3H_N": 1.007616,
        "MOMENTUM_2H30M_N": -0.001275,
        "EMA_CROSS_15M_N": -0.003114,
        "MACD_CROSS_15M_N": -0.001082
      },
      "slow_indicators": {
        "DFA_24H": 0.622648,
        "HURST_24H": 0.672801,
        "LYAPUNOV_24H": 2.046665,
        "RSI_24H": 42.193136,
        "MACD_N_24H": -0.003331,
        "MOMENTUM_N_24H": -0.03708,
        "ROC_24H": -3.707997,
        "BB_POS_24H": -0.839057,
        "EMA_N_24H": 1.043749,
        "EMA_N_48H": 1.045568
      }
    },
    "ARB": {
      "fast_bias": "bearish",
      "slow_bias": "bearish",
      "pattern": "CONFIRMATION_SHORT",
      "strength": 83,
      "confirmation_score": 1.0,
      "adx": 97.351,
      "fast_indicators": {
        "RSI_3H30M": 13.939394,
        "ADX_3H30M": 97.350993,
        "CMO_3H30M": -72.121212,
        "BB_POSITION_15M": -0.229244,
        "CLOUD_POSITION_15M": -1.0,
        "CLOSE_PRICE_15M": 0.10337,
        "EMA_3H_N": 1.006828,
        "MOMENTUM_2H30M_N": -0.095443,
        "EMA_CROSS_15M_N": -0.002487,
        "MACD_CROSS_15M_N": -0.000822
      },
      "slow_indicators": {
        "DFA_24H": 0.538982,
        "HURST_24H": 0.657707,
        "LYAPUNOV_24H": 1.925241,
        "RSI_24H": 42.804699,
        "MACD_N_24H": -0.004272,
        "MOMENTUM_N_24H": -0.036536,
        "ROC_24H": -3.653649,
        "BB_POS_24H": -0.766227,
        "EMA_N_24H": 1.043021,
        "EMA_N_48H": 1.047596
      }
    },
    "NEAR": {
      "fast_bias": "bearish",
      "slow_bias": "bearish",
      "pattern": "CONFIRMATION_SHORT",
      "strength": 83,
      "confirmation_score": 1.0,
      "adx": 75.5725,
      "fast_indicators": {
        "RSI_3H30M": 15.903614,
        "ADX_3H30M": 75.572519,
        "CMO_3H30M": -68.192771,
        "BB_POSITION_15M": -0.137515,
        "CLOUD_POSITION_15M": -1.0,
        "CLOSE_PRICE_15M": 1.4146,
        "EMA_3H_N": 1.006351,
        "MOMENTUM_2H30M_N": -0.006241,
        "EMA_CROSS_15M_N": -0.002336,
        "MACD_CROSS_15M_N": -0.000898
      },
      "slow_indicators": {
        "DFA_24H": 0.53833,
        "HURST_24H": 0.716617,
        "LYAPUNOV_24H": 1.803131,
        "RSI_24H": 45.213735,
        "MACD_N_24H": -0.001688,
        "MOMENTUM_N_24H": -0.023572,
        "ROC_24H": -2.357204,
        "BB_POS_24H": -0.541149,
        "EMA_N_24H": 1.025023,
        "EMA_N_48H": 1.025613
      }
    },
    "SUI": {
      "fast_bias": "bearish",
      "slow_bias": "bearish",
      "pattern": "CONFIRMATION_SHORT",
      "strength": 83,
      "confirmation_score": 1.0,
      "adx": 82.7089,
      "fast_indicators": {
        "RSI_3H30M": 23.25127,
        "ADX_3H30M": 82.708934,
        "CMO_3H30M": -53.49746,
        "BB_POSITION_15M": -0.246964,
        "CLOUD_POSITION_15M": -1.0,
        "CLOSE_PRICE_15M": 0.98951,
        "EMA_3H_N": 1.009388,