{
  "timestamp": "2026-03-18T12:29:34.267505+00:00",
  "coins": {
    "BTC": {
      "fast_bias": "bullish",
      "slow_bias": "bearish",
      "pattern": "TRAP_LONG",
      "strength": 58,
      "confirmation_score": -1.0,
      "adx": 10.9635,
      "fast_indicators": {
        "RSI_3H30M": 63.129252,
        "ADX_3H30M": 10.963455,
        "CMO_3H30M": 26.258503,
        "BB_POSITION_15M": 0.899404,
        "CLOUD_POSITION_15M": 0.0,
        "CLOSE_PRICE_15M": 72807.5,
        "EMA_3H_N": 0.999522,
        "MOMENTUM_2H30M_N": 0.0,
        "EMA_CROSS_15M_N": -0.00022,
        "MACD_CROSS_15M_N": 0.000292
      },
      "slow_indicators": {
        "DFA_24H": 0.643193,
        "HURST_24H": 0.697217,
        "LYAPUNOV_24H": 2.041802,
        "RSI_24H": 45.864693,
        "MACD_N_24H": -0.001932,
        "MOMENTUM_N_24H": -0.013255,
        "ROC_24H": -1.325464,
        "BB_POS_24H": -0.339182,
        "EMA_N_24H": 1.016724,
        "EMA_N_48H": 1.018236
      }
    },
    "ETH": {
      "fast_bias": "bullish",
      "slow_bias": "bearish",
      "pattern": "TRAP_LONG",
      "strength": 50,
      "confirmation_score": -1.0,
      "adx": 7.1429,
      "fast_indicators": {
        "RSI_3H30M": 51.735016,
        "ADX_3H30M": 7.142857,
        "CMO_3H30M": 3.470032,
        "BB_POSITION_15M": 0.68887,
        "CLOUD_POSITION_15M": 0.0,
        "CLOSE_PRICE_15M": 2259.35,
        "EMA_3H_N": 0.999891,
        "MOMENTUM_2H30M_N": -0.0,
        "EMA_CROSS_15M_N": -0.000617,
        "MACD_CROSS_15M_N": 0.000277
      },
      "slow_indicators": {
        "DFA_24H": 0.672228,
        "HURST_24H": 0.650698,
        "LYAPUNOV_24H": 1.960901,
        "RSI_24H": 43.56383,
        "MACD_N_24H": -0.002355,
        "MOMENTUM_N_24H": -0.026079,
        "ROC_24H": -2.607927,
        "BB_POS_24H": -0.581431,
        "EMA_N_24H": 1.026674,
        "EMA_N_48H": 1.027509
      }
    },
    "SOL": {
      "fast_bias": "bearish",
      "slow_bias": "bearish",
      "pattern": "CONFIRMATION_SHORT",
      "strength": 75,
      "confirmation_score": 1.0,
      "adx": 39.1645,
      "fast_indicators": {
        "RSI_3H30M": 34.401451,
        "ADX_3H30M": 39.164491,
        "CMO_3H30M": -31.197098,
        "BB_POSITION_15M": 0.119098,
        "CLOUD_POSITION_15M": -1.0,
        "CLOSE_PRICE_15M": 91.5615,
        "EMA_3H_N": 1.000756,
        "MOMENTUM_2H30M_N": -2e-05,
        "EMA_CROSS_15M_N": -0.000738,
        "MACD_CROSS_15M_N": 0.0
      },
      "slow_indicators": {
        "DFA_24H": 0.540384,
        "HURST_24H": 0.680679,
        "LYAPUNOV_24H": 1.783111,
        "RSI_24H": 45.517831,
        "MACD_N_24H": -0.003249,
        "MOMENTUM_N_24H": -0.019647,
        "ROC_24H": -1.964742,
        "BB_POS_24H": -0.453134,
        "EMA_N_24H": 1.028488,
        "EMA_N_48H": 1.030677
      }
    },
    "DOGE": {
      "fast_bias": "bearish",
      "slow_bias": "bearish",
      "pattern": "CONFIRMATION_SHORT",
      "strength": 67,
      "confirmation_score": 1.0,
      "adx": 9.9579,
      "fast_indicators": {
        "RSI_3H30M": 44.379845,
        "ADX_3H30M": 9.957924,
        "CMO_3H30M": -11.24031,
        "BB_POSITION_15M": 0.601515,
        "CLOUD_POSITION_15M": 0.0,
        "CLOSE_PRICE_15M": 0.096824,
        "EMA_3H_N": 0.999775,
        "MOMENTUM_2H30M_N": -0.0016,
        "EMA_CROSS_15M_N": -0.000289,
        "MACD_CROSS_15M_N": 0.000122
      },
      "slow_indicators": {
        "DFA_24H": 0.582461,
        "HURST_24H": 0.704968,
        "LYAPUNOV_24H": 1.851726,
        "RSI_24H": 44.920299,
        "MACD_N_24H": -0.005053,
        "MOMENTUM_N_24H": -0.025592,
        "ROC_24H": -2.5592,
        "BB_POS_24H": -0.346838,
        "EMA_N_24H": 1.032756,
        "EMA_N_48H": 1.03918
      }
    },
    "AVAX": {
      "fast_bias": "bearish",
      "slow_bias": "bearish",
      "pattern": "CONFIRMATION_SHORT",
      "strength": 75,
      "confirmation_score": 1.0,
      "adx": 0.1328,
      "fast_indicators": {
        "RSI_3H30M": 36.324168,
        "ADX_3H30M": 0.132802,
        "CMO_3H30M": -27.351664,
        "BB_POSITION_15M": 0.367649,
        "CLOUD_POSITION_15M": -1.0,
        "CLOSE_PRICE_15M": 9.8806,
        "EMA_3H_N": 1.000122,
        "MOMENTUM_2H30M_N": -0.000154,
        "EMA_CROSS_15M_N": -0.00162,
        "MACD_CROSS_15M_N": 0.000303
      },
      "slow_indicators": {
        "DFA_24H": 0.630485,
        "HURST_24H": 0.657415,
        "LYAPUNOV_24H": 2.086924,
        "RSI_24H": 40.160533,
        "MACD_N_24H": -0.003332,
        "MOMENTUM_N_24H": -0.035192,
        "ROC_24H": -3.519188,
        "BB_POS_24H": -0.766417,
        "EMA_N_24H": 1.035949,
        "EMA_N_48H": 1.039529
      }
    },
    "LINK": {
      "fast_bias": "bearish",
      "slow_bias": "bearish",
      "pattern": "CONFIRMATION_SHORT",
      "strength": 83,
      "confirmation_score": 1.0,
      "adx": 34.0562,
      "fast_indicators": {
        "RSI_3H30M": 32.175399,
        "ADX_3H30M": 34.056185,
        "CMO_3H30M": -35.649203,
        "BB_POSITION_15M": 0.22075,
        "CLOUD_POSITION_15M": -1.0,
        "CLOSE_PRICE_15M": 9.49025,
        "EMA_3H_N": 1.000681,
        "MOMENTUM_2H30M_N": -0.000334,
        "EMA_CROSS_15M_N": -0.001605,
        "MACD_CROSS_15M_N": -5.9e-05
      },
      "slow_indicators": {
        "DFA_24H": 0.622648,
        "HURST_24H": 0.672801,
        "LYAPUNOV_24H": 2.046665,
        "RSI_24H": 44.084023,
        "MACD_N_24H": -0.002802,
        "MOMENTUM_N_24H": -0.025817,
        "ROC_24H": -2.581672,
        "BB_POS_24H": -0.637554,
        "EMA_N_24H": 1.032721,
        "EMA_N_48H": 1.034233
      }
    },
    "ARB": {
      "fast_bias": "bearish",
      "slow_bias": "bearish",
      "pattern": "CONFIRMATION_SHORT",
      "strength": 75,
      "confirmation_score": 1.0,
      "adx": 18.3673,
      "fast_indicators": {
        "RSI_3H30M": 45.054945,
        "ADX_3H30M": 18.367347,
        "CMO_3H30M": -9.89011,
        "BB_POSITION_15M": 0.293452,
        "CLOUD_POSITION_15M": -1.0,
        "CLOSE_PRICE_15M": 0.10439,
        "EMA_3H_N": 1.000255,
        "MOMENTUM_2H30M_N": -0.015575,
        "EMA_CROSS_15M_N": -0.001291,
        "MACD_CROSS_15M_N": 0.000142
      },
      "slow_indicators": {
        "DFA_24H": 0.538982,
        "HURST_24H": 0.657707,
        "LYAPUNOV_24H": 1.925241,
        "RSI_24H": 44.065105,
        "MACD_N_24H": -0.003828,
        "MOMENTUM_N_24H": -0.027845,
        "ROC_24H": -2.784504,
        "BB_POS_24H": -0.567064,
        "EMA_N_24H": 1.033119,
        "EMA_N_48H": 1.037424
      }
    },
    "NEAR": {
      "fast_bias": "bearish",
      "slow_bias": "bearish",
      "pattern": "CONFIRMATION_SHORT",
      "strength": 83,
      "confirmation_score": 1.0,
      "adx": 37.3016,
      "fast_indicators": {
        "RSI_3H30M": 15.555556,
        "ADX_3H30M": 37.301587,
        "CMO_3H30M": -68.888889,
        "BB_POSITION_15M": 0.220871,
        "CLOUD_POSITION_15M": -1.0,
        "CLOSE_PRICE_15M": 1.4268,
        "EMA_3H_N": 1.000883,
        "MOMENTUM_2H30M_N": -0.000957,
        "EMA_CROSS_15M_N": -0.00117,
        "MACD_CROSS_15M_N": -0.000119
      },
      "slow_indicators": {
        "DFA_24H": 0.53833,
        "HURST_24H": 0.716617,
        "LYAPUNOV_24H": 1.803131,
        "RSI_24H": 46.739854,
        "MACD_N_24H": -0.001479,
        "MOMENTUM_N_24H": -0.013551,
        "ROC_24H": -1.355088,
        "BB_POS_24H": -0.254249,
        "EMA_N_24H": 1.016309,
        "EMA_N_48H": 1.016809
      }
    },
    "SUI": {
      "fast_bias": "bullish",
      "slow_bias": "bearish",
      "pattern": "TRAP_LONG",
      "strength": 67,
      "confirmation_score": -1.0,
      "adx": 11.4754,
      "fast_indicators": {
        "RSI_3H30M": 56.481481,
        "ADX_3H30M": 11.47541,
        "CMO_3H30M": 12.962963,
        "BB_POSITION_15M": 0.734762,
        "CLOUD_POSITION_15M": 1.0,
        "CLOSE_PRICE_15M": 1.00345,
        "EMA_3H_N": 0.99939,
        "MOMENTUM_2H30M_N": 0.000248,