{
  "timestamp": "2026-03-18T08:04:51.437441+00:00",
  "coins": {
    "BTC": {
      "fast_bias": "bullish",
      "slow_bias": "neutral",
      "pattern": "NEUTRAL",
      "strength": 67,
      "confirmation_score": 0.0,
      "adx": 63.4043,
      "fast_indicators": {
        "RSI_3H30M": 71.836735,
        "ADX_3H30M": 63.404255,
        "CMO_3H30M": 43.673469,
        "BB_POSITION_15M": 0.818238,
        "CLOUD_POSITION_15M": 1.0,
        "CLOSE_PRICE_15M": 73904.5,
        "EMA_3H_N": 0.999413,
        "MOMENTUM_2H30M_N": 0.0,
        "EMA_CROSS_15M_N": 0.000417,
        "MACD_CROSS_15M_N": 0.000145
      },
      "slow_indicators": {
        "DFA_24H": 0.541218,
        "HURST_24H": 0.705299,
        "LYAPUNOV_24H": 1.829391,
        "RSI_24H": 47.954213,
        "MACD_N_24H": -0.000235,
        "MOMENTUM_N_24H": -0.006773,
        "ROC_24H": -0.677342,
        "BB_POS_24H": 0.310032,
        "EMA_N_24H": 1.003182,
        "EMA_N_48H": 1.002911
      }
    },
    "ETH": {
      "fast_bias": "bullish",
      "slow_bias": "neutral",
      "pattern": "NEUTRAL",
      "strength": 67,
      "confirmation_score": 0.0,
      "adx": 53.2468,
      "fast_indicators": {
        "RSI_3H30M": 75.0,
        "ADX_3H30M": 53.246753,
        "CMO_3H30M": 50.0,
        "BB_POSITION_15M": 0.92525,
        "CLOUD_POSITION_15M": 1.0,
        "CLOSE_PRICE_15M": 2319.65,
        "EMA_3H_N": 0.999094,
        "MOMENTUM_2H30M_N": 0.0,
        "EMA_CROSS_15M_N": 0.000407,
        "MACD_CROSS_15M_N": 0.00018
      },
      "slow_indicators": {
        "DFA_24H": 0.578455,
        "HURST_24H": 0.662144,
        "LYAPUNOV_24H": 1.813557,
        "RSI_24H": 48.766465,
        "MACD_N_24H": 0.000688,
        "MOMENTUM_N_24H": -0.005061,
        "ROC_24H": -0.506123,
        "BB_POS_24H": 0.319358,
        "EMA_N_24H": 1.001971,
        "EMA_N_48H": 0.999248
      }
    },
    "SOL": {
      "fast_bias": "bullish",
      "slow_bias": "neutral",
      "pattern": "NEUTRAL",
      "strength": 67,
      "confirmation_score": 0.0,
      "adx": 54.4503,
      "fast_indicators": {
        "RSI_3H30M": 59.830097,
        "ADX_3H30M": 54.450262,
        "CMO_3H30M": 19.660194,
        "BB_POSITION_15M": 0.92979,
        "CLOUD_POSITION_15M": 1.0,
        "CLOSE_PRICE_15M": 94.0405,
        "EMA_3H_N": 0.999244,
        "MOMENTUM_2H30M_N": 1.3e-05,
        "EMA_CROSS_15M_N": 0.000196,
        "MACD_CROSS_15M_N": 0.000175
      },
      "slow_indicators": {
        "DFA_24H": 0.504801,
        "HURST_24H": 0.703816,
        "LYAPUNOV_24H": 1.733976,
        "RSI_24H": 48.32481,
        "MACD_N_24H": -0.00016,
        "MOMENTUM_N_24H": -0.007399,
        "ROC_24H": -0.739908,
        "BB_POS_24H": 0.334918,
        "EMA_N_24H": 1.004509,
        "EMA_N_48H": 1.003863
      }
    },
    "DOGE": {
      "fast_bias": "bullish",
      "slow_bias": "neutral",
      "pattern": "NEUTRAL",
      "strength": 67,
      "confirmation_score": 0.0,
      "adx": 77.6493,
      "fast_indicators": {
        "RSI_3H30M": 82.395644,
        "ADX_3H30M": 77.649326,
        "CMO_3H30M": 64.791289,
        "BB_POSITION_15M": 1.07836,
        "CLOUD_POSITION_15M": 1.0,
        "CLOSE_PRICE_15M": 0.099733,
        "EMA_3H_N": 0.998075,
        "MOMENTUM_2H30M_N": 0.027724,
        "EMA_CROSS_15M_N": 0.000662,
        "MACD_CROSS_15M_N": 0.000402
      },
      "slow_indicators": {
        "DFA_24H": 0.541483,
        "HURST_24H": 0.80792,
        "LYAPUNOV_24H": 1.792517,
        "RSI_24H": 47.991904,
        "MACD_N_24H": -0.001133,
        "MOMENTUM_N_24H": -0.010045,
        "ROC_24H": -1.004516,
        "BB_POS_24H": 0.297828,
        "EMA_N_24H": 1.0075,
        "EMA_N_48H": 1.010978
      }
    },
    "AVAX": {
      "fast_bias": "bullish",
      "slow_bias": "neutral",
      "pattern": "NEUTRAL",
      "strength": 67,
      "confirmation_score": 0.0,
      "adx": 75.8621,
      "fast_indicators": {
        "RSI_3H30M": 75.903614,
        "ADX_3H30M": 75.862069,
        "CMO_3H30M": 51.807229,
        "BB_POSITION_15M": 0.940523,
        "CLOUD_POSITION_15M": 1.0,
        "CLOSE_PRICE_15M": 10.2635,
        "EMA_3H_N": 0.999073,
        "MOMENTUM_2H30M_N": 0.000133,
        "EMA_CROSS_15M_N": 0.000575,
        "MACD_CROSS_15M_N": 0.000203
      },
      "slow_indicators": {
        "DFA_24H": 0.523901,
        "HURST_24H": 0.722449,
        "LYAPUNOV_24H": 1.882237,
        "RSI_24H": 47.672994,
        "MACD_N_24H": -0.000638,
        "MOMENTUM_N_24H": -0.00735,
        "ROC_24H": -0.735045,
        "BB_POS_24H": 0.495246,
        "EMA_N_24H": 1.000492,
        "EMA_N_48H": 1.002372
      }
    },
    "LINK": {
      "fast_bias": "bullish",
      "slow_bias": "neutral",
      "pattern": "NEUTRAL",
      "strength": 83,
      "confirmation_score": 0.0,
      "adx": 79.7586,
      "fast_indicators": {
        "RSI_3H30M": 87.606838,
        "ADX_3H30M": 79.758589,
        "CMO_3H30M": 75.213675,
        "BB_POSITION_15M": 1.011958,
        "CLOUD_POSITION_15M": 1.0,
        "CLOSE_PRICE_15M": 9.83385,
        "EMA_3H_N": 0.99834,
        "MOMENTUM_2H30M_N": 0.000229,
        "EMA_CROSS_15M_N": 0.000897,
        "MACD_CROSS_15M_N": 0.000299
      },
      "slow_indicators": {
        "DFA_24H": 0.555821,
        "HURST_24H": 0.717948,
        "LYAPUNOV_24H": 1.991451,
        "RSI_24H": 50.549834,
        "MACD_N_24H": 0.000601,
        "MOMENTUM_N_24H": 0.002247,
        "ROC_24H": 0.224729,
        "BB_POS_24H": 0.577304,
        "EMA_N_24H": 0.99918,
        "EMA_N_48H": 0.997759
      }
    },
    "ARB": {
      "fast_bias": "bullish",
      "slow_bias": "neutral",
      "pattern": "NEUTRAL",
      "strength": 67,
      "confirmation_score": 0.0,
      "adx": 82.0896,
      "fast_indicators": {
        "RSI_3H30M": 96.153846,
        "ADX_3H30M": 82.089552,
        "CMO_3H30M": 92.307692,
        "BB_POSITION_15M": 0.937921,
        "CLOUD_POSITION_15M": 1.0,
        "CLOSE_PRICE_15M": 0.10814,
        "EMA_3H_N": 0.9982,
        "MOMENTUM_2H30M_N": 0.024865,
        "EMA_CROSS_15M_N": 0.001142,
        "MACD_CROSS_15M_N": 0.000384
      },
      "slow_indicators": {
        "DFA_24H": 0.581226,
        "HURST_24H": 0.723434,
        "LYAPUNOV_24H": 1.984162,
        "RSI_24H": 48.673684,
        "MACD_N_24H": -0.000651,
        "MOMENTUM_N_24H": -0.005792,
        "ROC_24H": -0.579204,
        "BB_POS_24H": 0.495448,
        "EMA_N_24H": 1.001029,
        "EMA_N_48H": 1.002908
      }
    },
    "NEAR": {
      "fast_bias": "bullish",
      "slow_bias": "neutral",
      "pattern": "NEUTRAL",
      "strength": 75,
      "confirmation_score": 0.0,
      "adx": 76.9634,
      "fast_indicators": {
        "RSI_3H30M": 90.526316,
        "ADX_3H30M": 76.963351,
        "CMO_3H30M": 81.052632,
        "BB_POSITION_15M": 1.157912,
        "CLOUD_POSITION_15M": 1.0,
        "CLOSE_PRICE_15M": 1.44435,
        "EMA_3H_N": 0.997101,
        "MOMENTUM_2H30M_N": 0.002888,
        "EMA_CROSS_15M_N": 0.000984,
        "MACD_CROSS_15M_N": 0.000434
      },
      "slow_indicators": {
        "DFA_24H": 0.461376,
        "HURST_24H": 0.776257,
        "LYAPUNOV_24H": 1.826991,
        "RSI_24H": 46.625377,
        "MACD_N_24H": 0.000386,
        "MOMENTUM_N_24H": -0.014499,
        "ROC_24H": -1.449918,
        "BB_POS_24H": 0.173942,
        "EMA_N_24H": 1.004695,
        "EMA_N_48H": 1.000823
      }
    },
    "SUI": {
      "fast_bias": "bullish",
      "slow_bias": "neutral",
      "pattern": "NEUTRAL",
      "strength": 67,
      "confirmation_score": 0.0,
      "adx": 92.2078,
      "fast_indicators": {
        "RSI_3H30M": 87.878788,
        "ADX_3H30M": 92.207792,
        "CMO_3H30M": 75.757576,
        "BB_POSITION_15M": 0.918577,
        "CLOUD_POSITION_15M": 1.0,
        "CLOSE_PRICE_15M": 1.02995,
        "EMA_3H_N": 0.998145,
        "MOMENTUM_2H30M_N": 0.002836,
        "EMA_CROSS_15M_N": 0.001096,
        "MACD_CROSS_15M_N": 0.000487
      },
      "slow_indicators": {
        "DFA_24H": 0.525986,