{
  "funding_history": {
    "PUMP": {
      "hours": 500,
      "avg_hr": 7.65e-06,
      "ann_pct": 6.7,
      "pos_pct": 84.4
    },
    "PAXG": {
      "hours": 500,
      "avg_hr": -2.47e-06,
      "ann_pct": -2.17,
      "pos_pct": 66.4
    },
    "FARTCOIN": {
      "hours": 500,
      "avg_hr": 9.53e-06,
      "ann_pct": 8.34,
      "pos_pct": 90.4
    },
    "LTC": {
      "hours": 500,
      "avg_hr": -6.57e-06,
      "ann_pct": -5.76,
      "pos_pct": 29.0
    },
    "DOT": {
      "hours": 500,
      "avg_hr": -2.548e-05,
      "ann_pct": -22.32,
      "pos_pct": 31.8
    },
    "HYPE": {
      "hours": 500,
      "avg_hr": 4.17e-06,
      "ann_pct": 3.65,
      "pos_pct": 75.0
    },
    "SOL": {
      "hours": 500,
      "avg_hr": -8.78e-06,
      "ann_pct": -7.69,
      "pos_pct": 28.0
    },
    "SEI": {
      "hours": 500,
      "avg_hr": -4.36e-05,
      "ann_pct": -38.19,
      "pos_pct": 24.2
    }
  },
  "open_interest": {
    "SOL": {
      "oi_coins": 3525389.96,
      "oi_usd": 313456523,
      "mark": 88.914,
      "vol24h": 181323148
    },
    "LTC": {
      "oi_coins": 238718.02,
      "oi_usd": 13244076,
      "mark": 55.48,
      "vol24h": 1404830
    },
    "SEI": {
      "oi_coins": 40618234.0,
      "oi_usd": 2576211,
      "mark": 0.063425,
      "vol24h": 1032524
    },
    "DOT": {
      "oi_coins": 5540222.4,
      "oi_usd": 8407287,
      "mark": 1.5175,
      "vol24h": 1485542
    },
    "HYPE": {
      "oi_coins": 20850174.98,
      "oi_usd": 823123208,
      "mark": 39.478,
      "vol24h": 326126861
    },
    "FARTCOIN": {
      "oi_coins": 219767809.0,
      "oi_usd": 43738189,
      "mark": 0.19902,
      "vol24h": 34235451
    },
    "PAXG": {
      "oi_coins": 11610.45,
      "oi_usd": 53341890,
      "mark": 4594.3,
      "vol24h": 19595712
    },
    "PUMP": {
      "oi_coins": 17626936494.0,
      "oi_usd": 32962371,
      "mark": 0.00187,
      "vol24h": 7438484
    }
  },
  "pnl_by_hour": {
    "1": {
      "n": 4,
      "pnl": 3.0700000000000003,
      "wins": 4
    },
    "2": {
      "n": 2,
      "pnl": -0.03,
      "wins": 1
    },
    "3": {
      "n": 2,
      "pnl": -0.44,
      "wins": 0
    },
    "4": {
      "n": 2,
      "pnl": 0.06,
      "wins": 1
    },
    "5": {
      "n": 3,
      "pnl": -0.009999999999999998,
      "wins": 1
    },
    "6": {
      "n": 6,
      "pnl": -0.28,
      "wins": 2
    },
    "7": {
      "n": 3,
      "pnl": 0.28,
      "wins": 3
    },
    "8": {
      "n": 8,
      "pnl": -0.9399999999999998,
      "wins": 5
    },
    "9": {
      "n": 3,
      "pnl": 0.15000000000000002,
      "wins": 1
    },
    "10": {
      "n": 2,
      "pnl": 0.030000000000000002,
      "wins": 1
    },
    "12": {
      "n": 5,
      "pnl": 1.8298999999999999,
      "wins": 3
    },
    "13": {
      "n": 4,
      "pnl": 0.24,
      "wins": 1
    },
    "15": {
      "n": 1,
      "pnl": -0.08,
      "wins": 0
    },
    "18": {
      "n": 12,
      "pnl": -0.19,
      "wins": 5
    },
    "19": {
      "n": 3,
      "pnl": -0.009999999999999998,
      "wins": 1
    },
    "20": {
      "n": 8,
      "pnl": -1.03,
      "wins": 1
    }
  },
  "pnl_by_signal": {
    "SOCIAL_INFLUENCER_BULL_LONG": {
      "n": 1,
      "pnl": -1.13,
      "wins": 0,
      "wr": 0.0,
      "avg_sharpe": null
    },
    "WEIGHTED_BEAR_SOCIAL_SHORT": {
      "n": 2,
      "pnl": -0.8,
      "wins": 0,
      "wr": 0.0,
      "avg_sharpe": 2.84
    },
    "RSI_OVERBOUGHT_XONE_NEGATIVE_SHORT": {
      "n": 1,
      "pnl": -0.43,
      "wins": 0,
      "wr": 0.0,
      "avg_sharpe": 2.53
    },
    "ARCH_CHAOS_REGIME_CONVERGENCE": {
      "n": 6,
      "pnl": -0.39,
      "wins": 0,
      "wr": 0.0,
      "avg_sharpe": null
    },
    "ARCH_SOCIAL": {
      "n": 1,
      "pnl": -0.26,
      "wins": 0,
      "wr": 0.0,
      "avg_sharpe": null
    },
    "WEIGHTED_DOJI_BEAR": {
      "n": 1,
      "pnl": -0.23,
      "wins": 0,
      "wr": 0.0,
      "avg_sharpe": null
    },
    "BB_TOP_SHORT": {
      "n": 1,
      "pnl": -0.21,
      "wins": 0,
      "wr": 0.0,
      "avg_sharpe": null
    },
    "DOJI_RSI_DEEP_OVERSOLD_LONG": {
      "n": 1,
      "pnl": -0.13,
      "wins": 0,
      "wr": 0.0,
      "avg_sharpe": null
    },
    "INFLUENCER_CROWD_BULL_LONG": {
      "n": 1,
      "pnl": -0.09,
      "wins": 0,
      "wr": 0.0,
      "avg_sharpe": null
    },
    "WEIGHTED_REVERSAL_LONG_R2": {
      "n": 1,
      "pnl": -0.09,
      "wins": 0,
      "wr": 0.0,
      "avg_sharpe": null
    },
    "ICHIMOKU_BEARISH_DOJI_SHORT": {
      "n": 1,
      "pnl": -0.08,
      "wins": 0,
      "wr": 0.0,
      "avg_sharpe": null
    },
    "CHAOS_STABLE_TREND_LONG": {
      "n": 2,
      "pnl": -0.04,
      "wins": 0,
      "wr": 0.0,
      "avg_sharpe": null
    },
    "RSI_ROC_OVERBOUGHT_HURST_LOW_SHORT": {
      "n": 1,
      "pnl": -0.04,
      "wins": 0,
      "wr": 0.0,
      "avg_sharpe": null
    },
    "SOCIAL_MOMENTUM_LONG": {
      "n": 1,
      "pnl": -0.03,
      "wins": 0,
      "wr": 0.0,
      "avg_sharpe": null
    },
    "DOJI_SIGNAL_SHORT_OVERBOUGHT": {
      "n": 1,
      "pnl": -0.03,
      "wins": 0,
      "wr": 0.0,
      "avg_sharpe": null
    },
    "DOJI_REVERSAL_LONG": {
      "n": 1,
      "pnl": -0.03,
      "wins": 0,
      "wr": 0.0,
      "avg_sharpe": null
    },
    "CMO_OVERBOUGHT_SHORT": {
      "n": 1,
      "pnl": -0.03,
      "wins": 0,
      "wr": 0.0,
      "avg_sharpe": null
    },
    "WEIGHTED_MULTITF_BEAR_24H_SHORT": {
      "n": 1,
      "pnl": -0.02,
      "wins": 0,
      "wr": 0.0,
      "avg_sharpe": null
    },
    "TENKAN_BEAR_TIGHT_BB_DFA": {
      "n": 1,
      "pnl": -0.02,
      "wins": 0,
      "wr": 0.0,
      "avg_sharpe": null
    },
    "XONE_AU_DIV_CONTRARIAN_LONG_C2": {
      "n": 1,
      "pnl": -0.01,
      "wins": 0,
      "wr": 0.0,
      "avg_sharpe": null
    },
    "HURST_PERSISTENT_TREND_LONG": {
      "n": 1,
      "pnl": -0.01,
      "wins": 0,
      "wr": 0.0,
      "avg_sharpe": null
    },
    "WEIGHTED_TREND_DOWN_SHORT": {
      "n": 1,
      "pnl": -0.01,
      "wins": 0,
      "wr": 0.0,
      "avg_sharpe": null
    },
    "SCORING_TREND_SHORT_REFINED": {
      "n": 1,
      "pnl": -0.01,
      "wins": 0,
      "wr": 0.0,
      "avg_sharpe": null
    },
    "RSI_OB_DFA_MOM_SHORT": {
      "n": 1,
      "pnl": -0.01,
      "wins": 0,
      "wr": 0.0,
      "avg_sharpe": null
    },
    "SENKOU_CLOUD_BEAR_ADX": {
      "n": 1,
      "pnl": -0.01,
      "wins": 0,
      "wr": 0.0,
      "avg_sharpe": null
    },
    "CMO_BB_LYAPUNOV_SHORT": {
      "n": 1,
      "pnl": 0.0,
      "wins": 0,
      "wr": 0.0,
      "avg_sharpe": null
    },
    "DOJI_REVERSAL_SHORT": {
      "n": 1,
      "pnl": 0.01,
      "wins": 1,
      "wr": 100.0,
      "avg_sharpe": null
    },
    "HURST_PERSIST_SHORT_BREAKDOWN": {
      "n": 1,
      "pnl": 0.01,
      "wins": 1,
      "wr": 100.0,
      "avg_sharpe": null
    },
    "WEIGHTED_TREND_FOLLOW_SHORT": {
      "n": 1,
      "pnl": 0.02,
      "wins": 1,
      "wr": 100.0,
      "avg_sharpe": null
    },
    "HURST_BB_MOM_LONG": {
      "n": 1,
      "pnl": 0.02,
      "wins": 1,
      "wr": 100.0,
      "avg_sharpe": null
    },
    "EMA_CROSS_ADX_SHORT": {
      "n": 1,
      "pnl": 0.02,
      "wins": 1,
      "wr": 100.0,
      "avg_sharpe": null
    },
    "DOJI_L": {
      "n": 1,
      "pnl": 0.02,
      "wins": 1,
      "wr": 100.0,
      "avg_sharpe": null
    },
    "BB_OVERSOLD_LYAP_LONG": {
      "n": 1,
      "pnl": 0.05,
      "wins": 1,
      "wr": 100.0,
      "avg_sharpe": null
    },
    "DOJI_SIGNAL_SIMPLE_LONG": {
      "n": 1,
      "pnl": 0.07,
      "wins": 1,
      "wr": 100.0,
      "avg_sharpe": null
    },
    "DOJI": {
      "n": 2,
      "pnl": 0.07,
      "wins": 1,
      "wr": 50.0,
      "avg_sharpe": null
    },
    "BB_UPPER_REVERSION_SHORT": {
      "n": 1,
      "pnl": 0.08,
      "wins": 1,
      "wr": 100.0,
      "avg_sharpe": null
    },