{
  "capital": 8710.050028203117,
  "started": "2026-03-16T18:22:43.099450+00:00",
  "trades": 73,
  "wins": 48,
  "losses": 25,
  "total_pnl": 42.7,
  "win_rate": 65.8
}